Round,Selected Prices,Buyer Valuations,Purchases,Rewards,Revenue,Remaining Inventory
1,"{0: 0.2, 1: 0.4, 2: 0.4, 3: 0.2, 4: 0.3, 5: 0.3, 6: 0.2, 7: 0.5, 8: 0.2, 9: 0.6}","{0: 0.3745401188473625, 1: 0.9507143064099162, 2: 0.7319939418114051, 3: 0.5986584841970366, 4: 0.15601864044243652, 5: 0.15599452033620265, 6: 0.05808361216819946, 7: 0.8661761457749352, 8: 0.6011150117432088, 9: 0.7080725777960455}","{0: True, 1: True, 2: True, 3: True, 4: False, 5: False, 6: False, 7: True, 8: True, 9: True}","{0: 0.2, 1: 0.4, 2: 0.4, 3: 0.2, 4: 0.0, 5: 0.0, 6: 0.0, 7: 0.5, 8: 0.2, 9: 0.6}",2.5,493
2,"{0: 0.5, 1: 0.4, 2: 0.6, 3: 0.6, 4: 0.6, 5: 0.6, 6: 0.3, 7: 0.5, 8: 0.6, 9: 0.5}","{0: 0.020584494295802447, 1: 0.9699098521619943, 2: 0.8324426408004217, 3: 0.21233911067827616, 4: 0.18182496720710062, 5: 0.18340450985343382, 6: 0.3042422429595377, 7: 0.5247564316322378, 8: 0.43194501864211576, 9: 0.2912291401980419}","{0: False, 1: True, 2: True, 3: False, 4: False, 5: False, 6: True, 7: True, 8: False, 9: False}","{0: 0.0, 1: 0.4, 2: 0.6, 3: 0.0, 4: 0.0, 5: 0.0, 6: 0.3, 7: 0.5, 8: 0.0, 9: 0.0}",1.8,489
3,"{0: 0.6, 1: 0.2, 2: 0.3, 3: 0.6, 4: 0.4, 5: 0.6, 6: 0.6, 7: 0.5, 8: 0.2, 9: 0.3}","{0: 0.6118528947223795, 1: 0.13949386065204183, 2: 0.29214464853521815, 3: 0.3663618432936917, 4: 0.45606998421703593, 5: 0.7851759613930136, 6: 0.19967378215835974, 7: 0.5142344384136116, 8: 0.5924145688620425, 9: 0.046450412719997725}","{0: True, 1: False, 2: False, 3: False, 4: True, 5: True, 6: False, 7: True, 8: True, 9: False}","{0: 0.6, 1: 0.0, 2: 0.0, 3: 0.0, 4: 0.4, 5: 0.6, 6: 0.0, 7: 0.5, 8: 0.2, 9: 0.0}",2.3,484
4,"{0: 0.2, 1: 0.2, 2: 0.5, 3: 0.4, 4: 0.3, 5: 0.2, 6: 0.4, 7: 0.6, 8: 0.4, 9: 0.5}","{0: 0.6075448519014384, 1: 0.17052412368729153, 2: 0.06505159298527952, 3: 0.9488855372533332, 4: 0.9656320330745594, 5: 0.8083973481164611, 6: 0.3046137691733707, 7: 0.09767211400638387, 8: 0.6842330265121569, 9: 0.4401524937396013}","{0: True, 1: False, 2: False, 3: True, 4: True, 5: True, 6: False, 7: False, 8: True, 9: False}","{0: 0.2, 1: 0.0, 2: 0.0, 3: 0.4, 4: 0.3, 5: 0.2, 6: 0.0, 7: 0.0, 8: 0.4, 9: 0.0}",1.5,479
5,"{0: 0.6, 1: 0.2, 2: 0.3, 3: 0.2, 4: 0.6, 5: 0.2, 6: 0.6, 7: 0.6, 8: 0.5, 9: 0.6}","{0: 0.12203823484477883, 1: 0.4951769101112702, 2: 0.034388521115218396, 3: 0.9093204020787821, 4: 0.2587799816000169, 5: 0.662522284353982, 6: 0.31171107608941095, 7: 0.5200680211778108, 8: 0.5467102793432796, 9: 0.18485445552552704}","{0: False, 1: True, 2: False, 3: True, 4: False, 5: True, 6: False, 7: False, 8: True, 9: False}","{0: 0.0, 1: 0.2, 2: 0.0, 3: 0.2, 4: 0.0, 5: 0.2, 6: 0.0, 7: 0.0, 8: 0.5, 9: 0.0}",1.1,475
6,"{0: 0.4, 1: 0.4, 2: 0.5, 3: 0.6, 4: 0.4, 5: 0.6, 6: 0.2, 7: 0.2, 8: 0.3, 9: 0.5}","{0: 0.9695846277645586, 1: 0.7751328233611146, 2: 0.9394989415641891, 3: 0.8948273504276488, 4: 0.5978999788110851, 5: 0.9218742350231168, 6: 0.0884925020519195, 7: 0.1959828624191452, 8: 0.045227288910538066, 9: 0.32533033076326434}","{0: True, 1: True, 2: True, 3: True, 4: True, 5: True, 6: False, 7: False, 8: False, 9: False}","{0: 0.4, 1: 0.4, 2: 0.5, 3: 0.6, 4: 0.4, 5: 0.6, 6: 0.0, 7: 0.0, 8: 0.0, 9: 0.0}",2.9,469
7,"{0: 0.3, 1: 0.2, 2: 0.5, 3: 0.2, 4: 0.5, 5: 0.2, 6: 0.2, 7: 0.6, 8: 0.3, 9: 0.2}","{0: 0.388677289689482, 1: 0.2713490317738959, 2: 0.8287375091519293, 3: 0.3567533266935893, 4: 0.28093450968738076, 5: 0.5426960831582485, 6: 0.14092422497476265, 7: 0.8021969807540397, 8: 0.07455064367977082, 9: 0.9868869366005173}","{0: True, 1: True, 2: True, 3: True, 4: False, 5: True, 6: False, 7: True, 8: False, 9: True}","{0: 0.3, 1: 0.2, 2: 0.5, 3: 0.2, 4: 0.0, 5: 0.2, 6: 0.0, 7: 0.6, 8: 0.0, 9: 0.2}",2.2,462
8,"{0: 0.6, 1: 0.5, 2: 0.4, 3: 0.2, 4: 0.4, 5: 0.5, 6: 0.2, 7: 0.6, 8: 0.3, 9: 0.5}","{0: 0.7722447692966574, 1: 0.1987156815341724, 2: 0.005522117123602399, 3: 0.8154614284548342, 4: 0.7068573438476171, 5: 0.7290071680409873, 6: 0.7712703466859457, 7: 0.07404465173409036, 8: 0.3584657285442726, 9: 0.11586905952512971}","{0: True, 1: False, 2: False, 3: True, 4: True, 5: True, 6: True, 7: False, 8: True, 9: False}","{0: 0.6, 1: 0.0, 2: 0.0, 3: 0.2, 4: 0.4, 5: 0.5, 6: 0.2, 7: 0.0, 8: 0.3, 9: 0.0}",2.2,456
9,"{0: 0.2, 1: 0.6, 2: 0.4, 3: 0.2, 4: 0.4, 5: 0.2, 6: 0.3, 7: 0.6, 8: 0.4, 9: 0.3}","{0: 0.8631034258755935, 1: 0.6232981268275579, 2: 0.3308980248526492, 3: 0.06355835028602363, 4: 0.3109823217156622, 5: 0.32518332202674705, 6: 0.7296061783380641, 7: 0.6375574713552131, 8: 0.8872127425763265, 9: 0.4722149251619493}","{0: True, 1: True, 2: False, 3: False, 4: False, 5: True, 6: True, 7: True, 8: True, 9: True}","{0: 0.2, 1: 0.6, 2: 0.0, 3: 0.0, 4: 0.0, 5: 0.2, 6: 0.3, 7: 0.6, 8: 0.4, 9: 0.3}",2.6,449
10,"{0: 0.4, 1: 0.6, 2: 0.6, 3: 0.3, 4: 0.3, 5: 0.3, 6: 0.3, 7: 0.4, 8: 0.4, 9: 0.3}","{0: 0.1195942459383017, 1: 0.713244787222995, 2: 0.7607850486168974, 3: 0.5612771975694962, 4: 0.770967179954561, 5: 0.49379559636439074, 6: 0.5227328293819941, 7: 0.42754101835854963, 8: 0.02541912674409519, 9: 0.10789142699330445}","{0: False, 1: True, 2: True, 3: True, 4: True, 5: True, 6: True, 7: True, 8: False, 9: False}","{0: 0.0, 1: 0.6, 2: 0.6, 3: 0.3, 4: 0.3, 5: 0.3, 6: 0.3, 7: 0.4, 8: 0.0, 9: 0.0}",2.8,442
11,"{0: 0.2, 1: 0.6, 2: 0.5, 3: 0.5, 4: 0.2, 5: 0.2, 6: 0.5, 7: 0.6, 8: 0.6, 9: 0.3}","{0: 0.03142918568673425, 1: 0.6364104112637804, 2: 0.3143559810763267, 3: 0.5085706911647028, 4: 0.907566473926093, 5: 0.24929222914887494, 6: 0.41038292303562973, 7: 0.7555511385430487, 8: 0.22879816549162246, 9: 0.07697990982879299}","{0: False, 1: True, 2: False, 3: True, 4: True, 5: True, 6: False, 7: True, 8: False, 9: False}","{0: 0.0, 1: 0.6, 2: 0.0, 3: 0.5, 4: 0.2, 5: 0.2, 6: 0.0, 7: 0.6, 8: 0.0, 9: 0.0}",2.1,437
12,"{0: 0.6, 1: 0.6, 2: 0.4, 3: 0.6, 4: 0.6, 5: 0.3, 6: 0.3, 7: 0.5, 8: 0.3, 9: 0.6}","{0: 0.289751452913768, 1: 0.16122128725400442, 2: 0.9296976523425731, 3: 0.808120379564417, 4: 0.6334037565104235, 5: 0.8714605901877177, 6: 0.8036720768991145, 7: 0.18657005888603584, 8: 0.8925589984899778, 9: 0.5393422419156507}","{0: False, 1: False, 2: True, 3: True, 4: True, 5: True, 6: True, 7: False, 8: True, 9: False}","{0: 0.0, 1: 0.0, 2: 0.4, 3: 0.6, 4: 0.6, 5: 0.3, 6: 0.3, 7: 0.0, 8: 0.3, 9: 0.0}",2.5,431
13,"{0: 0.2, 1: 0.3, 2: 0.4, 3: 0.3, 4: 0.2, 5: 0.3, 6: 0.2, 7: 0.2, 8: 0.3, 9: 0.2}","{0: 0.8074401551640625, 1: 0.8960912999234932, 2: 0.3180034749718639, 3: 0.11005192452767676, 4: 0.22793516254194168, 5: 0.4271077886262563, 6: 0.8180147659224931, 7: 0.8607305832563434, 8: 0.006952130531190703, 9: 0.5107473025775657}","{0: True, 1: True, 2: False, 3: False, 4: True, 5: True, 6: True, 7: True, 8: False, 9: True}","{0: 0.2, 1: 0.3, 2: 0.0, 3: 0.0, 4: 0.2, 5: 0.3, 6: 0.2, 7: 0.2, 8: 0.0, 9: 0.2}",1.6,424
14,"{0: 0.2, 1: 0.5, 2: 0.2, 3: 0.2, 4: 0.5, 5: 0.5, 6: 0.4, 7: 0.2, 8: 0.2, 9: 0.5}","{0: 0.417411003148779, 1: 0.22210781047073025, 2: 0.1198653673336828, 3: 0.33761517140362796, 4: 0.9429097039125192, 5: 0.32320293202075523, 6: 0.5187906217433661, 7: 0.7030189588951778, 8: 0.363629602379294, 9: 0.9717820827209607}","{0: True, 1: False, 2: False, 3: True, 4: True, 5: False, 6: True, 7: True, 8: True, 9: True}","{0: 0.2, 1: 0.0, 2: 0.0, 3: 0.2, 4: 0.5, 5: 0.0, 6: 0.4, 7: 0.2, 8: 0.2, 9: 0.5}",2.2,417
15,"{0: 0.2, 1: 0.3, 2: 0.4, 3: 0.5, 4: 0.4, 5: 0.2, 6: 0.3, 7: 0.3, 8: 0.6, 9: 0.4}","{0: 0.9624472949421112, 1: 0.25178229582536416, 2: 0.49724850589238545, 3: 0.30087830981676966, 4: 0.2848404943774676, 5: 0.036886947354532795, 6: 0.6095643339798968, 7: 0.5026790232288615, 8: 0.05147875124998935, 9: 0.27864646423661144}","{0: True, 1: False, 2: True, 3: False, 4: False, 5: False, 6: True, 7: True, 8: False, 9: False}","{0: 0.2, 1: 0.0, 2: 0.4, 3: 0.0, 4: 0.0, 5: 0.0, 6: 0.3, 7: 0.3, 8: 0.0, 9: 0.0}",1.2,413
16,"{0: 0.5, 1: 0.3, 2: 0.2, 3: 0.3, 4: 0.2, 5: 0.3, 6: 0.2, 7: 0.2, 8: 0.4, 9: 0.5}","{0: 0.9082658859666537, 1: 0.23956189066697242, 2: 0.1448948720912231, 3: 0.489452760277563, 4: 0.9856504541106007, 5: 0.2420552715115004, 6: 0.6721355474058786, 7: 0.7616196153287176, 8: 0.23763754399239967, 9: 0.7282163486118596}","{0: True, 1: False, 2: False, 3: True, 4: True, 5: False, 6: True, 7: True, 8: False, 9: True}","{0: 0.5, 1: 0.0, 2: 0.0, 3: 0.3, 4: 0.2, 5: 0.0, 6: 0.2, 7: 0.2, 8: 0.0, 9: 0.5}",1.9,407
17,"{0: 0.5, 1: 0.3, 2: 0.4, 3: 0.6, 4: 0.5, 5: 0.4, 6: 0.5, 7: 0.2, 8: 0.2, 9: 0.3}","{0: 0.3677831327192532, 1: 0.6323058305935795, 2: 0.6335297107608947, 3: 0.5357746840747585, 4: 0.0902897700544083, 5: 0.835302495589238, 6: 0.32078006497173583, 7: 0.18651851039985423, 8: 0.040775141554763916, 9: 0.5908929431882418}","{0: False, 1: True, 2: True, 3: False, 4: False, 5: True, 6: False, 7: False, 8: False, 9: True}","{0: 0.0, 1: 0.3, 2: 0.4, 3: 0.0, 4: 0.0, 5: 0.4, 6: 0.0, 7: 0.0, 8: 0.0, 9: 0.3}",1.4,403
18,"{0: 0.2, 1: 0.6, 2: 0.3, 3: 0.4, 4: 0.3, 5: 0.2, 6: 0.4, 7: 0.2, 8: 0.5, 9: 0.5}","{0: 0.6775643618422824, 1: 0.016587828927856152, 2: 0.512093058299281, 3: 0.22649577519793795, 4: 0.6451727904094499, 5: 0.17436642900499144, 6: 0.690937738102466, 7: 0.3867353463005374, 8: 0.9367299887367345, 9: 0.13752094414599325}","{0: True, 1: False, 2: True, 3: False, 4: True, 5: False, 6: True, 7: True, 8: True, 9: False}","{0: 0.2, 1: 0.0, 2: 0.3, 3: 0.0, 4: 0.3, 5: 0.0, 6: 0.4, 7: 0.2, 8: 0.5, 9: 0.0}",1.9,397
19,"{0: 0.2, 1: 0.2, 2: 0.6, 3: 0.4, 4: 0.2, 5: 0.3, 6: 0.4, 7: 0.4, 8: 0.4, 9: 0.4}","{0: 0.3410663510502585, 1: 0.11347352124058907, 2: 0.9246936182785628, 3: 0.877339353380981, 4: 0.2579416277151556, 5: 0.659984046034179, 6: 0.8172222002012158, 7: 0.5552008115994623, 8: 0.5296505783560065, 9: 0.24185229090045168}","{0: True, 1: False, 2: True, 3: True, 4: True, 5: True, 6: True, 7: True, 8: True, 9: False}","{0: 0.2, 1: 0.0, 2: 0.6, 3: 0.4, 4: 0.2, 5: 0.3, 6: 0.4, 7: 0.4, 8: 0.4, 9: 0.0}",2.9,389
20,"{0: 0.5, 1: 0.5, 2: 0.5, 3: 0.3, 4: 0.6, 5: 0.3, 6: 0.2, 7: 0.6, 8: 0.3, 9: 0.3}","{0: 0.09310276780589921, 1: 0.8972157579533268, 2: 0.9004180571633305, 3: 0.6331014572732679, 4: 0.3390297910487007, 5: 0.3492095746126609, 6: 0.7259556788702394, 7: 0.8971102599525771, 8: 0.8870864242651173, 9: 0.7798755458576239}","{0: False, 1: True, 2: True, 3: True, 4: False, 5: True, 6: True, 7: True, 8: True, 9: True}","{0: 0.0, 1: 0.5, 2: 0.5, 3: 0.3, 4: 0.0, 5: 0.3, 6: 0.2, 7: 0.6, 8: 0.3, 9: 0.3}",3.0,381
21,"{0: 0.3, 1: 0.2, 2: 0.4, 3: 0.3, 4: 0.5, 5: 0.4, 6: 0.6, 7: 0.4, 8: 0.4, 9: 0.2}","{0: 0.6420316461542878, 1: 0.08413996499504883, 2: 0.16162871409461377, 3: 0.8985541885270792, 4: 0.6064290596595899, 5: 0.009197051616629648, 6: 0.1014715428660321, 7: 0.6635017691080558, 8: 0.005061583846218687, 9: 0.16080805141749865}","{0: True, 1: False, 2: False, 3: True, 4: True, 5: False, 6: False, 7: True, 8: False, 9: False}","{0: 0.3, 1: 0.0, 2: 0.0, 3: 0.3, 4: 0.5, 5: 0.0, 6: 0.0, 7: 0.4, 8: 0.0, 9: 0.0}",1.5,377
22,"{0: 0.3, 1: 0.4, 2: 0.3, 3: 0.5, 4: 0.3, 5: 0.5, 6: 0.2, 7: 0.2, 8: 0.6, 9: 0.5}","{0: 0.5487337893665861, 1: 0.6918951976926933, 2: 0.6519612595026005, 3: 0.22426930946055978, 4: 0.7121792213475359, 5: 0.23724908749680007, 6: 0.3253996981592677, 7: 0.7464914051180241, 8: 0.6496328990472147, 9: 0.8492234104941779}","{0: True, 1: True, 2: True, 3: False, 4: True, 5: False, 6: True, 7: True, 8: True, 9: True}","{0: 0.3, 1: 0.4, 2: 0.3, 3: 0.0, 4: 0.3, 5: 0.0, 6: 0.2, 7: 0.2, 8: 0.6, 9: 0.5}",2.8,369
23,"{0: 0.6, 1: 0.4, 2: 0.4, 3: 0.2, 4: 0.4, 5: 0.6, 6: 0.6, 7: 0.4, 8: 0.5, 9: 0.5}","{0: 0.6576128923003434, 1: 0.5683086033354716, 2: 0.09367476782809248, 3: 0.3677158030594335, 4: 0.26520236768172545, 5: 0.24398964337908358, 6: 0.9730105547524456, 7: 0.3930977246667604, 8: 0.8920465551771133, 9: 0.6311386259972629}","{0: True, 1: True, 2: False, 3: True, 4: False, 5: False, 6: True, 7: False, 8: True, 9: True}","{0: 0.6, 1: 0.4, 2: 0.0, 3: 0.2, 4: 0.0, 5: 0.0, 6: 0.6, 7: 0.0, 8: 0.5, 9: 0.5}",2.8,363
24,"{0: 0.4, 1: 0.2, 2: 0.4, 3: 0.3, 4: 0.2, 5: 0.4, 6: 0.5, 7: 0.2, 8: 0.3, 9: 0.2}","{0: 0.7948113035416484, 1: 0.5026370931051921, 2: 0.5769038846263591, 3: 0.4925176938188639, 4: 0.1952429877980445, 5: 0.7224521152615053, 6: 0.2807723624408558, 7: 0.02431596643145384, 8: 0.6454722959071678, 9: 0.17711067940704894}","{0: True, 1: True, 2: True, 3: True, 4: False, 5: True, 6: False, 7: False, 8: True, 9: False}","{0: 0.4, 1: 0.2, 2: 0.4, 3: 0.3, 4: 0.0, 5: 0.4, 6: 0.0, 7: 0.0, 8: 0.3, 9: 0.0}",2.0,357
25,"{0: 0.3, 1: 0.5, 2: 0.6, 3: 0.2, 4: 0.3, 5: 0.5, 6: 0.4, 7: 0.4, 8: 0.5, 9: 0.2}","{0: 0.9404585843529143, 1: 0.9539285770025874, 2: 0.9148643902204485, 3: 0.3701587002554444, 4: 0.015456616528867428, 5: 0.9283185625877254, 6: 0.42818414831731433, 7: 0.9666548190436696, 8: 0.9636199770892528, 9: 0.8530094554673601}","{0: True, 1: True, 2: True, 3: True, 4: False, 5: True, 6: True, 7: True, 8: True, 9: True}","{0: 0.3, 1: 0.5, 2: 0.6, 3: 0.2, 4: 0.0, 5: 0.5, 6: 0.4, 7: 0.4, 8: 0.5, 9: 0.2}",3.6,348
26,"{0: 0.4, 1: 0.4, 2: 0.3, 3: 0.4, 4: 0.5, 5: 0.6, 6: 0.2, 7: 0.2, 8: 0.2, 9: 0.4}","{0: 0.2944488920695857, 1: 0.38509772860192526, 2: 0.8511366715168569, 3: 0.31692200515627766, 4: 0.1694927466860925, 5: 0.5568012624583502, 6: 0.936154774160781, 7: 0.696029796674973, 8: 0.570061170089365, 9: 0.09717649377076854}","{0: False, 1: False, 2: True, 3: False, 4: False, 5: False, 6: True, 7: True, 8: True, 9: False}","{0: 0.0, 1: 0.0, 2: 0.3, 3: 0.0, 4: 0.0, 5: 0.0, 6: 0.2, 7: 0.2, 8: 0.2, 9: 0.0}",0.9,344
27,"{0: 0.4, 1: 0.4, 2: 0.6, 3: 0.6, 4: 0.3, 5: 0.2, 6: 0.2, 7: 0.4, 8: 0.3, 9: 0.2}","{0: 0.6150072266991697, 1: 0.9900538501042633, 2: 0.14008401523652403, 3: 0.5183296523637367, 4: 0.8773730719279554, 5: 0.7407686177542044, 6: 0.697015740995268, 7: 0.7024840839871093, 8: 0.35949115121975517, 9: 0.29359184426449336}","{0: True, 1: True, 2: False, 3: False, 4: True, 5: True, 6: True, 7: True, 8: True, 9: True}","{0: 0.4, 1: 0.4, 2: 0.0, 3: 0.0, 4: 0.3, 5: 0.2, 6: 0.2, 7: 0.4, 8: 0.3, 9: 0.2}",2.4,336
28,"{0: 0.4, 1: 0.3, 2: 0.4, 3: 0.3, 4: 0.2, 5: 0.3, 6: 0.2, 7: 0.3, 8: 0.2, 9: 0.5}","{0: 0.8093611554785136, 1: 0.8101133946791808, 2: 0.8670723185801037, 3: 0.9132405525564713, 4: 0.5113423988609378, 5: 0.5015162946871996, 6: 0.7982951789667752, 7: 0.6499639307777652, 8: 0.7019668772577033, 9: 0.795792669436101}","{0: True, 1: True, 2: True, 3: True, 4: True, 5: True, 6: True, 7: True, 8: True, 9: True}","{0: 0.4, 1: 0.3, 2: 0.4, 3: 0.3, 4: 0.2, 5: 0.3, 6: 0.2, 7: 0.3, 8: 0.2, 9: 0.5}",3.1,326
29,"{0: 0.2, 1: 0.5, 2: 0.5, 3: 0.6, 4: 0.6, 5: 0.5, 6: 0.4, 7: 0.5, 8: 0.5, 9: 0.5}","{0: 0.8900053418175663, 1: 0.3379951568515358, 2: 0.375582952639944, 3: 0.093981939840869, 4: 0.578280140996174, 5: 0.035942273796742086, 6: 0.46559801813246016, 7: 0.5426446347075766, 8: 0.2865412521282844, 9: 0.5908332605690108}","{0: True, 1: False, 2: False, 3: False, 4: False, 5: False, 6: True, 7: True, 8: False, 9: True}","{0: 0.2, 1: 0.0, 2: 0.0, 3: 0.0, 4: 0.0, 5: 0.0, 6: 0.4, 7: 0.5, 8: 0.0, 9: 0.5}",1.6,322
30,"{0: 0.6, 1: 0.3, 2: 0.2, 3: 0.6, 4: 0.4, 5: 0.4, 6: 0.2, 7: 0.3, 8: 0.4, 9: 0.2}","{0: 0.03050024993904943, 1: 0.03734818874921442, 2: 0.8226005606596583, 3: 0.3601906414112629, 4: 0.12706051265188478, 5: 0.5222432600548044, 6: 0.7699935530986108, 7: 0.21582102749684318, 8: 0.6228904758190003, 9: 0.085347464993768}","{0: False, 1: False, 2: True, 3: False, 4: False, 5: True, 6: True, 7: False, 8: True, 9: False}","{0: 0.0, 1: 0.0, 2: 0.2, 3: 0.0, 4: 0.0, 5: 0.4, 6: 0.2, 7: 0.0, 8: 0.4, 9: 0.0}",1.2000000000000002,318
31,"{0: 0.2, 1: 0.2, 2: 0.5, 3: 0.2, 4: 0.5, 5: 0.6, 6: 0.2, 7: 0.5, 8: 0.3, 9: 0.4}","{0: 0.0516817211686077, 1: 0.531354631568148, 2: 0.5406351216101065, 3: 0.6374299014982066, 4: 0.7260913337226615, 5: 0.9758520794625346, 6: 0.5163003483011953, 7: 0.32295647294124596, 8: 0.7951861947687037, 9: 0.2708322512620742}","{0: False, 1: True, 2: True, 3: True, 4: True, 5: True, 6: True, 7: False, 8: True, 9: False}","{0: 0.0, 1: 0.2, 2: 0.5, 3: 0.2, 4: 0.5, 5: 0.6, 6: 0.2, 7: 0.0, 8: 0.3, 9: 0.0}",2.5,311
32,"{0: 0.3, 1: 0.2, 2: 0.2, 3: 0.2, 4: 0.2, 5: 0.5, 6: 0.6, 7: 0.5, 8: 0.4, 9: 0.6}","{0: 0.4389714207056361, 1: 0.07845638134226596, 2: 0.02535074341545751, 3: 0.9626484146779251, 4: 0.8359801205122058, 5: 0.695974206093698, 6: 0.4089529444142699, 7: 0.17329432007084578, 8: 0.15643704267108605, 9: 0.25024289816459533}","{0: True, 1: False, 2: False, 3: True, 4: True, 5: True, 6: False, 7: False, 8: False, 9: False}","{0: 0.3, 1: 0.0, 2: 0.0, 3: 0.2, 4: 0.2, 5: 0.5, 6: 0.0, 7: 0.0, 8: 0.0, 9: 0.0}",1.2,307
33,"{0: 0.2, 1: 0.6, 2: 0.3, 3: 0.2, 4: 0.6, 5: 0.4, 6: 0.3, 7: 0.3, 8: 0.3, 9: 0.5}","{0: 0.5492266647061205, 1: 0.7145959227000623, 2: 0.6601973767177313, 3: 0.27993389694594284, 4: 0.9548652806631941, 5: 0.7378969166957685, 6: 0.5543540525114007, 7: 0.6117207462343522, 8: 0.4196000624277899, 9: 0.24773098950115746}","{0: True, 1: True, 2: True, 3: True, 4: True, 5: True, 6: True, 7: True, 8: True, 9: False}","{0: 0.2, 1: 0.6, 2: 0.3, 3: 0.2, 4: 0.6, 5: 0.4, 6: 0.3, 7: 0.3, 8: 0.3, 9: 0.0}",3.2,298
34,"{0: 0.3, 1: 0.2, 2: 0.4, 3: 0.4, 4: 0.4, 5: 0.2, 6: 0.6, 7: 0.2, 8: 0.4, 9: 0.2}","{0: 0.3559726786512616, 1: 0.7578461104643691, 2: 0.014393488629755868, 3: 0.11607264050691624, 4: 0.04600264202175275, 5: 0.040728802318970136, 6: 0.8554605840110072, 7: 0.7036578593800237, 8: 0.4741738290873252, 9: 0.09783416065100148}","{0: True, 1: True, 2: False, 3: False, 4: False, 5: False, 6: True, 7: True, 8: True, 9: False}","{0: 0.3, 1: 0.2, 2: 0.0, 3: 0.0, 4: 0.0, 5: 0.0, 6: 0.6, 7: 0.2, 8: 0.4, 9: 0.0}",1.7,293
35,"{0: 0.4, 1: 0.5, 2: 0.3, 3: 0.4, 4: 0.4, 5: 0.6, 6: 0.3, 7: 0.3, 8: 0.5, 9: 0.6}","{0: 0.49161587511683236, 1: 0.4734717707805657, 2: 0.17320186991001518, 3: 0.43385164923797304, 4: 0.39850473439737344, 5: 0.6158500980522165, 6: 0.6350936508676438, 7: 0.04530400977204452, 8: 0.3746126146264712, 9: 0.6258599157142364}","{0: True, 1: False, 2: False, 3: True, 4: False, 5: True, 6: True, 7: False, 8: False, 9: True}","{0: 0.4, 1: 0.0, 2: 0.0, 3: 0.4, 4: 0.0, 5: 0.6, 6: 0.3, 7: 0.0, 8: 0.0, 9: 0.6}",2.3,288
36,"{0: 0.4, 1: 0.6, 2: 0.2, 3: 0.2, 4: 0.2, 5: 0.5, 6: 0.3, 7: 0.5, 8: 0.6, 9: 0.3}","{0: 0.5031362585800877, 1: 0.8564898411883223, 2: 0.658693631618945, 3: 0.1629344270814297, 4: 0.07056874740042984, 5: 0.6424192782063156, 6: 0.026511310541621813, 7: 0.5857755812734633, 8: 0.9402302414249576, 9: 0.575474177875879}","{0: True, 1: True, 2: True, 3: False, 4: False, 5: True, 6: False, 7: True, 8: True, 9: True}","{0: 0.4, 1: 0.6, 2: 0.2, 3: 0.0, 4: 0.0, 5: 0.5, 6: 0.0, 7: 0.5, 8: 0.6, 9: 0.3}",3.1,281
37,"{0: 0.6, 1: 0.6, 2: 0.5, 3: 0.4, 4: 0.6, 5: 0.6, 6: 0.3, 7: 0.2, 8: 0.5, 9: 0.5}","{0: 0.3881699262065219, 1: 0.6432882184423532, 2: 0.45825289049151663, 3: 0.5456167893159349, 4: 0.9414648087765252, 5: 0.38610263780077425, 6: 0.9611905638239142, 7: 0.9053506419560637, 8: 0.19579113478929644, 9: 0.06936130087516545}","{0: False, 1: True, 2: False, 3: True, 4: True, 5: False, 6: True, 7: True, 8: False, 9: False}","{0: 0.0, 1: 0.6, 2: 0.0, 3: 0.4, 4: 0.6, 5: 0.0, 6: 0.3, 7: 0.2, 8: 0.0, 9: 0.0}",2.1,276
38,"{0: 0.6, 1: 0.6, 2: 0.6, 3: 0.3, 4: 0.5, 5: 0.2, 6: 0.2, 7: 0.5, 8: 0.5, 9: 0.3}","{0: 0.10077800137742665, 1: 0.018221825651549728, 2: 0.0944429607559284, 3: 0.6830067734163568, 4: 0.07118864846022899, 5: 0.3189756302937613, 6: 0.8448753109694546, 7: 0.023271935735825866, 8: 0.8144684825889358, 9: 0.28185477477339993}","{0: False, 1: False, 2: False, 3: True, 4: False, 5: True, 6: True, 7: False, 8: True, 9: False}","{0: 0.0, 1: 0.0, 2: 0.0, 3: 0.3, 4: 0.0, 5: 0.2, 6: 0.2, 7: 0.0, 8: 0.5, 9: 0.0}",1.2,272
39,"{0: 0.5, 1: 0.3, 2: 0.3, 3: 0.3, 4: 0.5, 5: 0.5, 6: 0.4, 7: 0.6, 8: 0.6, 9: 0.4}","{0: 0.11816482762165625, 1: 0.6967371653641506, 2: 0.628942846779884, 3: 0.877472013527053, 4: 0.7350710438038858, 5: 0.8034809303848486, 6: 0.2820345725713065, 7: 0.17743954377972282, 8: 0.7506147516408583, 9: 0.806834739267264}","{0: False, 1: True, 2: True, 3: True, 4: True, 5: True, 6: False, 7: False, 8: True, 9: True}","{0: 0.0, 1: 0.3, 2: 0.3, 3: 0.3, 4: 0.5, 5: 0.5, 6: 0.0, 7: 0.0, 8: 0.6, 9: 0.4}",2.9,265
40,"{0: 0.5, 1: 0.6, 2: 0.2, 3: 0.5, 4: 0.6, 5: 0.5, 6: 0.4, 7: 0.4, 8: 0.2, 9: 0.4}","{0: 0.9905051420006733, 1: 0.4126176769114265, 2: 0.37201808579278317, 3: 0.7764129607419968, 4: 0.34080354025301784, 5: 0.9307573256035647, 6: 0.8584127518430118, 7: 0.42899402737501835, 8: 0.7508710677914974, 9: 0.7545428740846823}","{0: True, 1: False, 2: True, 3: True, 4: False, 5: True, 6: True, 7: True, 8: True, 9: True}","{0: 0.5, 1: 0.0, 2: 0.2, 3: 0.5, 4: 0.0, 5: 0.5, 6: 0.4, 7: 0.4, 8: 0.2, 9: 0.4}",3.1,257
41,"{0: 0.2, 1: 0.3, 2: 0.2, 3: 0.5, 4: 0.4, 5: 0.6, 6: 0.6, 7: 0.4, 8: 0.6, 9: 0.6}","{0: 0.10312386883593261, 1: 0.9025529066795667, 2: 0.5052523724478571, 3: 0.8264574661077416, 4: 0.32004960103061175, 5: 0.8955232284962005, 6: 0.3892016787341631, 7: 0.01083765148029836, 8: 0.9053819764192637, 9: 0.09128667678613356}","{0: False, 1: True, 2: True, 3: True, 4: False, 5: True, 6: False, 7: False, 8: True, 9: False}","{0: 0.0, 1: 0.3, 2: 0.2, 3: 0.5, 4: 0.0, 5: 0.6, 6: 0.0, 7: 0.0, 8: 0.6, 9: 0.0}",2.2,252
42,"{0: 0.5, 1: 0.2, 2: 0.5, 3: 0.3, 4: 0.2, 5: 0.4, 6: 0.6, 7: 0.5, 8: 0.6, 9: 0.3}","{0: 0.31931363759041487, 1: 0.9500619670508049, 2: 0.9506071469375561, 3: 0.5734378881232861, 4: 0.6318372121697993, 5: 0.44844552197831977, 6: 0.29321077169806453, 7: 0.32866454536991596, 8: 0.6725184560770384, 9: 0.75237452943768}","{0: False, 1: True, 2: True, 3: True, 4: True, 5: True, 6: False, 7: False, 8: True, 9: True}","{0: 0.0, 1: 0.2, 2: 0.5, 3: 0.3, 4: 0.2, 5: 0.4, 6: 0.0, 7: 0.0, 8: 0.6, 9: 0.3}",2.5,245
43,"{0: 0.3, 1: 0.5, 2: 0.4, 3: 0.6, 4: 0.3, 5: 0.3, 6: 0.5, 7: 0.5, 8: 0.2, 9: 0.2}","{0: 0.7915790437258485, 1: 0.7896181427945539, 2: 0.09120610304869037, 3: 0.49442030470258147, 4: 0.057558760016644284, 5: 0.5495288823237355, 6: 0.441530501373377, 7: 0.8877041827582998, 8: 0.3509150125520787, 9: 0.11706701642760586}","{0: True, 1: True, 2: False, 3: False, 4: False, 5: True, 6: False, 7: True, 8: True, 9: False}","{0: 0.3, 1: 0.5, 2: 0.0, 3: 0.0, 4: 0.0, 5: 0.3, 6: 0.0, 7: 0.5, 8: 0.2, 9: 0.0}",1.8,240
44,"{0: 0.5, 1: 0.4, 2: 0.2, 3: 0.5, 4: 0.4, 5: 0.3, 6: 0.6, 7: 0.6, 8: 0.4, 9: 0.6}","{0: 0.14299168205283586, 1: 0.7615106317174722, 2: 0.6182180633162611, 3: 0.10112267612279024, 4: 0.08410680611499743, 5: 0.70096913145912, 6: 0.07276300636419353, 7: 0.8218600592903562, 8: 0.7062422271564962, 9: 0.08134878064189976}","{0: False, 1: True, 2: True, 3: False, 4: False, 5: True, 6: False, 7: True, 8: True, 9: False}","{0: 0.0, 1: 0.4, 2: 0.2, 3: 0.0, 4: 0.0, 5: 0.3, 6: 0.0, 7: 0.6, 8: 0.4, 9: 0.0}",1.9,235
45,"{0: 0.6, 1: 0.5, 2: 0.6, 3: 0.5, 4: 0.2, 5: 0.6, 6: 0.4, 7: 0.4, 8: 0.6, 9: 0.6}","{0: 0.08483771408519192, 1: 0.9866395785011755, 2: 0.3742707957561203, 3: 0.3706421470668909, 4: 0.8127995672575026, 5: 0.9472485773838587, 6: 0.9860010638228709, 7: 0.7533781852589416, 8: 0.37625958553091576, 9: 0.08350071669866876}","{0: False, 1: True, 2: False, 3: False, 4: True, 5: True, 6: True, 7: True, 8: False, 9: False}","{0: 0.0, 1: 0.5, 2: 0.0, 3: 0.0, 4: 0.2, 5: 0.6, 6: 0.4, 7: 0.4, 8: 0.0, 9: 0.0}",2.1,230
46,"{0: 0.3, 1: 0.5, 2: 0.3, 3: 0.4, 4: 0.3, 5: 0.2, 6: 0.6, 7: 0.4, 8: 0.3, 9: 0.3}","{0: 0.7771469159274368, 1: 0.558404249735805, 2: 0.4242220092469763, 3: 0.906354385094736, 4: 0.11119748230615134, 5: 0.49262510429085915, 6: 0.011353644767419069, 7: 0.46866064199412627, 8: 0.05630327568183735, 9: 0.11881791626807192}","{0: True, 1: True, 2: True, 3: True, 4: False, 5: True, 6: False, 7: True, 8: False, 9: False}","{0: 0.3, 1: 0.5, 2: 0.3, 3: 0.4, 4: 0.0, 5: 0.2, 6: 0.0, 7: 0.4, 8: 0.0, 9: 0.0}",2.1,224
47,"{0: 0.3, 1: 0.3, 2: 0.3, 3: 0.6, 4: 0.5, 5: 0.2, 6: 0.4, 7: 0.6, 8: 0.3, 9: 0.5}","{0: 0.11752624677710488, 1: 0.6492103021160636, 2: 0.7460448792654233, 3: 0.5833687650971596, 4: 0.9621725484745419, 5: 0.37487057952370406, 6: 0.28571208628186073, 7: 0.8685991281894603, 8: 0.22359583851945264, 9: 0.9632225394406113}","{0: False, 1: True, 2: True, 3: False, 4: True, 5: True, 6: False, 7: True, 8: False, 9: True}","{0: 0.0, 1: 0.3, 2: 0.3, 3: 0.0, 4: 0.5, 5: 0.2, 6: 0.0, 7: 0.6, 8: 0.0, 9: 0.5}",2.4,218
48,"{0: 0.2, 1: 0.6, 2: 0.6, 3: 0.4, 4: 0.6, 5: 0.4, 6: 0.2, 7: 0.2, 8: 0.2, 9: 0.6}","{0: 0.012154474689816341, 1: 0.969878826707639, 2: 0.04315991195057611, 3: 0.8911431136980711, 4: 0.5277011090862999, 5: 0.9929647961193003, 6: 0.07379656473539886, 7: 0.5538542844013208, 8: 0.969302535619099, 9: 0.5230978441701488}","{0: False, 1: True, 2: False, 3: True, 4: False, 5: True, 6: False, 7: True, 8: True, 9: False}","{0: 0.0, 1: 0.6, 2: 0.0, 3: 0.4, 4: 0.0, 5: 0.4, 6: 0.0, 7: 0.2, 8: 0.2, 9: 0.0}",1.8,213
49,"{0: 0.6, 1: 0.6, 2: 0.5, 3: 0.6, 4: 0.6, 5: 0.4, 6: 0.5, 7: 0.4, 8: 0.4, 9: 0.2}","{0: 0.6293986381352625, 1: 0.6957486889846172, 2: 0.45454106476777323, 3: 0.6275580800840634, 4: 0.5843143119231002, 5: 0.901158010490989, 6: 0.04544638034145787, 7: 0.2809631895922303, 8: 0.9504114840765587, 9: 0.8902637838909163}","{0: True, 1: True, 2: False, 3: True, 4: False, 5: True, 6: False, 7: False, 8: True, 9: True}","{0: 0.6, 1: 0.6, 2: 0.0, 3: 0.6, 4: 0.0, 5: 0.4, 6: 0.0, 7: 0.0, 8: 0.4, 9: 0.2}",2.8,207
50,"{0: 0.6, 1: 0.6, 2: 0.5, 3: 0.6, 4: 0.5, 5: 0.2, 6: 0.4, 7: 0.5, 8: 0.6, 9: 0.2}","{0: 0.45565675278571294, 1: 0.6201325978015367, 2: 0.2773811829811327, 3: 0.1881211597237613, 4: 0.46369840493998216, 5: 0.3533522280260528, 6: 0.5836561118508721, 7: 0.07773463696498484, 8: 0.9743948076661665, 9: 0.9862107444796029}","{0: False, 1: True, 2: False, 3: False, 4: False, 5: True, 6: True, 7: False, 8: True, 9: True}","{0: 0.0, 1: 0.6, 2: 0.0, 3: 0.0, 4: 0.0, 5: 0.2, 6: 0.4, 7: 0.0, 8: 0.6, 9: 0.2}",2.0,202
51,"{0: 0.6, 1: 0.3, 2: 0.2, 3: 0.2, 4: 0.6, 5: 0.4, 6: 0.5, 7: 0.4, 8: 0.2, 9: 0.5}","{0: 0.6981617140197451, 1: 0.5360963663441204, 2: 0.30952761628632774, 3: 0.8137950197069487, 4: 0.6847311725538793, 5: 0.1626169393448913, 6: 0.9109271844938425, 7: 0.822537242923169, 8: 0.949799913291924, 9: 0.72571950838836}","{0: True, 1: True, 2: True, 3: True, 4: True, 5: False, 6: True, 7: True, 8: True, 9: True}","{0: 0.6, 1: 0.3, 2: 0.2, 3: 0.2, 4: 0.6, 5: 0.0, 6: 0.5, 7: 0.4, 8: 0.2, 9: 0.5}",3.5,193
52,"{0: 0.4, 1: 0.6, 2: 0.5, 3: 0.3, 4: 0.4, 5: 0.5, 6: 0.3, 7: 0.3, 8: 0.4, 9: 0.6}","{0: 0.6134151959357899, 1: 0.4182430362906189, 2: 0.9327284833540133, 3: 0.8660638895004084, 4: 0.04521867010618941, 5: 0.026366974497252005, 6: 0.3764633668780496, 7: 0.8105533307818329, 8: 0.9872761293149445, 9: 0.15041689110352818}","{0: True, 1: False, 2: True, 3: True, 4: False, 5: False, 6: True, 7: True, 8: True, 9: False}","{0: 0.4, 1: 0.0, 2: 0.5, 3: 0.3, 4: 0.0, 5: 0.0, 6: 0.3, 7: 0.3, 8: 0.4, 9: 0.0}",2.2,187
53,"{0: 0.6, 1: 0.6, 2: 0.2, 3: 0.2, 4: 0.3, 5: 0.4, 6: 0.5, 7: 0.5, 8: 0.6, 9: 0.4}","{0: 0.5941307153521351, 1: 0.3808908566310215, 2: 0.9699143978146032, 3: 0.8421189231357087, 4: 0.8383287047111379, 5: 0.4686931597949703, 6: 0.4148195023376652, 7: 0.27340707193070624, 8: 0.056375496650927115, 9: 0.8647223762550532}","{0: False, 1: False, 2: True, 3: True, 4: True, 5: True, 6: False, 7: False, 8: False, 9: True}","{0: 0.0, 1: 0.0, 2: 0.2, 3: 0.2, 4: 0.3, 5: 0.4, 6: 0.0, 7: 0.0, 8: 0.0, 9: 0.4}",1.5,182
54,"{0: 0.5, 1: 0.2, 2: 0.4, 3: 0.3, 4: 0.3, 5: 0.5, 6: 0.4, 7: 0.6, 8: 0.6, 9: 0.3}","{0: 0.8129010091300776, 1: 0.9997176732861306, 2: 0.9966368370739054, 3: 0.5554317056026274, 4: 0.7689874151805105, 5: 0.944765729882428, 6: 0.8496473906774115, 7: 0.24734810174319766, 8: 0.4505441353100935, 9: 0.12915941515149498}","{0: True, 1: True, 2: True, 3: True, 4: True, 5: True, 6: True, 7: False, 8: False, 9: False}","{0: 0.5, 1: 0.2, 2: 0.4, 3: 0.3, 4: 0.3, 5: 0.5, 6: 0.4, 7: 0.0, 8: 0.0, 9: 0.0}",2.6,175
55,"{0: 0.5, 1: 0.2, 2: 0.4, 3: 0.6, 4: 0.2, 5: 0.3, 6: 0.3, 7: 0.6, 8: 0.4, 9: 0.6}","{0: 0.9540510272587224, 1: 0.60617463445088, 2: 0.22864280550346272, 3: 0.6717006844058567, 4: 0.6181282404578958, 5: 0.3581627180328405, 6: 0.11355759219962902, 7: 0.6715731955927996, 8: 0.5203077009037933, 9: 0.7723183917356393}","{0: True, 1: True, 2: False, 3: True, 4: True, 5: True, 6: False, 7: True, 8: True, 9: True}","{0: 0.5, 1: 0.2, 2: 0.0, 3: 0.6, 4: 0.2, 5: 0.3, 6: 0.0, 7: 0.6, 8: 0.4, 9: 0.6}",3.4,167
56,"{0: 0.2, 1: 0.3, 2: 0.5, 3: 0.3, 4: 0.5, 5: 0.2, 6: 0.5, 7: 0.5, 8: 0.6, 9: 0.4}","{0: 0.5201635011119934, 1: 0.8521815003185401, 2: 0.5519068387744855, 3: 0.5609379715353863, 4: 0.876653602658345, 5: 0.40348286621239704, 6: 0.13401522845064073, 7: 0.028782676313338973, 8: 0.755137255673619, 9: 0.6203095513534647}","{0: True, 1: True, 2: True, 3: True, 4: True, 5: True, 6: False, 7: False, 8: True, 9: True}","{0: 0.2, 1: 0.3, 2: 0.5, 3: 0.3, 4: 0.5, 5: 0.2, 6: 0.0, 7: 0.0, 8: 0.6, 9: 0.4}",3.0,159
57,"{0: 0.5, 1: 0.4, 2: 0.6, 3: 0.4, 4: 0.3, 5: 0.3, 6: 0.6, 7: 0.4, 8: 0.6, 9: 0.4}","{0: 0.7040797680992236, 1: 0.21296416150891073, 2: 0.13637147558676976, 3: 0.014544665667881929, 4: 0.350587558806597, 5: 0.5899176868546331, 6: 0.3922440450997323, 7: 0.43747492202372906, 8: 0.9041586944937484, 9: 0.34825546702330035}","{0: True, 1: False, 2: False, 3: False, 4: True, 5: True, 6: False, 7: True, 8: True, 9: False}","{0: 0.5, 1: 0.0, 2: 0.0, 3: 0.0, 4: 0.3, 5: 0.3, 6: 0.0, 7: 0.4, 8: 0.6, 9: 0.0}",2.1,154
58,"{0: 0.3, 1: 0.5, 2: 0.2, 3: 0.3, 4: 0.6, 5: 0.6, 6: 0.2, 7: 0.6, 8: 0.2, 9: 0.6}","{0: 0.5139894891598108, 1: 0.7836530127411431, 2: 0.39654278232127016, 3: 0.6220867002278735, 4: 0.8623637087467452, 5: 0.9495206236576421, 6: 0.14707348092903794, 7: 0.9265876251614944, 8: 0.4921162930795382, 9: 0.25824438829895835}","{0: True, 1: True, 2: True, 3: True, 4: True, 5: True, 6: False, 7: True, 8: True, 9: False}","{0: 0.3, 1: 0.5, 2: 0.2, 3: 0.3, 4: 0.6, 5: 0.6, 6: 0.0, 7: 0.6, 8: 0.2, 9: 0.0}",3.3,146
59,"{0: 0.3, 1: 0.3, 2: 0.6, 3: 0.4, 4: 0.2, 5: 0.5, 6: 0.6, 7: 0.3, 8: 0.2, 9: 0.2}","{0: 0.4591357562382613, 1: 0.980032575285477, 2: 0.4926180939928696, 3: 0.3287516102875082, 4: 0.6334008543167258, 5: 0.24014561877819307, 6: 0.07586332810866392, 7: 0.12887972191064923, 8: 0.12804583895777244, 9: 0.15190269351229435}","{0: True, 1: True, 2: False, 3: False, 4: True, 5: False, 6: False, 7: False, 8: False, 9: False}","{0: 0.3, 1: 0.3, 2: 0.0, 3: 0.0, 4: 0.2, 5: 0.0, 6: 0.0, 7: 0.0, 8: 0.0, 9: 0.0}",0.8,143
60,"{0: 0.4, 1: 0.2, 2: 0.6, 3: 0.6, 4: 0.2, 5: 0.5, 6: 0.3, 7: 0.6, 8: 0.5, 9: 0.2}","{0: 0.13882717264941014, 1: 0.6408747448032146, 2: 0.18188008439914483, 3: 0.3456672833238632, 4: 0.8967884099060118, 5: 0.47396164026287235, 6: 0.6675577385210272, 7: 0.17231987120162984, 8: 0.19228901880867078, 9: 0.04086861626647886}","{0: False, 1: True, 2: False, 3: False, 4: True, 5: False, 6: True, 7: False, 8: False, 9: False}","{0: 0.0, 1: 0.2, 2: 0.0, 3: 0.0, 4: 0.2, 5: 0.0, 6: 0.3, 7: 0.0, 8: 0.0, 9: 0.0}",0.7,140
61,"{0: 0.4, 1: 0.4, 2: 0.2, 3: 0.6, 4: 0.4, 5: 0.3, 6: 0.5, 7: 0.4, 8: 0.2, 9: 0.2}","{0: 0.16893506307216455, 1: 0.2785903390319586, 2: 0.17701048427674682, 3: 0.08870253375705561, 4: 0.12063587110060081, 5: 0.46077876803272577, 6: 0.2063337184057925, 7: 0.36426986104807546, 8: 0.5034172708548569, 9: 0.6903948286293653}","{0: False, 1: False, 2: False, 3: False, 4: False, 5: True, 6: False, 7: False, 8: True, 9: True}","{0: 0.0, 1: 0.0, 2: 0.0, 3: 0.0, 4: 0.0, 5: 0.3, 6: 0.0, 7: 0.0, 8: 0.2, 9: 0.2}",0.7,137
62,"{0: 0.2, 1: 0.4, 2: 0.3, 3: 0.5, 4: 0.3, 5: 0.5, 6: 0.3, 7: 0.2, 8: 0.3, 9: 0.3}","{0: 0.039312139841098936, 1: 0.7994103989090426, 2: 0.6279003894909078, 3: 0.08175903194887191, 4: 0.8735786241067772, 5: 0.9208724005318132, 6: 0.06107795985486375, 7: 0.2768776481472037, 8: 0.8062012797930613, 9: 0.7482596903836584}","{0: False, 1: True, 2: True, 3: False, 4: True, 5: True, 6: False, 7: True, 8: True, 9: True}","{0: 0.0, 1: 0.4, 2: 0.3, 3: 0.0, 4: 0.3, 5: 0.5, 6: 0.0, 7: 0.2, 8: 0.3, 9: 0.3}",2.3,130
63,"{0: 0.4, 1: 0.3, 2: 0.4, 3: 0.4, 4: 0.2, 5: 0.6, 6: 0.4, 7: 0.3, 8: 0.3, 9: 0.4}","{0: 0.18452101935637732, 1: 0.2093493233367103, 2: 0.370472102791382, 3: 0.4845229851910213, 4: 0.618254771530296, 5: 0.3689136395697724, 6: 0.4625347161331479, 7: 0.7474709381337565, 8: 0.0366832028905979, 9: 0.25243694434402075}","{0: False, 1: False, 2: False, 3: True, 4: True, 5: False, 6: True, 7: True, 8: False, 9: False}","{0: 0.0, 1: 0.0, 2: 0.0, 3: 0.4, 4: 0.2, 5: 0.0, 6: 0.4, 7: 0.3, 8: 0.0, 9: 0.0}",1.3,126
64,"{0: 0.2, 1: 0.6, 2: 0.6, 3: 0.6, 4: 0.4, 5: 0.6, 6: 0.5, 7: 0.5, 8: 0.2, 9: 0.3}","{0: 0.7133495858845524, 1: 0.8952068376871993, 2: 0.5116774421156661, 3: 0.5321134852653157, 4: 0.10717201133977605, 5: 0.44741236682345464, 6: 0.5326172664550232, 7: 0.24247050363472966, 8: 0.26924323094938096, 9: 0.37728416310462265}","{0: True, 1: True, 2: False, 3: False, 4: False, 5: False, 6: True, 7: False, 8: True, 9: True}","{0: 0.2, 1: 0.6, 2: 0.0, 3: 0.0, 4: 0.0, 5: 0.0, 6: 0.5, 7: 0.0, 8: 0.2, 9: 0.3}",1.8,121
65,"{0: 0.4, 1: 0.5, 2: 0.3, 3: 0.2, 4: 0.6, 5: 0.3, 6: 0.3, 7: 0.6, 8: 0.5, 9: 0.5}","{0: 0.02007119777772637, 1: 0.3220791655831783, 2: 0.21144800699654465, 3: 0.32749735217791465, 4: 0.11976213181925122, 5: 0.890527280739895, 6: 0.5935924535540487, 7: 0.6791023191444896, 8: 0.7891712386073383, 9: 0.4984421989290573}","{0: False, 1: False, 2: False, 3: True, 4: False, 5: True, 6: True, 7: True, 8: True, 9: False}","{0: 0.0, 1: 0.0, 2: 0.0, 3: 0.2, 4: 0.0, 5: 0.3, 6: 0.3, 7: 0.6, 8: 0.5, 9: 0.0}",1.9,116
66,"{0: 0.3, 1: 0.4, 2: 0.3, 3: 0.3, 4: 0.5, 5: 0.4, 6: 0.2, 7: 0.6, 8: 0.4, 9: 0.3}","{0: 0.08692028808742369, 1: 0.5371065418185478, 2: 0.5868411180208791, 3: 0.74543947418433, 4: 0.4316595462296794, 5: 0.12758030279556376, 6: 0.28377590579872447, 7: 0.3630822963986351, 8: 0.6459172413316012, 9: 0.5707783046689119}","{0: False, 1: True, 2: True, 3: True, 4: False, 5: False, 6: True, 7: False, 8: True, 9: True}","{0: 0.0, 1: 0.4, 2: 0.3, 3: 0.3, 4: 0.0, 5: 0.0, 6: 0.2, 7: 0.0, 8: 0.4, 9: 0.3}",1.9,110
67,"{0: 0.2, 1: 0.5, 2: 0.5, 3: 0.3, 4: 0.6, 5: 0.4, 6: 0.5, 7: 0.2, 8: 0.4, 9: 0.6}","{0: 0.35609672589784624, 1: 0.9865152487929797, 2: 0.6057748193568872, 3: 0.23722679173599448, 4: 0.10178247262040374, 5: 0.15285913918433203, 6: 0.24595772838450813, 7: 0.16068137325955567, 8: 0.18656702405130576, 9: 0.2850951686938471}","{0: True, 1: True, 2: True, 3: False, 4: False, 5: False, 6: False, 7: False, 8: False, 9: False}","{0: 0.2, 1: 0.5, 2: 0.5, 3: 0.0, 4: 0.0, 5: 0.0, 6: 0.0, 7: 0.0, 8: 0.0, 9: 0.0}",1.2,107
68,"{0: 0.5, 1: 0.5, 2: 0.3, 3: 0.5, 4: 0.4, 5: 0.6, 6: 0.6, 7: 0.6, 8: 0.5, 9: 0.5}","{0: 0.17337359529475482, 1: 0.8967654246264252, 2: 0.08023374566164221, 3: 0.5245113895702547, 4: 0.4103968269896615, 5: 0.9823786169086064, 6: 0.11203890216805235, 7: 0.39785559904574164, 8: 0.9694704332753689, 9: 0.8655071258939803}","{0: False, 1: True, 2: False, 3: True, 4: True, 5: True, 6: False, 7: False, 8: True, 9: True}","{0: 0.0, 1: 0.5, 2: 0.0, 3: 0.5, 4: 0.4, 5: 0.6, 6: 0.0, 7: 0.0, 8: 0.5, 9: 0.5}",3.0,101
69,"{0: 0.6, 1: 0.3, 2: 0.4, 3: 0.3, 4: 0.6, 5: 0.5, 6: 0.2, 7: 0.5, 8: 0.4, 9: 0.4}","{0: 0.8170720709492799, 1: 0.25790282704493983, 2: 0.17088758739006582, 3: 0.668643219924431, 4: 0.9293759891275858, 5: 0.5567628930139298, 6: 0.5716126894698998, 7: 0.2799790936602842, 8: 0.7694929331919369, 9: 0.18704374855752337}","{0: True, 1: False, 2: False, 3: True, 4: True, 5: True, 6: True, 7: False, 8: True, 9: False}","{0: 0.6, 1: 0.0, 2: 0.0, 3: 0.3, 4: 0.6, 5: 0.5, 6: 0.2, 7: 0.0, 8: 0.4, 9: 0.0}",2.6,95
70,"{0: 0.5, 1: 0.5, 2: 0.6, 3: 0.2, 4: 0.6, 5: 0.3, 6: 0.2, 7: 0.3, 8: 0.5, 9: 0.6}","{0: 0.3236792364042437, 1: 0.4254364386164168, 2: 0.507610378684455, 3: 0.24240973241508024, 4: 0.11483682473920354, 5: 0.6106200424416326, 6: 0.28863055324025577, 7: 0.5812382214226123, 8: 0.1543627152742023, 9: 0.4811401018548175}","{0: False, 1: False, 2: False, 3: True, 4: False, 5: True, 6: True, 7: True, 8: False, 9: False}","{0: 0.0, 1: 0.0, 2: 0.0, 3: 0.2, 4: 0.0, 5: 0.3, 6: 0.2, 7: 0.3, 8: 0.0, 9: 0.0}",1.0,91
71,"{0: 0.6, 1: 0.4, 2: 0.5, 3: 0.5, 4: 0.6, 5: 0.6, 6: 0.4, 7: 0.2, 8: 0.3, 9: 0.3}","{0: 0.5325894325515859, 1: 0.05182353682242691, 2: 0.3366042781939206, 3: 0.13441467693897424, 4: 0.06337497047276774, 5: 0.9899602323899452, 6: 0.32235384497472297, 7: 0.8098744458546349, 8: 0.25464065476376385, 9: 0.6815027222239293}","{0: False, 1: False, 2: False, 3: False, 4: False, 5: True, 6: False, 7: True, 8: False, 9: True}","{0: 0.0, 1: 0.0, 2: 0.0, 3: 0.0, 4: 0.0, 5: 0.6, 6: 0.0, 7: 0.2, 8: 0.0, 9: 0.3}",1.1,88
72,"{0: 0.3, 1: 0.4, 2: 0.2, 3: 0.5, 4: 0.2, 5: 0.2, 6: 0.3, 7: 0.3, 8: 0.5, 9: 0.5}","{0: 0.7602278598896866, 1: 0.5956387406078443, 2: 0.47157618855015837, 3: 0.41184091414726853, 4: 0.3488682665429953, 5: 0.9295291442478258, 6: 0.8306194077877291, 7: 0.9650269106665126, 8: 0.12429722348554473, 9: 0.7308674752036443}","{0: True, 1: True, 2: True, 3: False, 4: True, 5: True, 6: True, 7: True, 8: False, 9: True}","{0: 0.3, 1: 0.4, 2: 0.2, 3: 0.0, 4: 0.2, 5: 0.2, 6: 0.3, 7: 0.3, 8: 0.0, 9: 0.5}",2.4,80
73,"{0: 0.4, 1: 0.2, 2: 0.5, 3: 0.2, 4: 0.5, 5: 0.2, 6: 0.4, 7: 0.2, 8: 0.5, 9: 0.3}","{0: 0.9383404568210378, 1: 0.18123306616566015, 2: 0.0664962673667775, 3: 0.741120649290059, 4: 0.5744731131799119, 5: 0.8418287767582721, 6: 0.1397723766262895, 7: 0.7952673118598902, 8: 0.20162732004774453, 9: 0.1636559428657045}","{0: True, 1: False, 2: False, 3: True, 4: True, 5: True, 6: False, 7: True, 8: False, 9: False}","{0: 0.4, 1: 0.0, 2: 0.0, 3: 0.2, 4: 0.5, 5: 0.2, 6: 0.0, 7: 0.2, 8: 0.0, 9: 0.0}",1.5,75
74,"{0: 0.6, 1: 0.6, 2: 0.2, 3: 0.2, 4: 0.6, 5: 0.4, 6: 0.4, 7: 0.3, 8: 0.6, 9: 0.4}","{0: 0.16426579793099294, 1: 0.8145747202313821, 2: 0.6651972206962001, 3: 0.5230654247691193, 4: 0.3588304841235025, 5: 0.8772005408131083, 6: 0.3924451074226354, 7: 0.8165994394715771, 8: 0.4391349085702184, 9: 0.3769444294249076}","{0: False, 1: True, 2: True, 3: True, 4: False, 5: True, 6: False, 7: True, 8: False, 9: False}","{0: 0.0, 1: 0.6, 2: 0.2, 3: 0.2, 4: 0.0, 5: 0.4, 6: 0.0, 7: 0.3, 8: 0.0, 9: 0.0}",1.7,70
75,"{0: 0.4, 1: 0.2, 2: 0.6, 3: 0.5, 4: 0.4, 5: 0.5, 6: 0.6, 7: 0.4, 8: 0.5, 9: 0.6}","{0: 0.46267978566960644, 1: 0.3013778741641421, 2: 0.7476093801762511, 3: 0.5027203900924792, 4: 0.2322126951468173, 5: 0.8995745732745685, 6: 0.3838912213732114, 7: 0.5435528611139886, 8: 0.9064721109645469, 9: 0.6242379959139921}","{0: True, 1: True, 2: True, 3: True, 4: False, 5: True, 6: False, 7: True, 8: True, 9: True}","{0: 0.4, 1: 0.2, 2: 0.6, 3: 0.5, 4: 0.0, 5: 0.5, 6: 0.0, 7: 0.4, 8: 0.5, 9: 0.6}",3.7,62
76,"{0: 0.4, 1: 0.5, 2: 0.5, 3: 0.4, 4: 0.2, 5: 0.4, 6: 0.4, 7: 0.4, 8: 0.4, 9: 0.4}","{0: 0.11689804070836407, 1: 0.9398321236134751, 2: 0.6277080530714179, 3: 0.3349056146570861, 4: 0.13927207266338726, 5: 0.794025189270296, 6: 0.6200727559285135, 7: 0.5334610919763215, 8: 0.8938925830509576, 9: 0.7885972112245307}","{0: False, 1: True, 2: True, 3: False, 4: False, 5: True, 6: True, 7: True, 8: True, 9: True}","{0: 0.0, 1: 0.5, 2: 0.5, 3: 0.0, 4: 0.0, 5: 0.4, 6: 0.4, 7: 0.4, 8: 0.4, 9: 0.4}",3.0,55
77,"{0: 0.2, 1: 0.5, 2: 0.6, 3: 0.4, 4: 0.6, 5: 0.2, 6: 0.6, 7: 0.4, 8: 0.5, 9: 0.5}","{0: 0.15167487973275118, 1: 0.31172206779554823, 2: 0.24848913981446574, 3: 0.743946292572677, 4: 0.03353243473577938, 5: 0.5698896848713165, 6: 0.7624586857406905, 7: 0.8767656367617495, 8: 0.34208174871590746, 9: 0.8212573046720129}","{0: False, 1: False, 2: False, 3: True, 4: False, 5: True, 6: True, 7: True, 8: False, 9: True}","{0: 0.0, 1: 0.0, 2: 0.0, 3: 0.4, 4: 0.0, 5: 0.2, 6: 0.6, 7: 0.4, 8: 0.0, 9: 0.5}",2.1,50
78,"{0: 0.6, 1: 0.4, 2: 0.4, 3: 0.4, 4: 0.3, 5: 0.4, 6: 0.5, 7: 0.2, 8: 0.3, 9: 0.6}","{0: 0.11063173695520723, 1: 0.8464522917345182, 2: 0.12748866233198242, 3: 0.39728729056036727, 4: 0.7972953657795536, 5: 0.14991742734877378, 6: 0.22925139523264149, 7: 0.7222525683930663, 8: 0.7200365365460744, 9: 0.6411476328852973}","{0: False, 1: True, 2: False, 3: False, 4: True, 5: False, 6: False, 7: True, 8: True, 9: True}","{0: 0.0, 1: 0.4, 2: 0.0, 3: 0.0, 4: 0.3, 5: 0.0, 6: 0.0, 7: 0.2, 8: 0.3, 9: 0.6}",1.8,45
79,"{0: 0.5, 1: 0.3, 2: 0.2, 3: 0.5, 4: 0.6, 5: 0.2, 6: 0.5, 7: 0.4, 8: 0.3, 9: 0.3}","{0: 0.6939484444671, 1: 0.5427244433475962, 2: 0.25179905890695276, 3: 0.34569599350391944, 4: 0.18159771680142567, 5: 0.9084505613336283, 6: 0.5833917947661205, 7: 0.4008514167636399, 8: 0.4620058036441327, 9: 0.9472833396118153}","{0: True, 1: True, 2: True, 3: False, 4: False, 5: True, 6: True, 7: True, 8: True, 9: True}","{0: 0.5, 1: 0.3, 2: 0.2, 3: 0.0, 4: 0.0, 5: 0.2, 6: 0.5, 7: 0.4, 8: 0.3, 9: 0.3}",2.7,37
80,"{0: 0.2, 1: 0.2, 2: 0.2, 3: 0.5, 4: 0.3, 5: 0.6, 6: 0.5, 7: 0.5, 8: 0.4, 9: 0.3}","{0: 0.1533514031160802, 1: 0.5862298320167972, 2: 0.505888678884466, 3: 0.6114542354346478, 4: 0.01811018382084051, 5: 0.8721239089441515, 6: 0.9321182824836124, 7: 0.5651331835892089, 8: 0.6966508238768923, 9: 0.9224993811772957}","{0: False, 1: True, 2: True, 3: True, 4: False, 5: True, 6: True, 7: True, 8: True, 9: True}","{0: 0.0, 1: 0.2, 2: 0.2, 3: 0.5, 4: 0.0, 5: 0.6, 6: 0.5, 7: 0.5, 8: 0.4, 9: 0.3}",3.2,29
81,"{0: 0.3, 1: 0.4, 2: 0.4, 3: 0.4, 4: 0.4, 5: 0.4, 6: 0.3, 7: 0.3, 8: 0.2, 9: 0.3}","{0: 0.7072386343133986, 1: 0.15253904291426135, 2: 0.5762883601668132, 3: 0.6067150463828559, 4: 0.424130671302386, 5: 0.7364442356247228, 6: 0.9343670147690148, 7: 0.9255685129067763, 8: 0.4508393714041321, 9: 0.11323804584075525}","{0: True, 1: False, 2: True, 3: True, 4: True, 5: True, 6: True, 7: True, 8: True, 9: False}","{0: 0.3, 1: 0.0, 2: 0.4, 3: 0.4, 4: 0.4, 5: 0.4, 6: 0.3, 7: 0.3, 8: 0.2, 9: 0.0}",2.7,21
82,"{0: 0.3, 1: 0.2, 2: 0.6, 3: 0.4, 4: 0.3, 5: 0.6, 6: 0.5, 7: 0.3, 8: 0.6, 9: 0.4}","{0: 0.9848411989623346, 1: 0.8388980864459341, 2: 0.12466268120326685, 3: 0.9208418826173723, 4: 0.8698963620621283, 5: 0.5188380571260721, 6: 0.5912754357449292, 7: 0.39900270387013026, 8: 0.05476163882203133, 9: 0.3351972416459009}","{0: True, 1: True, 2: False, 3: True, 4: True, 5: False, 6: True, 7: True, 8: False, 9: False}","{0: 0.3, 1: 0.2, 2: 0.0, 3: 0.4, 4: 0.3, 5: 0.0, 6: 0.5, 7: 0.3, 8: 0.0, 9: 0.0}",2.0,15
83,"{0: 0.2, 1: 0.3, 2: 0.5, 3: 0.6, 4: 0.5, 5: 0.6, 6: 0.2, 7: 0.3, 8: 0.6, 9: 0.4}","{0: 0.8028534485980114, 1: 0.004632023004602859, 2: 0.3334991716911442, 3: 0.3981686935909433, 4: 0.5373956029379229, 5: 0.9198556164127605, 6: 0.34634599436596125, 7: 0.3469532018962277, 8: 0.7375012481097484, 9: 0.45221794088980716}","{0: True, 1: False, 2: False, 3: False, 4: True, 5: True, 6: True, 7: True, 8: True, 9: True}","{0: 0.2, 1: 0.0, 2: 0.0, 3: 0.0, 4: 0.5, 5: 0.6, 6: 0.2, 7: 0.3, 8: 0.6, 9: 0.4}",2.8,8
84,"{0: 0.3, 1: 0.6, 2: 0.5, 3: 0.6, 4: 0.3, 5: 0.3, 6: 0.6, 7: 0.3, 8: 0.3, 9: 0.5}","{0: 0.22460482293998196, 1: 0.4524395161326934, 2: 0.14085702037979986, 3: 0.1763869865062233, 4: 0.49836777273947974, 5: 0.4189254495045479, 6: 0.9148459010681, 7: 0.3623938991166331, 8: 0.5805883502780435, 9: 0.6322642879195304}","{0: False, 1: False, 2: False, 3: False, 4: True, 5: True, 6: True, 7: True, 8: True, 9: True}","{0: 0.0, 1: 0.0, 2: 0.0, 3: 0.0, 4: 0.3, 5: 0.3, 6: 0.6, 7: 0.3, 8: 0.3, 9: 0.5}",2.3,2
85,"{0: 0.4, 1: 0.6, 2: 0.3, 3: 0.2, 4: 0.4, 5: 0.2, 6: 0.2, 7: 0.3, 8: 0.4, 9: 0.5}","{0: 0.013094456588333636, 1: 0.6635373720167106, 2: 0.17803596686975143, 3: 0.9610703174694551, 4: 0.14866272775311296, 5: 0.41462412372702373, 6: 0.08534966807864386, 7: 0.9968742518459474, 8: 0.5021950103312426, 9: 0.5953850173200438}","{0: False, 1: True, 2: False, 3: True, 4: False, 5: False, 6: False, 7: False, 8: False, 9: False}","{0: 0.0, 1: 0.6, 2: 0.0, 3: 0.2, 4: 0.0, 5: 0.0, 6: 0.0, 7: 0.0, 8: 0.0, 9: 0.0}",0.8,0
