round,oracle_reward,oracle_cumulative,ucb1_reward,ucb1_cumulative,ucb1_price,ucb1_regret,ucb1_cumulative_regret
0,0.0,0.0,0.1,0.1,0.1,-0.1,-0.1
1,0.5,0.5,0.2,0.30000000000000004,0.2,0.3,0.19999999999999998
2,0.5,1.0,0.3,0.6000000000000001,0.3,0.2,0.4
3,0.5,1.5,0.4,1.0,0.4,0.09999999999999998,0.5
4,0.0,1.5,0.5,1.5,0.5,-0.5,0.0
5,0.0,1.5,0.6,2.1,0.6,-0.6,-0.6
6,0.0,1.5,0.0,2.1,0.7,0.0,-0.6
7,0.5,2.0,0.8,2.9000000000000004,0.8,-0.30000000000000004,-0.9
8,0.5,2.5,0.0,2.9000000000000004,0.9,0.5,-0.4
9,0.5,3.0,0.0,2.9000000000000004,1.0,0.5,0.09999999999999998
10,0.0,3.0,0.0,2.9000000000000004,0.8,0.0,0.09999999999999998
11,0.5,3.5,0.6,3.5000000000000004,0.6,-0.09999999999999998,0.0
12,0.5,4.0,0.5,4.0,0.5,0.0,0.0
13,0.0,4.0,0.0,4.0,0.4,0.0,0.0
14,0.0,4.0,0.3,4.3,0.3,-0.3,-0.3
15,0.0,4.0,0.2,4.5,0.2,-0.2,-0.5
16,0.0,4.0,0.1,4.6,0.1,-0.1,-0.6
17,0.5,4.5,0.0,4.6,0.7,0.5,-0.09999999999999998
18,0.0,4.5,0.9,5.5,0.9,-0.9,-1.0
19,0.0,4.5,0.0,5.5,1.0,0.0,-1.0
20,0.5,5.0,0.6,6.1,0.6,-0.09999999999999998,-1.1
21,0.0,5.0,0.0,6.1,0.5,0.0,-1.1
22,0.0,5.0,0.9,7.0,0.9,-0.9,-2.0
23,0.0,5.0,0.8,7.8,0.8,-0.8,-2.8
24,0.0,5.0,0.3,8.1,0.3,-0.3,-3.0999999999999996
25,0.5,5.5,0.0,8.1,0.6,0.5,-2.5999999999999996
26,0.0,5.5,0.0,8.1,0.9,0.0,-2.5999999999999996
27,0.5,6.0,0.8,8.9,0.8,-0.30000000000000004,-2.8999999999999995
28,0.5,6.5,0.2,9.1,0.2,0.3,-2.5999999999999996
29,0.0,6.5,0.4,9.5,0.4,-0.4,-2.9999999999999996
30,0.5,7.0,0.0,9.5,0.1,0.5,-2.4999999999999996
31,0.0,7.0,0.0,9.5,0.8,0.0,-2.4999999999999996
32,0.0,7.0,0.0,9.5,0.7,0.0,-2.4999999999999996
33,0.5,7.5,0.0,9.5,1.0,0.5,-1.9999999999999996
34,0.5,8.0,0.0,9.5,0.5,0.5,-1.4999999999999996
35,0.5,8.5,0.3,9.8,0.3,0.2,-1.2999999999999996
36,0.0,8.5,0.0,9.8,0.4,0.0,-1.2999999999999996
37,0.0,8.5,0.6,10.4,0.6,-0.6,-1.8999999999999995
38,0.5,9.0,0.0,10.4,0.9,0.5,-1.3999999999999995
39,0.0,9.0,0.2,10.6,0.2,-0.2,-1.5999999999999994
40,0.0,9.0,0.0,10.6,0.6,0.0,-1.5999999999999994
41,0.0,9.0,0.0,10.6,0.8,0.0,-1.5999999999999994
42,0.0,9.0,0.3,10.9,0.3,-0.3,-1.8999999999999995
43,0.5,9.5,0.1,11.0,0.1,0.4,-1.4999999999999996
44,0.0,9.5,0.5,11.5,0.5,-0.5,-1.9999999999999996
45,0.5,10.0,0.0,11.5,0.9,0.5,-1.4999999999999996
46,0.0,10.0,0.0,11.5,0.7,0.0,-1.4999999999999996
47,0.5,10.5,0.0,11.5,1.0,0.5,-0.9999999999999996
48,0.5,11.0,0.2,11.7,0.2,0.3,-0.6999999999999995
49,0.0,11.0,0.0,11.7,0.4,0.0,-0.6999999999999995
50,0.5,11.5,0.3,12.0,0.3,0.2,-0.4999999999999995
51,0.5,12.0,0.5,12.5,0.5,0.0,-0.4999999999999995
52,0.5,12.5,0.8,13.3,0.8,-0.30000000000000004,-0.7999999999999996
53,0.5,13.0,0.6,13.9,0.6,-0.09999999999999998,-0.8999999999999996
54,0.5,13.5,0.8,14.700000000000001,0.8,-0.30000000000000004,-1.1999999999999997
55,0.5,14.0,0.0,14.700000000000001,0.8,0.5,-0.6999999999999997
56,0.0,14.0,0.6,15.3,0.6,-0.6,-1.2999999999999998
57,0.0,14.0,0.1,15.4,0.1,-0.1,-1.4
58,0.0,14.0,0.0,15.4,0.5,0.0,-1.4
59,0.0,14.0,0.2,15.6,0.2,-0.2,-1.5999999999999999
60,0.0,14.0,0.3,15.9,0.3,-0.3,-1.9
61,0.0,14.0,0.9,16.8,0.9,-0.9,-2.8
62,0.5,14.5,0.0,16.8,0.9,0.5,-2.3
63,0.0,14.5,0.0,16.8,0.6,0.0,-2.3
64,0.0,14.5,0.4,17.2,0.4,-0.4,-2.6999999999999997
65,0.5,15.0,0.7,17.9,0.7,-0.19999999999999996,-2.8999999999999995
66,0.0,15.0,0.0,17.9,1.0,0.0,-2.8999999999999995
67,0.5,15.5,0.0,17.9,0.7,0.5,-2.3999999999999995
68,0.0,15.5,0.0,17.9,0.8,0.0,-2.3999999999999995
69,0.5,16.0,0.0,17.9,0.3,0.5,-1.8999999999999995
70,0.5,16.5,0.2,18.099999999999998,0.2,0.3,-1.5999999999999994
71,0.0,16.5,0.0,18.099999999999998,0.4,0.0,-1.5999999999999994
72,0.0,16.5,0.0,18.099999999999998,0.5,0.0,-1.5999999999999994
73,0.5,17.0,0.0,18.099999999999998,0.1,0.5,-1.0999999999999994
74,0.5,17.5,0.6,18.7,0.6,-0.09999999999999998,-1.1999999999999993
75,0.5,18.0,0.0,18.7,0.9,0.5,-0.6999999999999993
76,0.5,18.5,0.0,18.7,0.6,0.5,-0.1999999999999993
77,0.0,18.5,0.0,18.7,0.8,0.0,-0.1999999999999993
78,0.0,18.5,0.0,18.7,0.7,0.0,-0.1999999999999993
79,0.0,18.5,0.0,18.7,1.0,0.0,-0.1999999999999993
80,0.5,19.0,0.2,18.9,0.2,0.3,0.1000000000000007
81,0.5,19.5,0.0,18.9,0.3,0.5,0.6000000000000008
82,0.0,19.5,0.0,18.9,0.5,0.0,0.6000000000000008
83,0.0,19.5,0.4,19.299999999999997,0.4,-0.4,0.20000000000000073
84,0.0,19.5,0.9,20.199999999999996,0.9,-0.9,-0.6999999999999993
85,0.0,19.5,0.0,20.199999999999996,0.9,0.0,-0.6999999999999993
86,0.5,20.0,0.1,20.299999999999997,0.1,0.4,-0.29999999999999927
87,0.5,20.5,0.0,20.299999999999997,0.6,0.5,0.20000000000000073
88,0.5,21.0,0.8,21.099999999999998,0.8,-0.30000000000000004,-0.09999999999999931
89,0.0,21.0,0.0,21.099999999999998,0.8,0.0,-0.09999999999999931
90,0.0,21.0,0.2,21.299999999999997,0.2,-0.2,-0.2999999999999993
91,0.5,21.5,0.4,21.699999999999996,0.4,0.09999999999999998,-0.19999999999999934
92,0.5,22.0,0.0,21.699999999999996,0.7,0.5,0.30000000000000066
93,0.5,22.5,0.3,21.999999999999996,0.3,0.2,0.5000000000000007
94,0.5,23.0,0.0,21.999999999999996,0.9,0.5,1.0000000000000007
95,0.0,23.0,0.0,21.999999999999996,1.0,0.0,1.0000000000000007
96,0.5,23.5,0.0,21.999999999999996,0.4,0.5,1.5000000000000007
97,0.0,23.5,0.0,21.999999999999996,0.5,0.0,1.5000000000000007
98,0.0,23.5,0.6,22.599999999999998,0.6,-0.6,0.9000000000000007
99,0.0,23.5,0.1,22.7,0.1,-0.1,0.8000000000000007
100,0.0,23.5,0.0,22.7,0.2,0.0,0.8000000000000007
101,0.5,24.0,0.6,23.3,0.6,-0.09999999999999998,0.7000000000000007
102,0.0,24.0,0.8,24.1,0.8,-0.8,-0.09999999999999931
103,0.5,24.5,0.8,24.900000000000002,0.8,-0.30000000000000004,-0.39999999999999936
104,0.5,25.0,0.8,25.700000000000003,0.8,-0.30000000000000004,-0.6999999999999994
105,0.0,25.0,0.0,25.700000000000003,0.8,0.0,-0.6999999999999994
106,0.0,25.0,0.3,26.000000000000004,0.3,-0.3,-0.9999999999999993
107,0.5,25.5,0.6,26.600000000000005,0.6,-0.09999999999999998,-1.0999999999999992
108,0.0,25.5,0.6,27.200000000000006,0.6,-0.6,-1.6999999999999993
109,0.0,25.5,0.0,27.200000000000006,0.9,0.0,-1.6999999999999993
110,0.0,25.5,0.6,27.800000000000008,0.6,-0.6,-2.2999999999999994
111,0.0,25.5,0.0,27.800000000000008,0.7,0.0,-2.2999999999999994
112,0.5,26.0,0.0,27.800000000000008,0.3,0.5,-1.7999999999999994
113,0.5,26.5,0.4,28.200000000000006,0.4,0.09999999999999998,-1.6999999999999993
114,0.5,27.0,0.5,28.700000000000006,0.5,0.0,-1.6999999999999993
115,0.5,27.5,0.0,28.700000000000006,0.6,0.5,-1.1999999999999993
116,0.5,28.0,0.0,28.700000000000006,0.8,0.5,-0.6999999999999993
117,0.0,28.0,0.0,28.700000000000006,1.0,0.0,-0.6999999999999993
118,0.5,28.5,0.1,28.800000000000008,0.1,0.4,-0.29999999999999927
119,0.5,29.0,0.0,28.800000000000008,0.5,0.5,0.20000000000000073
120,0.5,29.5,0.2,29.000000000000007,0.2,0.3,0.5000000000000007
121,0.5,30.0,0.4,29.400000000000006,0.4,0.09999999999999998,0.6000000000000006
122,0.0,30.0,0.0,29.400000000000006,0.9,0.0,0.6000000000000006
123,0.0,30.0,0.6,30.000000000000007,0.6,-0.6,6.661338147750939e-16
124,0.0,30.0,0.0,30.000000000000007,0.8,0.0,6.661338147750939e-16
125,0.0,30.0,0.4,30.400000000000006,0.4,-0.4,-0.39999999999999936
126,0.5,30.5,0.0,30.400000000000006,0.6,0.5,0.10000000000000064
127,0.5,31.0,0.3,30.700000000000006,0.3,0.2,0.30000000000000066
128,0.0,31.0,0.2,30.900000000000006,0.2,-0.2,0.10000000000000064
129,0.5,31.5,0.1,31.000000000000007,0.1,0.4,0.5000000000000007
130,0.0,31.5,0.7,31.700000000000006,0.7,-0.7,-0.1999999999999993
131,0.0,31.5,0.0,31.700000000000006,0.7,0.0,-0.1999999999999993
132,0.0,31.5,0.0,31.700000000000006,0.4,0.0,-0.1999999999999993
133,0.0,31.5,0.0,31.700000000000006,0.5,0.0,-0.1999999999999993
134,0.5,32.0,0.0,31.700000000000006,1.0,0.5,0.3000000000000007
135,0.0,32.0,0.0,31.700000000000006,0.3,0.0,0.3000000000000007
136,0.5,32.5,0.8,32.50000000000001,0.8,-0.30000000000000004,6.661338147750939e-16
137,0.5,33.0,0.0,32.50000000000001,0.8,0.5,0.5000000000000007
138,0.0,33.0,0.0,32.50000000000001,0.9,0.0,0.5000000000000007
139,0.5,33.5,0.0,32.50000000000001,0.6,0.5,1.0000000000000007
140,0.5,34.0,0.2,32.70000000000001,0.2,0.3,1.3000000000000007
141,0.0,34.0,0.0,32.70000000000001,0.7,0.0,1.3000000000000007
142,0.0,34.0,0.1,32.80000000000001,0.1,-0.1,1.2000000000000006
143,0.0,34.0,0.4,33.20000000000001,0.4,-0.4,0.8000000000000006
144,0.0,34.0,0.0,33.20000000000001,0.8,0.0,0.8000000000000006
145,0.0,34.0,0.5,33.70000000000001,0.5,-0.5,0.3000000000000006
146,0.5,34.5,0.6,34.30000000000001,0.6,-0.09999999999999998,0.20000000000000062
147,0.5,35.0,0.2,34.500000000000014,0.2,0.3,0.5000000000000007
148,0.0,35.0,0.3,34.80000000000001,0.3,-0.3,0.20000000000000068
149,0.0,35.0,0.5,35.30000000000001,0.5,-0.5,-0.2999999999999993
150,0.5,35.5,0.4,35.70000000000001,0.4,0.09999999999999998,-0.19999999999999934
151,0.0,35.5,0.0,35.70000000000001,0.9,0.0,-0.19999999999999934
152,0.0,35.5,0.6,36.30000000000001,0.6,-0.6,-0.7999999999999994
153,0.0,35.5,0.0,36.30000000000001,1.0,0.0,-0.7999999999999994
154,0.5,36.0,0.6,36.90000000000001,0.6,-0.09999999999999998,-0.8999999999999994
155,0.0,36.0,0.5,37.40000000000001,0.5,-0.5,-1.3999999999999995
156,0.5,36.5,0.0,37.40000000000001,0.6,0.5,-0.8999999999999995
157,0.5,37.0,0.5,37.90000000000001,0.5,0.0,-0.8999999999999995
158,0.0,37.0,0.4,38.30000000000001,0.4,-0.4,-1.2999999999999994
159,0.5,37.5,0.0,38.30000000000001,0.8,0.5,-0.7999999999999994
160,0.0,37.5,0.3,38.60000000000001,0.3,-0.3,-1.0999999999999994
161,0.5,38.0,0.1,38.70000000000001,0.1,0.4,-0.6999999999999994
162,0.5,38.5,0.0,38.70000000000001,0.5,0.5,-0.1999999999999994
163,0.5,39.0,0.2,38.90000000000001,0.2,0.3,0.10000000000000059
164,0.0,39.0,0.0,38.90000000000001,0.7,0.0,0.10000000000000059
165,0.5,39.5,0.4,39.30000000000001,0.4,0.09999999999999998,0.20000000000000057
166,0.0,39.5,0.0,39.30000000000001,0.9,0.0,0.20000000000000057
167,0.0,39.5,0.3,39.60000000000001,0.3,-0.3,-0.09999999999999942
168,0.0,39.5,0.0,39.60000000000001,0.6,0.0,-0.09999999999999942
169,0.5,40.0,0.0,39.60000000000001,0.4,0.5,0.4000000000000006
170,0.5,40.5,0.0,39.60000000000001,0.8,0.5,0.9000000000000006
171,0.0,40.5,0.2,39.80000000000001,0.2,-0.2,0.7000000000000006
172,0.5,41.0,0.0,39.80000000000001,1.0,0.5,1.2000000000000006
173,0.0,41.0,0.1,39.90000000000001,0.1,-0.1,1.1000000000000005
174,0.5,41.5,0.3,40.20000000000001,0.3,0.2,1.3000000000000005
175,0.0,41.5,0.5,40.70000000000001,0.5,-0.5,0.8000000000000005
176,0.5,42.0,0.5,41.20000000000001,0.5,0.0,0.8000000000000005
177,0.0,42.0,0.0,41.20000000000001,0.6,0.0,0.8000000000000005
178,0.5,42.5,0.7,41.90000000000001,0.7,-0.19999999999999996,0.6000000000000005
179,0.0,42.5,0.0,41.90000000000001,0.7,0.0,0.6000000000000005
180,0.0,42.5,0.5,42.40000000000001,0.5,-0.5,0.10000000000000053
181,0.0,42.5,0.0,42.40000000000001,0.9,0.0,0.10000000000000053
182,0.5,43.0,0.2,42.600000000000016,0.2,0.3,0.4000000000000005
183,0.5,43.5,0.3,42.90000000000001,0.3,0.2,0.6000000000000005
184,0.0,43.5,0.0,42.90000000000001,0.4,0.0,0.6000000000000005
185,0.5,44.0,0.8,43.70000000000001,0.8,-0.30000000000000004,0.3000000000000005
186,0.5,44.5,0.0,43.70000000000001,0.8,0.5,0.8000000000000005
187,0.5,45.0,0.0,43.70000000000001,0.5,0.5,1.3000000000000005
188,0.5,45.5,0.1,43.80000000000001,0.1,0.4,1.7000000000000006
189,0.0,45.5,0.3,44.10000000000001,0.3,-0.3,1.4000000000000006
190,0.0,45.5,0.0,44.10000000000001,0.6,0.0,1.4000000000000006
191,0.5,46.0,0.0,44.10000000000001,1.0,0.5,1.9000000000000006
192,0.5,46.5,0.0,44.10000000000001,0.7,0.5,2.4000000000000004
193,0.5,47.0,0.2,44.30000000000001,0.2,0.3,2.7
194,0.0,47.0,0.0,44.30000000000001,0.8,0.0,2.7
195,0.0,47.0,0.3,44.60000000000001,0.3,-0.3,2.4000000000000004
196,0.5,47.5,0.4,45.00000000000001,0.4,0.09999999999999998,2.5000000000000004
197,0.5,48.0,0.9,45.900000000000006,0.9,-0.4,2.1000000000000005
198,0.5,48.5,0.0,45.900000000000006,0.9,0.5,2.6000000000000005
199,0.5,49.0,0.0,45.900000000000006,0.5,0.5,3.1000000000000005
200,0.5,49.5,0.6,46.50000000000001,0.6,-0.09999999999999998,3.0000000000000004
201,0.0,49.5,0.0,46.50000000000001,0.4,0.0,3.0000000000000004
202,0.0,49.5,0.0,46.50000000000001,0.2,0.0,3.0000000000000004
203,0.5,50.0,0.0,46.50000000000001,0.6,0.5,3.5000000000000004
204,0.5,50.5,0.1,46.60000000000001,0.1,0.4,3.9000000000000004
205,0.0,50.5,0.3,46.900000000000006,0.3,-0.3,3.6000000000000005
206,0.0,50.5,0.0,46.900000000000006,0.9,0.0,3.6000000000000005
207,0.5,51.0,0.0,46.900000000000006,0.8,0.5,4.1000000000000005
208,0.0,51.0,0.0,46.900000000000006,0.7,0.0,4.1000000000000005
209,0.0,51.0,0.0,46.900000000000006,1.0,0.0,4.1000000000000005
210,0.5,51.5,0.0,46.900000000000006,0.5,0.5,4.6000000000000005
211,0.5,52.0,0.3,47.2,0.3,0.2,4.800000000000001
212,0.5,52.5,0.0,47.2,0.6,0.5,5.300000000000001
213,0.0,52.5,0.4,47.6,0.4,-0.4,4.9
214,0.5,53.0,0.0,47.6,0.8,0.5,5.4
215,0.0,53.0,0.1,47.7,0.1,-0.1,5.300000000000001
216,0.0,53.0,0.0,47.7,0.3,0.0,5.300000000000001
217,0.5,53.5,0.2,47.900000000000006,0.2,0.3,5.6000000000000005
218,0.5,54.0,0.0,47.900000000000006,0.9,0.5,6.1000000000000005
219,0.5,54.5,0.0,47.900000000000006,0.4,0.5,6.6000000000000005
220,0.5,55.0,0.5,48.400000000000006,0.5,0.0,6.6000000000000005
221,0.5,55.5,0.0,48.400000000000006,0.7,0.5,7.1000000000000005
222,0.0,55.5,0.0,48.400000000000006,0.6,0.0,7.1000000000000005
223,0.0,55.5,0.5,48.900000000000006,0.5,-0.5,6.6000000000000005
224,0.0,55.5,0.2,49.10000000000001,0.2,-0.2,6.4
225,0.0,55.5,0.5,49.60000000000001,0.5,-0.5,5.9
226,0.5,56.0,0.0,49.60000000000001,0.8,0.5,6.4
227,0.0,56.0,0.0,49.60000000000001,1.0,0.0,6.4
228,0.5,56.5,0.5,50.10000000000001,0.5,0.0,6.4
229,0.5,57.0,0.1,50.20000000000001,0.1,0.4,6.800000000000001
230,0.5,57.5,0.3,50.50000000000001,0.3,0.2,7.000000000000001
231,0.5,58.0,0.0,50.50000000000001,0.5,0.5,7.500000000000001
232,0.5,58.5,0.0,50.50000000000001,0.9,0.5,8.0
233,0.0,58.5,0.0,50.50000000000001,0.4,0.0,8.0
234,0.0,58.5,0.6,51.10000000000001,0.6,-0.6,7.4
235,0.5,59.0,0.0,51.10000000000001,0.6,0.5,7.9
236,0.0,59.0,0.2,51.30000000000001,0.2,-0.2,7.7
237,0.0,59.0,0.3,51.60000000000001,0.3,-0.3,7.4
238,0.5,59.5,0.8,52.400000000000006,0.8,-0.30000000000000004,7.1000000000000005
239,0.0,59.5,0.0,52.400000000000006,0.8,0.0,7.1000000000000005
240,0.5,60.0,0.7,53.10000000000001,0.7,-0.19999999999999996,6.9
241,0.5,60.5,0.7,53.80000000000001,0.7,-0.19999999999999996,6.7
242,0.5,61.0,0.7,54.500000000000014,0.7,-0.19999999999999996,6.5
243,0.0,61.0,0.7,55.20000000000002,0.7,-0.7,5.8
244,0.0,61.0,0.7,55.90000000000002,0.7,-0.7,5.1
245,0.5,61.5,0.0,55.90000000000002,0.7,0.5,5.6
246,0.0,61.5,0.0,55.90000000000002,0.7,0.0,5.6
247,0.5,62.0,0.0,55.90000000000002,0.1,0.5,6.1
248,0.5,62.5,0.3,56.20000000000002,0.3,0.2,6.3
249,0.5,63.0,0.5,56.70000000000002,0.5,0.0,6.3
250,0.0,63.0,0.2,56.90000000000002,0.2,-0.2,6.1
251,0.0,63.0,0.0,56.90000000000002,0.5,0.0,6.1
252,0.5,63.5,0.0,56.90000000000002,0.4,0.5,6.6
253,0.0,63.5,0.0,56.90000000000002,0.7,0.0,6.6
254,0.0,63.5,0.0,56.90000000000002,0.9,0.0,6.6
255,0.5,64.0,0.0,56.90000000000002,1.0,0.5,7.1
256,0.5,64.5,0.0,56.90000000000002,0.6,0.5,7.6
257,0.5,65.0,0.0,56.90000000000002,0.8,0.5,8.1
258,0.5,65.5,0.0,56.90000000000002,0.3,0.5,8.6
259,0.0,65.5,0.2,57.10000000000002,0.2,-0.2,8.4
260,0.5,66.0,0.0,57.10000000000002,0.5,0.5,8.9
261,0.5,66.5,0.6,57.700000000000024,0.6,-0.09999999999999998,8.8
262,0.0,66.5,0.0,57.700000000000024,0.6,0.0,8.8
263,0.5,67.0,0.0,57.700000000000024,0.8,0.5,9.3
264,0.5,67.5,0.0,57.700000000000024,0.1,0.5,9.8
265,0.5,68.0,0.0,57.700000000000024,0.4,0.5,10.3
266,0.5,68.5,0.0,57.700000000000024,0.7,0.5,10.8
267,0.5,69.0,0.0,57.700000000000024,0.9,0.5,11.3
268,0.0,69.0,0.3,58.00000000000002,0.3,-0.3,11.0
269,0.0,69.0,0.2,58.200000000000024,0.2,-0.2,10.8
270,0.5,69.5,0.0,58.200000000000024,1.0,0.5,11.3
271,0.5,70.0,0.3,58.50000000000002,0.3,0.2,11.5
272,0.5,70.5,0.6,59.10000000000002,0.6,-0.09999999999999998,11.4
273,0.5,71.0,0.0,59.10000000000002,0.6,0.5,11.9
274,0.5,71.5,0.0,59.10000000000002,0.5,0.5,12.4
275,0.5,72.0,0.0,59.10000000000002,0.8,0.5,12.9
276,0.5,72.5,0.2,59.300000000000026,0.2,0.3,13.200000000000001
277,0.5,73.0,0.4,59.700000000000024,0.4,0.09999999999999998,13.3
278,0.5,73.5,0.0,59.700000000000024,0.7,0.5,13.8
279,0.5,74.0,0.3,60.00000000000002,0.3,0.2,14.0
280,0.5,74.5,0.0,60.00000000000002,0.9,0.5,14.5
281,0.0,74.5,0.1,60.10000000000002,0.1,-0.1,14.4
282,0.0,74.5,0.4,60.50000000000002,0.4,-0.4,14.0
283,0.0,74.5,0.0,60.50000000000002,0.6,0.0,14.0
284,0.5,75.0,0.3,60.80000000000002,0.3,0.2,14.2
285,0.0,75.0,0.4,61.20000000000002,0.4,-0.4,13.799999999999999
286,0.0,75.0,0.0,61.20000000000002,0.2,0.0,13.799999999999999
287,0.5,75.5,0.0,61.20000000000002,0.5,0.5,14.299999999999999
288,0.0,75.5,0.0,61.20000000000002,0.8,0.0,14.299999999999999
289,0.5,76.0,0.0,61.20000000000002,1.0,0.5,14.799999999999999
290,0.0,76.0,0.0,61.20000000000002,0.4,0.0,14.799999999999999
291,0.0,76.0,0.0,61.20000000000002,0.3,0.0,14.799999999999999
292,0.5,76.5,0.0,61.20000000000002,0.7,0.5,15.299999999999999
293,0.0,76.5,0.0,61.20000000000002,0.9,0.0,15.299999999999999
294,0.0,76.5,0.1,61.30000000000002,0.1,-0.1,15.2
295,0.5,77.0,0.0,61.30000000000002,0.6,0.5,15.7
296,0.5,77.5,0.0,61.30000000000002,0.8,0.5,16.2
297,0.0,77.5,0.0,61.30000000000002,0.5,0.0,16.2
298,0.5,78.0,0.2,61.50000000000002,0.2,0.3,16.5
299,0.0,78.0,0.4,61.90000000000002,0.4,-0.4,16.1
300,0.0,78.0,0.0,61.90000000000002,0.3,0.0,16.1
301,0.5,78.5,0.4,62.30000000000002,0.4,0.09999999999999998,16.200000000000003
302,0.5,79.0,0.0,62.30000000000002,0.7,0.5,16.700000000000003
303,0.5,79.5,0.0,62.30000000000002,0.6,0.5,17.200000000000003
304,0.5,80.0,0.0,62.30000000000002,1.0,0.5,17.700000000000003
305,0.5,80.5,0.4,62.70000000000002,0.4,0.09999999999999998,17.800000000000004
306,0.5,81.0,0.1,62.80000000000002,0.1,0.4,18.200000000000003
307,0.0,81.0,0.2,63.00000000000002,0.2,-0.2,18.000000000000004
308,0.5,81.5,0.0,63.00000000000002,0.9,0.5,18.500000000000004
309,0.0,81.5,0.8,63.80000000000002,0.8,-0.8,17.700000000000003
310,0.0,81.5,0.0,63.80000000000002,0.8,0.0,17.700000000000003
311,0.0,81.5,0.4,64.20000000000002,0.4,-0.4,17.300000000000004
312,0.0,81.5,0.5,64.70000000000002,0.5,-0.5,16.800000000000004
313,0.5,82.0,0.5,65.20000000000002,0.5,0.0,16.800000000000004
314,0.5,82.5,0.0,65.20000000000002,0.5,0.5,17.300000000000004
315,0.5,83.0,0.4,65.60000000000002,0.4,0.09999999999999998,17.400000000000006
316,0.0,83.0,0.3,65.90000000000002,0.3,-0.3,17.100000000000005
317,0.0,83.0,0.0,65.90000000000002,0.8,0.0,17.100000000000005
318,0.0,83.0,0.0,65.90000000000002,0.4,0.0,17.100000000000005
319,0.0,83.0,0.0,65.90000000000002,0.2,0.0,17.100000000000005
320,0.5,83.5,0.0,65.90000000000002,0.6,0.5,17.600000000000005
321,0.5,84.0,0.0,65.90000000000002,0.7,0.5,18.100000000000005
322,0.5,84.5,0.1,66.00000000000001,0.1,0.4,18.500000000000004
323,0.0,84.5,0.0,66.00000000000001,0.3,0.0,18.500000000000004
324,0.5,85.0,0.9,66.90000000000002,0.9,-0.4,18.100000000000005
325,0.5,85.5,0.0,66.90000000000002,0.9,0.5,18.600000000000005
326,0.5,86.0,0.0,66.90000000000002,0.5,0.5,19.100000000000005
327,0.5,86.5,0.0,66.90000000000002,1.0,0.5,19.600000000000005
328,0.0,86.5,0.0,66.90000000000002,0.9,0.0,19.600000000000005
329,0.0,86.5,0.0,66.90000000000002,0.8,0.0,19.600000000000005
330,0.0,86.5,0.0,66.90000000000002,0.6,0.0,19.600000000000005
331,0.5,87.0,0.4,67.30000000000003,0.4,0.09999999999999998,19.700000000000006
332,0.0,87.0,0.2,67.50000000000003,0.2,-0.2,19.500000000000007
333,0.0,87.0,0.4,67.90000000000003,0.4,-0.4,19.10000000000001
334,0.0,87.0,0.1,68.00000000000003,0.1,-0.1,19.000000000000007
335,0.0,87.0,0.3,68.30000000000003,0.3,-0.3,18.700000000000006
336,0.5,87.5,0.0,68.30000000000003,0.7,0.5,19.200000000000006
337,0.5,88.0,0.4,68.70000000000003,0.4,0.09999999999999998,19.300000000000008
338,0.0,88.0,0.0,68.70000000000003,0.5,0.0,19.300000000000008
339,0.0,88.0,0.0,68.70000000000003,0.4,0.0,19.300000000000008
340,0.0,88.0,0.0,68.70000000000003,0.3,0.0,19.300000000000008
341,0.0,88.0,0.0,68.70000000000003,0.6,0.0,19.300000000000008
342,0.0,88.0,0.2,68.90000000000003,0.2,-0.2,19.10000000000001
343,0.0,88.0,0.0,68.90000000000003,0.9,0.0,19.10000000000001
344,0.0,88.0,0.0,68.90000000000003,0.8,0.0,19.10000000000001
345,0.5,88.5,0.0,68.90000000000003,1.0,0.5,19.60000000000001
346,0.5,89.0,0.1,69.00000000000003,0.1,0.4,20.000000000000007
347,0.0,89.0,0.2,69.20000000000003,0.2,-0.2,19.800000000000008
348,0.0,89.0,0.7,69.90000000000003,0.7,-0.7,19.10000000000001
349,0.5,89.5,0.0,69.90000000000003,0.7,0.5,19.60000000000001
350,0.5,90.0,0.5,70.40000000000003,0.5,0.0,19.60000000000001
351,0.5,90.5,0.4,70.80000000000004,0.4,0.09999999999999998,19.70000000000001
352,0.5,91.0,0.0,70.80000000000004,0.5,0.5,20.20000000000001
353,0.0,91.0,0.6,71.40000000000003,0.6,-0.6,19.60000000000001
354,0.0,91.0,0.0,71.40000000000003,0.6,0.0,19.60000000000001
355,0.5,91.5,0.3,71.70000000000003,0.3,0.2,19.800000000000008
356,0.0,91.5,0.4,72.10000000000004,0.4,-0.4,19.40000000000001
357,0.5,92.0,0.0,72.10000000000004,0.8,0.5,19.90000000000001
358,0.5,92.5,0.0,72.10000000000004,0.9,0.5,20.40000000000001
359,0.5,93.0,0.4,72.50000000000004,0.4,0.09999999999999998,20.50000000000001
360,0.0,93.0,0.7,73.20000000000005,0.7,-0.7,19.80000000000001
361,0.5,93.5,0.0,73.20000000000005,0.7,0.5,20.30000000000001
362,0.0,93.5,0.2,73.40000000000005,0.2,-0.2,20.100000000000012
363,0.5,94.0,0.3,73.70000000000005,0.3,0.2,20.30000000000001
364,0.5,94.5,0.4,74.10000000000005,0.4,0.09999999999999998,20.400000000000013
365,0.0,94.5,0.1,74.20000000000005,0.1,-0.1,20.30000000000001
366,0.5,95.0,0.4,74.60000000000005,0.4,0.09999999999999998,20.400000000000013
367,0.5,95.5,0.6,75.20000000000005,0.6,-0.09999999999999998,20.30000000000001
368,0.0,95.5,0.0,75.20000000000005,0.6,0.0,20.30000000000001
369,0.0,95.5,0.0,75.20000000000005,1.0,0.0,20.30000000000001
370,0.0,95.5,0.3,75.50000000000004,0.3,-0.3,20.00000000000001
371,0.0,95.5,0.0,75.50000000000004,0.5,0.0,20.00000000000001
372,0.0,95.5,0.4,75.90000000000005,0.4,-0.4,19.600000000000012
373,0.5,96.0,0.0,75.90000000000005,0.7,0.5,20.100000000000012
374,0.0,96.0,0.2,76.10000000000005,0.2,-0.2,19.900000000000013
375,0.0,96.0,0.8,76.90000000000005,0.8,-0.8,19.100000000000012
376,0.5,96.5,0.0,76.90000000000005,0.8,0.5,19.600000000000012
377,0.0,96.5,0.4,77.30000000000005,0.4,-0.4,19.200000000000014
378,0.5,97.0,0.3,77.60000000000005,0.3,0.2,19.400000000000013
379,0.0,97.0,0.4,78.00000000000006,0.4,-0.4,19.000000000000014
380,0.0,97.0,0.0,78.00000000000006,0.9,0.0,19.000000000000014
381,0.5,97.5,0.0,78.00000000000006,0.8,0.5,19.500000000000014
382,0.5,98.0,0.4,78.40000000000006,0.4,0.09999999999999998,19.600000000000016
383,0.5,98.5,0.0,78.40000000000006,0.6,0.5,20.100000000000016
384,0.5,99.0,0.1,78.50000000000006,0.1,0.4,20.500000000000014
385,0.5,99.5,0.3,78.80000000000005,0.3,0.2,20.700000000000014
386,0.0,99.5,0.2,79.00000000000006,0.2,-0.2,20.500000000000014
387,0.0,99.5,0.0,79.00000000000006,0.4,0.0,20.500000000000014
388,0.5,100.0,0.5,79.50000000000006,0.5,0.0,20.500000000000014
389,0.5,100.5,0.0,79.50000000000006,0.5,0.5,21.000000000000014
390,0.5,101.0,0.0,79.50000000000006,0.7,0.5,21.500000000000014
391,0.0,101.0,0.0,79.50000000000006,0.3,0.0,21.500000000000014
392,0.0,101.0,0.0,79.50000000000006,1.0,0.0,21.500000000000014
393,0.5,101.5,0.2,79.70000000000006,0.2,0.3,21.800000000000015
394,0.0,101.5,0.0,79.70000000000006,0.8,0.0,21.800000000000015
395,0.5,102.0,0.6,80.30000000000005,0.6,-0.09999999999999998,21.700000000000014
396,0.5,102.5,0.0,80.30000000000005,0.6,0.5,22.200000000000014
397,0.0,102.5,0.0,80.30000000000005,0.9,0.0,22.200000000000014
398,0.5,103.0,0.4,80.70000000000006,0.4,0.09999999999999998,22.300000000000015
399,0.5,103.5,0.1,80.80000000000005,0.1,0.4,22.700000000000014
400,0.0,103.5,0.0,80.80000000000005,0.5,0.0,22.700000000000014
401,0.5,104.0,0.0,80.80000000000005,0.4,0.5,23.200000000000014
402,0.5,104.5,0.0,80.80000000000005,0.2,0.5,23.700000000000014
403,0.5,105.0,0.3,81.10000000000005,0.3,0.2,23.900000000000013
404,0.0,105.0,0.0,81.10000000000005,0.7,0.0,23.900000000000013
405,0.5,105.5,0.0,81.10000000000005,0.6,0.5,24.400000000000013
406,0.0,105.5,0.8,81.90000000000005,0.8,-0.8,23.600000000000012
407,0.0,105.5,0.8,82.70000000000005,0.8,-0.8,22.80000000000001
408,0.5,106.0,0.0,82.70000000000005,0.8,0.5,23.30000000000001
409,0.0,106.0,0.8,83.50000000000004,0.8,-0.8,22.50000000000001
410,0.0,106.0,0.0,83.50000000000004,0.8,0.0,22.50000000000001
411,0.5,106.5,0.0,83.50000000000004,0.3,0.5,23.00000000000001
412,0.5,107.0,0.0,83.50000000000004,0.8,0.5,23.50000000000001
413,0.5,107.5,0.0,83.50000000000004,0.1,0.5,24.00000000000001
414,0.5,108.0,0.0,83.50000000000004,0.9,0.5,24.50000000000001
415,0.0,108.0,0.4,83.90000000000005,0.4,-0.4,24.100000000000012
416,0.0,108.0,0.0,83.90000000000005,1.0,0.0,24.100000000000012
417,0.0,108.0,0.0,83.90000000000005,0.5,0.0,24.100000000000012
418,0.5,108.5,0.4,84.30000000000005,0.4,0.09999999999999998,24.200000000000014
419,0.5,109.0,0.6,84.90000000000005,0.6,-0.09999999999999998,24.100000000000012
420,0.5,109.5,0.0,84.90000000000005,0.6,0.5,24.600000000000012
421,0.5,110.0,0.4,85.30000000000005,0.4,0.09999999999999998,24.700000000000014
422,0.0,110.0,0.0,85.30000000000005,0.2,0.0,24.700000000000014
423,0.0,110.0,0.0,85.30000000000005,0.7,0.0,24.700000000000014
424,0.0,110.0,0.4,85.70000000000006,0.4,-0.4,24.300000000000015
425,0.5,110.5,0.3,86.00000000000006,0.3,0.2,24.500000000000014
426,0.0,110.5,0.0,86.00000000000006,0.4,0.0,24.500000000000014
427,0.5,111.0,0.8,86.80000000000005,0.8,-0.30000000000000004,24.200000000000014
428,0.0,111.0,0.0,86.80000000000005,0.8,0.0,24.200000000000014
429,0.0,111.0,0.8,87.60000000000005,0.8,-0.8,23.400000000000013
430,0.0,111.0,0.0,87.60000000000005,0.8,0.0,23.400000000000013
431,0.5,111.5,0.0,87.60000000000005,0.6,0.5,23.900000000000013
432,0.5,112.0,0.3,87.90000000000005,0.3,0.2,24.100000000000012
433,0.0,112.0,0.5,88.40000000000005,0.5,-0.5,23.600000000000012
434,0.0,112.0,0.0,88.40000000000005,0.5,0.0,23.600000000000012
435,0.5,112.5,0.0,88.40000000000005,0.9,0.5,24.100000000000012
436,0.0,112.5,0.1,88.50000000000004,0.1,-0.1,24.00000000000001
437,0.5,113.0,0.0,88.50000000000004,0.8,0.5,24.50000000000001
438,0.5,113.5,0.0,88.50000000000004,0.3,0.5,25.00000000000001
439,0.0,113.5,0.2,88.70000000000005,0.2,-0.2,24.80000000000001
440,0.0,113.5,0.0,88.70000000000005,1.0,0.0,24.80000000000001
441,0.5,114.0,0.0,88.70000000000005,0.4,0.5,25.30000000000001
442,0.0,114.0,0.0,88.70000000000005,0.7,0.0,25.30000000000001
443,0.0,114.0,0.0,88.70000000000005,0.6,0.0,25.30000000000001
444,0.5,114.5,0.5,89.20000000000005,0.5,0.0,25.30000000000001
445,0.5,115.0,0.0,89.20000000000005,0.5,0.5,25.80000000000001
446,0.5,115.5,0.2,89.40000000000005,0.2,0.3,26.100000000000012
447,0.5,116.0,0.1,89.50000000000004,0.1,0.4,26.50000000000001
448,0.0,116.0,0.8,90.30000000000004,0.8,-0.8,25.70000000000001
449,0.0,116.0,0.0,90.30000000000004,0.8,0.0,25.70000000000001
450,0.5,116.5,0.0,90.30000000000004,0.9,0.5,26.20000000000001
451,0.5,117.0,0.3,90.60000000000004,0.3,0.2,26.40000000000001
452,0.0,117.0,0.4,91.00000000000004,0.4,-0.4,26.00000000000001
453,0.5,117.5,0.4,91.40000000000005,0.4,0.09999999999999998,26.100000000000012
454,0.0,117.5,0.0,91.40000000000005,0.8,0.0,26.100000000000012
455,0.0,117.5,0.2,91.60000000000005,0.2,-0.2,25.900000000000013
456,0.0,117.5,0.0,91.60000000000005,0.7,0.0,25.900000000000013
457,0.0,117.5,0.4,92.00000000000006,0.4,-0.4,25.500000000000014
458,0.0,117.5,0.0,92.00000000000006,0.3,0.0,25.500000000000014
459,0.0,117.5,0.6,92.60000000000005,0.6,-0.6,24.900000000000013
460,0.0,117.5,0.0,92.60000000000005,0.6,0.0,24.900000000000013
461,0.5,118.0,0.5,93.10000000000005,0.5,0.0,24.900000000000013
462,0.5,118.5,0.0,93.10000000000005,0.5,0.5,25.400000000000013
463,0.5,119.0,0.4,93.50000000000006,0.4,0.09999999999999998,25.500000000000014
464,0.5,119.5,0.0,93.50000000000006,1.0,0.5,26.000000000000014
465,0.0,119.5,0.0,93.50000000000006,0.4,0.0,26.000000000000014
466,0.0,119.5,0.1,93.60000000000005,0.1,-0.1,25.900000000000013
467,0.5,120.0,0.2,93.80000000000005,0.2,0.3,26.200000000000014
468,0.0,120.0,0.8,94.60000000000005,0.8,-0.8,25.400000000000013
469,0.5,120.5,0.0,94.60000000000005,0.8,0.5,25.900000000000013
470,0.0,120.5,0.0,94.60000000000005,0.9,0.0,25.900000000000013
471,0.5,121.0,0.6,95.20000000000005,0.6,-0.09999999999999998,25.80000000000001
472,0.0,121.0,0.6,95.80000000000004,0.6,-0.6,25.20000000000001
473,0.5,121.5,0.0,95.80000000000004,0.6,0.5,25.70000000000001
474,0.5,122.0,0.3,96.10000000000004,0.3,0.2,25.90000000000001
475,0.5,122.5,0.0,96.10000000000004,0.8,0.5,26.40000000000001
476,0.0,122.5,0.5,96.60000000000004,0.5,-0.5,25.90000000000001
477,0.5,123.0,0.5,97.10000000000004,0.5,0.0,25.90000000000001
478,0.5,123.5,0.5,97.60000000000004,0.5,0.0,25.90000000000001
479,0.5,124.0,0.0,97.60000000000004,0.5,0.5,26.40000000000001
480,0.5,124.5,0.7,98.30000000000004,0.7,-0.19999999999999996,26.20000000000001
481,0.5,125.0,0.0,98.30000000000004,0.7,0.5,26.70000000000001
482,0.0,125.0,0.2,98.50000000000004,0.2,-0.2,26.50000000000001
483,0.5,125.5,0.0,98.50000000000004,0.4,0.5,27.00000000000001
484,0.5,126.0,0.0,98.50000000000004,0.6,0.5,27.50000000000001
485,0.5,126.5,0.3,98.80000000000004,0.3,0.2,27.70000000000001
486,0.0,126.5,0.1,98.90000000000003,0.1,-0.1,27.60000000000001
487,0.0,126.5,0.0,98.90000000000003,0.7,0.0,27.60000000000001
488,0.5,127.0,0.3,99.20000000000003,0.3,0.2,27.800000000000008
489,0.5,127.5,0.0,99.20000000000003,1.0,0.5,28.300000000000008
490,0.0,127.5,0.2,99.40000000000003,0.2,-0.2,28.10000000000001
491,0.5,128.0,0.0,99.40000000000003,0.5,0.5,28.60000000000001
492,0.0,128.0,0.0,99.40000000000003,0.8,0.0,28.60000000000001
493,0.0,128.0,0.0,99.40000000000003,0.9,0.0,28.60000000000001
494,0.0,128.0,0.3,99.70000000000003,0.3,-0.3,28.300000000000008
495,0.0,128.0,0.4,100.10000000000004,0.4,-0.4,27.90000000000001
496,0.5,128.5,0.6,100.70000000000003,0.6,-0.09999999999999998,27.800000000000008
497,0.0,128.5,0.0,100.70000000000003,0.6,0.0,27.800000000000008
498,0.5,129.0,0.0,100.70000000000003,0.4,0.5,28.300000000000008
499,0.5,129.5,0.3,101.00000000000003,0.3,0.2,28.500000000000007
500,0.5,130.0,0.2,101.20000000000003,0.2,0.3,28.800000000000008
501,0.5,130.5,0.1,101.30000000000003,0.1,0.4,29.200000000000006
502,0.0,130.5,0.0,101.30000000000003,0.7,0.0,29.200000000000006
503,0.5,131.0,0.3,101.60000000000002,0.3,0.2,29.400000000000006
504,0.5,131.5,0.0,101.60000000000002,0.8,0.5,29.900000000000006
505,0.0,131.5,0.0,101.60000000000002,0.6,0.0,29.900000000000006
506,0.5,132.0,0.5,102.10000000000002,0.5,0.0,29.900000000000006
507,0.5,132.5,0.5,102.60000000000002,0.5,0.0,29.900000000000006
508,0.5,133.0,0.5,103.10000000000002,0.5,0.0,29.900000000000006
509,0.5,133.5,0.5,103.60000000000002,0.5,0.0,29.900000000000006
510,0.5,134.0,0.5,104.10000000000002,0.5,0.0,29.900000000000006
511,0.0,134.0,0.5,104.60000000000002,0.5,-0.5,29.400000000000006
512,0.5,134.5,0.5,105.10000000000002,0.5,0.0,29.400000000000006
513,0.5,135.0,0.0,105.10000000000002,0.5,0.5,29.900000000000006
514,0.0,135.0,0.0,105.10000000000002,0.2,0.0,29.900000000000006
515,0.0,135.0,0.0,105.10000000000002,0.4,0.0,29.900000000000006
516,0.0,135.0,0.3,105.40000000000002,0.3,-0.3,29.600000000000005
517,0.5,135.5,0.0,105.40000000000002,0.9,0.5,30.100000000000005
518,0.5,136.0,0.0,105.40000000000002,1.0,0.5,30.600000000000005
519,0.0,136.0,0.5,105.90000000000002,0.5,-0.5,30.100000000000005
520,0.5,136.5,0.0,105.90000000000002,0.5,0.5,30.600000000000005
521,0.0,136.5,0.3,106.20000000000002,0.3,-0.3,30.300000000000004
522,0.5,137.0,0.1,106.30000000000001,0.1,0.4,30.700000000000003
523,0.5,137.5,0.0,106.30000000000001,0.8,0.5,31.200000000000003
524,0.5,138.0,0.0,106.30000000000001,0.6,0.5,31.700000000000003
525,0.0,138.0,0.0,106.30000000000001,0.3,0.0,31.700000000000003
526,0.0,138.0,0.0,106.30000000000001,0.7,0.0,31.700000000000003
527,0.0,138.0,0.0,106.30000000000001,0.4,0.0,31.700000000000003
528,0.0,138.0,0.5,106.80000000000001,0.5,-0.5,31.200000000000003
529,0.5,138.5,0.5,107.30000000000001,0.5,0.0,31.200000000000003
530,0.5,139.0,0.0,107.30000000000001,0.5,0.5,31.700000000000003
531,0.5,139.5,0.2,107.50000000000001,0.2,0.3,32.0
532,0.5,140.0,0.0,107.50000000000001,0.9,0.5,32.5
533,0.5,140.5,0.1,107.60000000000001,0.1,0.4,32.9
534,0.5,141.0,0.0,107.60000000000001,0.8,0.5,33.4
535,0.5,141.5,0.0,107.60000000000001,0.6,0.5,33.9
536,0.5,142.0,0.0,107.60000000000001,0.3,0.5,34.4
537,0.0,142.0,0.2,107.80000000000001,0.2,-0.2,34.199999999999996
538,0.0,142.0,0.0,107.80000000000001,1.0,0.0,34.199999999999996
539,0.0,142.0,0.4,108.20000000000002,0.4,-0.4,33.8
540,0.5,142.5,0.5,108.70000000000002,0.5,0.0,33.8
541,0.5,143.0,0.0,108.70000000000002,0.5,0.5,34.3
542,0.0,143.0,0.0,108.70000000000002,0.7,0.0,34.3
543,0.5,143.5,0.0,108.70000000000002,0.4,0.5,34.8
544,0.5,144.0,0.2,108.90000000000002,0.2,0.3,35.099999999999994
545,0.0,144.0,0.1,109.00000000000001,0.1,-0.1,34.99999999999999
546,0.0,144.0,0.8,109.80000000000001,0.8,-0.8,34.199999999999996
547,0.5,144.5,0.0,109.80000000000001,0.8,0.5,34.699999999999996
548,0.5,145.0,0.0,109.80000000000001,0.6,0.5,35.199999999999996
549,0.5,145.5,0.0,109.80000000000001,0.9,0.5,35.699999999999996
550,0.5,146.0,0.3,110.10000000000001,0.3,0.2,35.9
551,0.5,146.5,0.5,110.60000000000001,0.5,0.0,35.9
552,0.5,147.0,0.5,111.10000000000001,0.5,0.0,35.9
553,0.5,147.5,0.5,111.60000000000001,0.5,0.0,35.9
554,0.5,148.0,0.0,111.60000000000001,0.5,0.5,36.4
555,0.0,148.0,0.0,111.60000000000001,0.8,0.0,36.4
556,0.0,148.0,0.4,112.00000000000001,0.4,-0.4,36.0
557,0.0,148.0,0.2,112.20000000000002,0.2,-0.2,35.8
558,0.5,148.5,0.4,112.60000000000002,0.4,0.09999999999999998,35.9
559,0.5,149.0,0.3,112.90000000000002,0.3,0.2,36.1
560,0.5,149.5,0.0,112.90000000000002,0.4,0.5,36.6
561,0.0,149.5,0.0,112.90000000000002,0.7,0.0,36.6
562,0.0,149.5,0.0,112.90000000000002,1.0,0.0,36.6
563,0.0,149.5,0.0,112.90000000000002,0.3,0.0,36.6
564,0.0,149.5,0.6,113.50000000000001,0.6,-0.6,36.0
565,0.5,150.0,0.0,113.50000000000001,0.6,0.5,36.5
566,0.0,150.0,0.5,114.00000000000001,0.5,-0.5,36.0
567,0.0,150.0,0.0,114.00000000000001,0.5,0.0,36.0
568,0.5,150.5,0.1,114.10000000000001,0.1,0.4,36.4
569,0.0,150.5,0.2,114.30000000000001,0.2,-0.2,36.199999999999996
570,0.5,151.0,0.0,114.30000000000001,0.8,0.5,36.699999999999996
571,0.5,151.5,0.0,114.30000000000001,0.9,0.5,37.199999999999996
572,0.0,151.5,0.4,114.70000000000002,0.4,-0.4,36.8
573,0.5,152.0,0.6,115.30000000000001,0.6,-0.09999999999999998,36.699999999999996
574,0.5,152.5,0.0,115.30000000000001,0.6,0.5,37.199999999999996
575,0.5,153.0,0.0,115.30000000000001,0.4,0.5,37.699999999999996
576,0.0,153.0,0.0,115.30000000000001,0.2,0.0,37.699999999999996
577,0.5,153.5,0.5,115.80000000000001,0.5,0.0,37.699999999999996
578,0.0,153.5,0.5,116.30000000000001,0.5,-0.5,37.199999999999996
579,0.0,153.5,0.5,116.80000000000001,0.5,-0.5,36.699999999999996
580,0.0,153.5,0.0,116.80000000000001,0.5,0.0,36.699999999999996
581,0.5,154.0,0.0,116.80000000000001,0.7,0.5,37.199999999999996
582,0.0,154.0,0.3,117.10000000000001,0.3,-0.3,36.9
583,0.0,154.0,0.1,117.2,0.1,-0.1,36.8
584,0.5,154.5,0.8,118.0,0.8,-0.30000000000000004,36.5
585,0.0,154.5,0.0,118.0,0.8,0.0,36.5
586,0.0,154.5,0.6,118.6,0.6,-0.6,35.9
587,0.0,154.5,0.0,118.6,0.6,0.0,35.9
588,0.0,154.5,0.3,118.89999999999999,0.3,-0.3,35.6
589,0.0,154.5,0.0,118.89999999999999,0.8,0.0,35.6
590,0.0,154.5,0.0,118.89999999999999,1.0,0.0,35.6
591,0.5,155.0,0.5,119.39999999999999,0.5,0.0,35.6
592,0.0,155.0,0.0,119.39999999999999,0.5,0.0,35.6
593,0.0,155.0,0.0,119.39999999999999,0.3,0.0,35.6
594,0.5,155.5,0.4,119.8,0.4,0.09999999999999998,35.7
595,0.0,155.5,0.4,120.2,0.4,-0.4,35.300000000000004
596,0.5,156.0,0.0,120.2,0.9,0.5,35.800000000000004
597,0.0,156.0,0.0,120.2,0.4,0.0,35.800000000000004
598,0.0,156.0,0.0,120.2,0.2,0.0,35.800000000000004
599,0.0,156.0,0.6,120.8,0.6,-0.6,35.2
600,0.0,156.0,0.0,120.8,0.6,0.0,35.2
601,0.0,156.0,0.1,120.89999999999999,0.1,-0.1,35.1
602,0.0,156.0,0.0,120.89999999999999,0.7,0.0,35.1
603,0.0,156.0,0.0,120.89999999999999,0.5,0.0,35.1
604,0.0,156.0,0.0,120.89999999999999,0.8,0.0,35.1
605,0.0,156.0,0.0,120.89999999999999,0.6,0.0,35.1
606,0.0,156.0,0.0,120.89999999999999,0.3,0.0,35.1
607,0.0,156.0,0.4,121.3,0.4,-0.4,34.7
608,0.5,156.5,0.0,121.3,0.4,0.5,35.2
609,0.5,157.0,0.2,121.5,0.2,0.3,35.5
610,0.0,157.0,0.0,121.5,0.9,0.0,35.5
611,0.5,157.5,0.0,121.5,1.0,0.5,36.0
612,0.5,158.0,0.1,121.6,0.1,0.4,36.4
613,0.0,158.0,0.0,121.6,0.5,0.0,36.4
614,0.5,158.5,0.0,121.6,0.8,0.5,36.9
615,0.5,159.0,0.0,121.6,0.7,0.5,37.4
616,0.0,159.0,0.6,122.19999999999999,0.6,-0.6,36.8
617,0.0,159.0,0.6,122.79999999999998,0.6,-0.6,36.199999999999996
618,0.5,159.5,0.0,122.79999999999998,0.6,0.5,36.699999999999996
619,0.5,160.0,0.3,123.09999999999998,0.3,0.2,36.9
620,0.0,160.0,0.2,123.29999999999998,0.2,-0.2,36.699999999999996
621,0.0,160.0,0.0,123.29999999999998,0.6,0.0,36.699999999999996
622,0.0,160.0,0.4,123.69999999999999,0.4,-0.4,36.3
623,0.0,160.0,0.4,124.1,0.4,-0.4,35.9
624,0.5,160.5,0.0,124.1,0.3,0.5,36.4
625,0.0,160.5,0.4,124.5,0.4,-0.4,36.0
626,0.0,160.5,0.0,124.5,0.5,0.0,36.0
627,0.5,161.0,0.4,124.9,0.4,0.09999999999999998,36.1
628,0.0,161.0,0.0,124.9,0.1,0.0,36.1
629,0.0,161.0,0.4,125.30000000000001,0.4,-0.4,35.7
630,0.5,161.5,0.0,125.30000000000001,0.8,0.5,36.2
631,0.5,162.0,0.2,125.50000000000001,0.2,0.3,36.5
632,0.5,162.5,0.4,125.90000000000002,0.4,0.09999999999999998,36.6
633,0.5,163.0,0.4,126.30000000000003,0.4,0.09999999999999998,36.7
634,0.0,163.0,0.9,127.20000000000003,0.9,-0.9,35.800000000000004
635,0.0,163.0,0.0,127.20000000000003,0.9,0.0,35.800000000000004
636,0.5,163.5,0.0,127.20000000000003,0.9,0.5,36.300000000000004
637,0.0,163.5,0.0,127.20000000000003,0.4,0.0,36.300000000000004
638,0.0,163.5,0.7,127.90000000000003,0.7,-0.7,35.6
639,0.0,163.5,0.7,128.60000000000002,0.7,-0.7,34.9
640,0.0,163.5,0.0,128.60000000000002,0.7,0.0,34.9
641,0.0,163.5,0.7,129.3,0.7,-0.7,34.199999999999996
642,0.0,163.5,0.0,129.3,0.7,0.0,34.199999999999996
643,0.0,163.5,0.0,129.3,0.7,0.0,34.199999999999996
644,0.0,163.5,0.0,129.3,1.0,0.0,34.199999999999996
645,0.5,164.0,0.6,129.9,0.6,-0.09999999999999998,34.099999999999994
646,0.5,164.5,0.0,129.9,0.6,0.5,34.599999999999994
647,0.5,165.0,0.2,130.1,0.2,0.3,34.89999999999999
648,0.5,165.5,0.5,130.6,0.5,0.0,34.89999999999999
649,0.0,165.5,0.5,131.1,0.5,-0.5,34.39999999999999
650,0.0,165.5,0.0,131.1,0.5,0.0,34.39999999999999
651,0.5,166.0,0.3,131.4,0.3,0.2,34.599999999999994
652,0.5,166.5,0.0,131.4,0.8,0.5,35.099999999999994
653,0.5,167.0,0.0,131.4,0.9,0.5,35.599999999999994
654,0.0,167.0,0.0,131.4,0.6,0.0,35.599999999999994
655,0.0,167.0,0.3,131.70000000000002,0.3,-0.3,35.3
656,0.0,167.0,0.4,132.10000000000002,0.4,-0.4,34.9
657,0.0,167.0,0.0,132.10000000000002,0.7,0.0,34.9
658,0.5,167.5,0.2,132.3,0.2,0.3,35.199999999999996
659,0.5,168.0,0.4,132.70000000000002,0.4,0.09999999999999998,35.3
660,0.0,168.0,0.1,132.8,0.1,-0.1,35.199999999999996
661,0.5,168.5,0.5,133.3,0.5,0.0,35.199999999999996
662,0.5,169.0,0.5,133.8,0.5,0.0,35.199999999999996
663,0.0,169.0,0.0,133.8,0.5,0.0,35.199999999999996
664,0.0,169.0,0.4,134.20000000000002,0.4,-0.4,34.8
665,0.0,169.0,0.3,134.50000000000003,0.3,-0.3,34.5
666,0.0,169.0,0.0,134.50000000000003,0.4,0.0,34.5
667,0.0,169.0,0.3,134.80000000000004,0.3,-0.3,34.2
668,0.0,169.0,0.0,134.80000000000004,0.2,0.0,34.2
669,0.0,169.0,0.8,135.60000000000005,0.8,-0.8,33.400000000000006
670,0.0,169.0,0.0,135.60000000000005,0.8,0.0,33.400000000000006
671,0.5,169.5,0.6,136.20000000000005,0.6,-0.09999999999999998,33.300000000000004
672,0.0,169.5,0.6,136.80000000000004,0.6,-0.6,32.7
673,0.5,170.0,0.6,137.40000000000003,0.6,-0.09999999999999998,32.6
674,0.0,170.0,0.6,138.00000000000003,0.6,-0.6,32.0
675,0.5,170.5,0.0,138.00000000000003,0.6,0.5,32.5
676,0.0,170.5,0.0,138.00000000000003,0.6,0.0,32.5
677,0.0,170.5,0.3,138.30000000000004,0.3,-0.3,32.2
678,0.5,171.0,0.0,138.30000000000004,0.5,0.5,32.7
679,0.5,171.5,0.0,138.30000000000004,1.0,0.5,33.2
680,0.5,172.0,0.0,138.30000000000004,0.8,0.5,33.7
681,0.0,172.0,0.3,138.60000000000005,0.3,-0.3,33.400000000000006
682,0.0,172.0,0.4,139.00000000000006,0.4,-0.4,33.00000000000001
683,0.5,172.5,0.1,139.10000000000005,0.1,0.4,33.400000000000006
684,0.5,173.0,0.0,139.10000000000005,0.9,0.5,33.900000000000006
685,0.5,173.5,0.7,139.80000000000004,0.7,-0.19999999999999996,33.7
686,0.5,174.0,0.7,140.50000000000003,0.7,-0.19999999999999996,33.5
687,0.0,174.0,0.0,140.50000000000003,0.7,0.0,33.5
688,0.5,174.5,0.0,140.50000000000003,0.7,0.5,34.0
689,0.0,174.5,0.4,140.90000000000003,0.4,-0.4,33.6
690,0.0,174.5,0.0,140.90000000000003,0.4,0.0,33.6
691,0.0,174.5,0.0,140.90000000000003,0.6,0.0,33.6
692,0.5,175.0,0.3,141.20000000000005,0.3,0.2,33.800000000000004
693,0.0,175.0,0.0,141.20000000000005,0.3,0.0,33.800000000000004
694,0.0,175.0,0.0,141.20000000000005,0.5,0.0,33.800000000000004
695,0.5,175.5,0.0,141.20000000000005,0.2,0.5,34.300000000000004
696,0.0,175.5,0.0,141.20000000000005,0.8,0.0,34.300000000000004
697,0.5,176.0,0.0,141.20000000000005,0.7,0.5,34.800000000000004
698,0.0,176.0,0.1,141.30000000000004,0.1,-0.1,34.7
699,0.0,176.0,0.4,141.70000000000005,0.4,-0.4,34.300000000000004
700,0.5,176.5,0.6,142.30000000000004,0.6,-0.09999999999999998,34.2
701,0.0,176.5,0.0,142.30000000000004,0.6,0.0,34.2
702,0.0,176.5,0.0,142.30000000000004,0.4,0.0,34.2
703,0.0,176.5,0.0,142.30000000000004,0.9,0.0,34.2
704,0.0,176.5,0.0,142.30000000000004,1.0,0.0,34.2
705,0.5,177.0,0.0,142.30000000000004,0.5,0.5,34.7
706,0.0,177.0,0.3,142.60000000000005,0.3,-0.3,34.400000000000006
707,0.5,177.5,0.0,142.60000000000005,0.6,0.5,34.900000000000006
708,0.0,177.5,0.0,142.60000000000005,0.8,0.0,34.900000000000006
709,0.5,178.0,0.0,142.60000000000005,0.7,0.5,35.400000000000006
710,0.5,178.5,0.0,142.60000000000005,0.3,0.5,35.900000000000006
711,0.5,179.0,0.0,142.60000000000005,0.2,0.5,36.400000000000006
712,0.0,179.0,0.4,143.00000000000006,0.4,-0.4,36.00000000000001
713,0.0,179.0,0.1,143.10000000000005,0.1,-0.1,35.900000000000006
714,0.0,179.0,0.0,143.10000000000005,0.4,0.0,35.900000000000006
715,0.5,179.5,0.5,143.60000000000005,0.5,0.0,35.900000000000006
716,0.5,180.0,0.0,143.60000000000005,0.5,0.5,36.400000000000006
717,0.5,180.5,0.6,144.20000000000005,0.6,-0.09999999999999998,36.300000000000004
718,0.0,180.5,0.6,144.80000000000004,0.6,-0.6,35.7
719,0.5,181.0,0.0,144.80000000000004,0.6,0.5,36.2
720,0.5,181.5,0.0,144.80000000000004,0.8,0.5,36.7
721,0.0,181.5,0.0,144.80000000000004,0.9,0.0,36.7
722,0.0,181.5,0.0,144.80000000000004,0.6,0.0,36.7
723,0.5,182.0,0.0,144.80000000000004,0.3,0.5,37.2
724,0.5,182.5,0.4,145.20000000000005,0.4,0.09999999999999998,37.300000000000004
725,0.5,183.0,0.0,145.20000000000005,0.4,0.5,37.800000000000004
726,0.0,183.0,0.0,145.20000000000005,0.7,0.0,37.800000000000004
727,0.5,183.5,0.0,145.20000000000005,1.0,0.5,38.300000000000004
728,0.0,183.5,0.5,145.70000000000005,0.5,-0.5,37.800000000000004
729,0.0,183.5,0.5,146.20000000000005,0.5,-0.5,37.300000000000004
730,0.0,183.5,0.0,146.20000000000005,0.5,0.0,37.300000000000004
731,0.5,184.0,0.2,146.40000000000003,0.2,0.3,37.6
732,0.5,184.5,0.1,146.50000000000003,0.1,0.4,38.0
733,0.5,185.0,0.0,146.50000000000003,0.8,0.5,38.5
734,0.0,185.0,0.0,146.50000000000003,0.6,0.0,38.5
735,0.5,185.5,0.2,146.70000000000002,0.2,0.3,38.8
736,0.0,185.5,0.0,146.70000000000002,0.5,0.0,38.8
737,0.5,186.0,0.0,146.70000000000002,0.4,0.5,39.3
738,0.0,186.0,0.3,147.00000000000003,0.3,-0.3,39.0
739,0.0,186.0,0.0,147.00000000000003,0.9,0.0,39.0
740,0.0,186.0,0.1,147.10000000000002,0.1,-0.1,38.9
741,0.0,186.0,0.3,147.40000000000003,0.3,-0.3,38.6
742,0.5,186.5,0.7,148.10000000000002,0.7,-0.19999999999999996,38.4
743,0.5,187.0,0.0,148.10000000000002,0.7,0.5,38.9
744,0.0,187.0,0.2,148.3,0.2,-0.2,38.699999999999996
745,0.5,187.5,0.3,148.60000000000002,0.3,0.2,38.9
746,0.0,187.5,0.0,148.60000000000002,0.7,0.0,38.9
747,0.5,188.0,0.0,148.60000000000002,0.6,0.5,39.4
748,0.5,188.5,0.5,149.10000000000002,0.5,0.0,39.4
749,0.5,189.0,0.0,149.10000000000002,0.5,0.5,39.9
750,0.0,189.0,0.0,149.10000000000002,0.8,0.0,39.9
751,0.5,189.5,0.0,149.10000000000002,1.0,0.5,40.4
752,0.5,190.0,0.0,149.10000000000002,0.3,0.5,40.9
753,0.0,190.0,0.0,149.10000000000002,0.4,0.0,40.9
754,0.0,190.0,0.2,149.3,0.2,-0.2,40.699999999999996
755,0.5,190.5,0.1,149.4,0.1,0.4,41.099999999999994
756,0.5,191.0,0.5,149.9,0.5,0.0,41.099999999999994
757,0.5,191.5,0.0,149.9,0.5,0.5,41.599999999999994
758,0.5,192.0,0.0,149.9,0.9,0.5,42.099999999999994
759,0.5,192.5,0.2,150.1,0.2,0.3,42.39999999999999
760,0.0,192.5,0.0,150.1,0.6,0.0,42.39999999999999
761,0.0,192.5,0.8,150.9,0.8,-0.8,41.599999999999994
762,0.0,192.5,0.0,150.9,0.8,0.0,41.599999999999994
763,0.5,193.0,0.4,151.3,0.4,0.09999999999999998,41.699999999999996
764,0.0,193.0,0.0,151.3,0.7,0.0,41.699999999999996
765,0.5,193.5,0.0,151.3,0.8,0.5,42.199999999999996
766,0.5,194.0,0.4,151.70000000000002,0.4,0.09999999999999998,42.3
767,0.5,194.5,0.3,152.00000000000003,0.3,0.2,42.5
768,0.0,194.5,0.0,152.00000000000003,0.4,0.0,42.5
769,0.5,195.0,0.2,152.20000000000002,0.2,0.3,42.8
770,0.0,195.0,0.0,152.20000000000002,0.5,0.0,42.8
771,0.5,195.5,0.3,152.50000000000003,0.3,0.2,43.0
772,0.0,195.5,0.1,152.60000000000002,0.1,-0.1,42.9
773,0.0,195.5,0.3,152.90000000000003,0.3,-0.3,42.6
774,0.5,196.0,0.6,153.50000000000003,0.6,-0.09999999999999998,42.5
775,0.0,196.0,0.0,153.50000000000003,0.6,0.0,42.5
776,0.0,196.0,0.0,153.50000000000003,1.0,0.0,42.5
777,0.5,196.5,0.2,153.70000000000002,0.2,0.3,42.8
778,0.5,197.0,0.0,153.70000000000002,0.3,0.5,43.3
779,0.5,197.5,0.4,154.10000000000002,0.4,0.09999999999999998,43.4
780,0.5,198.0,0.0,154.10000000000002,0.8,0.5,43.9
781,0.5,198.5,0.4,154.50000000000003,0.4,0.09999999999999998,44.0
782,0.0,198.5,0.0,154.50000000000003,0.9,0.0,44.0
783,0.0,198.5,0.4,154.90000000000003,0.4,-0.4,43.6
784,0.0,198.5,0.0,154.90000000000003,0.7,0.0,43.6
785,0.5,199.0,0.4,155.30000000000004,0.4,0.09999999999999998,43.7
786,0.5,199.5,0.6,155.90000000000003,0.6,-0.09999999999999998,43.6
787,0.0,199.5,0.6,156.50000000000003,0.6,-0.6,43.0
788,0.0,199.5,0.0,156.50000000000003,0.6,0.0,43.0
789,0.5,200.0,0.4,156.90000000000003,0.4,0.09999999999999998,43.1
790,0.0,200.0,0.0,156.90000000000003,0.5,0.0,43.1
791,0.5,200.5,0.4,157.30000000000004,0.4,0.09999999999999998,43.2
792,0.5,201.0,0.4,157.70000000000005,0.4,0.09999999999999998,43.300000000000004
793,0.5,201.5,0.6,158.30000000000004,0.6,-0.09999999999999998,43.2
794,0.0,201.5,0.0,158.30000000000004,0.6,0.0,43.2
795,0.5,202.0,0.0,158.30000000000004,0.4,0.5,43.7
796,0.5,202.5,0.2,158.50000000000003,0.2,0.3,44.0
797,0.5,203.0,0.0,158.50000000000003,0.1,0.5,44.5
798,0.5,203.5,0.0,158.50000000000003,0.6,0.5,45.0
799,0.5,204.0,0.0,158.50000000000003,0.3,0.5,45.5
800,0.5,204.5,0.8,159.30000000000004,0.8,-0.30000000000000004,45.2
801,0.0,204.5,0.0,159.30000000000004,0.8,0.0,45.2
802,0.5,205.0,0.0,159.30000000000004,0.8,0.5,45.7
803,0.5,205.5,0.2,159.50000000000003,0.2,0.3,46.0
804,0.0,205.5,0.0,159.50000000000003,0.5,0.0,46.0
805,0.5,206.0,0.4,159.90000000000003,0.4,0.09999999999999998,46.1
806,0.5,206.5,0.0,159.90000000000003,0.7,0.5,46.6
807,0.5,207.0,0.0,159.90000000000003,0.4,0.5,47.1
808,0.0,207.0,0.0,159.90000000000003,1.0,0.0,47.1
809,0.0,207.0,0.0,159.90000000000003,0.9,0.0,47.1
810,0.5,207.5,0.2,160.10000000000002,0.2,0.3,47.4
811,0.5,208.0,0.6,160.70000000000002,0.6,-0.09999999999999998,47.3
812,0.0,208.0,0.0,160.70000000000002,0.6,0.0,47.3
813,0.5,208.5,0.0,160.70000000000002,0.3,0.5,47.8
814,0.5,209.0,0.0,160.70000000000002,0.5,0.5,48.3
815,0.5,209.5,0.1,160.8,0.1,0.4,48.699999999999996
816,0.5,210.0,0.0,160.8,0.8,0.5,49.199999999999996
817,0.0,210.0,0.4,161.20000000000002,0.4,-0.4,48.8
818,0.0,210.0,0.2,161.4,0.2,-0.2,48.599999999999994
819,0.0,210.0,0.0,161.4,0.4,0.0,48.599999999999994
820,0.5,210.5,0.0,161.4,0.6,0.5,49.099999999999994
821,0.0,210.5,0.0,161.4,0.7,0.0,49.099999999999994
822,0.0,210.5,0.2,161.6,0.2,-0.2,48.89999999999999
823,0.0,210.5,0.0,161.6,0.9,0.0,48.89999999999999
824,0.5,211.0,0.5,162.1,0.5,0.0,48.89999999999999
825,0.5,211.5,0.5,162.6,0.5,0.0,48.89999999999999
826,0.0,211.5,0.0,162.6,0.5,0.0,48.89999999999999
827,0.0,211.5,0.3,162.9,0.3,-0.3,48.599999999999994
828,0.5,212.0,0.0,162.9,0.8,0.5,49.099999999999994
829,0.0,212.0,0.1,163.0,0.1,-0.1,48.99999999999999
830,0.0,212.0,0.4,163.4,0.4,-0.4,48.599999999999994
831,0.0,212.0,0.0,163.4,1.0,0.0,48.599999999999994
832,0.0,212.0,0.4,163.8,0.4,-0.4,48.199999999999996
833,0.0,212.0,0.6,164.4,0.6,-0.6,47.599999999999994
834,0.0,212.0,0.6,165.0,0.6,-0.6,46.99999999999999
835,0.0,212.0,0.6,165.6,0.6,-0.6,46.39999999999999
836,0.5,212.5,0.0,165.6,0.6,0.5,46.89999999999999
837,0.0,212.5,0.0,165.6,0.6,0.0,46.89999999999999
838,0.5,213.0,0.4,166.0,0.4,0.09999999999999998,46.99999999999999
839,0.5,213.5,0.0,166.0,0.3,0.5,47.49999999999999
840,0.0,213.5,0.0,166.0,0.4,0.0,47.49999999999999
841,0.5,214.0,0.2,166.2,0.2,0.3,47.79999999999999
842,0.0,214.0,0.0,166.2,0.5,0.0,47.79999999999999
843,0.5,214.5,0.0,166.2,0.7,0.5,48.29999999999999
844,0.0,214.5,0.6,166.79999999999998,0.6,-0.6,47.69999999999999
845,0.0,214.5,0.0,166.79999999999998,0.6,0.0,47.69999999999999
846,0.0,214.5,0.0,166.79999999999998,0.2,0.0,47.69999999999999
847,0.5,215.0,0.0,166.79999999999998,0.8,0.5,48.19999999999999
848,0.5,215.5,0.4,167.2,0.4,0.09999999999999998,48.29999999999999
849,0.5,216.0,0.1,167.29999999999998,0.1,0.4,48.69999999999999
850,0.0,216.0,0.0,167.29999999999998,0.4,0.0,48.69999999999999
851,0.5,216.5,0.0,167.29999999999998,0.9,0.5,49.19999999999999
852,0.0,216.5,0.3,167.6,0.3,-0.3,48.89999999999999
853,0.5,217.0,0.5,168.1,0.5,0.0,48.89999999999999
854,0.0,217.0,0.5,168.6,0.5,-0.5,48.39999999999999
855,0.0,217.0,0.0,168.6,0.5,0.0,48.39999999999999
856,0.0,217.0,0.6,169.2,0.6,-0.6,47.79999999999999
857,0.0,217.0,0.0,169.2,0.6,0.0,47.79999999999999
858,0.5,217.5,0.3,169.5,0.3,0.2,47.99999999999999
859,0.0,217.5,0.3,169.8,0.3,-0.3,47.699999999999996
860,0.5,218.0,0.0,169.8,1.0,0.5,48.199999999999996
861,0.0,218.0,0.6,170.4,0.6,-0.6,47.599999999999994
862,0.5,218.5,0.0,170.4,0.6,0.5,48.099999999999994
863,0.0,218.5,0.5,170.9,0.5,-0.5,47.599999999999994
864,0.0,218.5,0.5,171.4,0.5,-0.5,47.099999999999994
865,0.5,219.0,0.5,171.9,0.5,0.0,47.099999999999994
866,0.0,219.0,0.0,171.9,0.5,0.0,47.099999999999994
867,0.0,219.0,0.0,171.9,0.7,0.0,47.099999999999994
868,0.5,219.5,0.0,171.9,0.4,0.5,47.599999999999994
869,0.5,220.0,0.3,172.20000000000002,0.3,0.2,47.8
870,0.0,220.0,0.8,173.00000000000003,0.8,-0.8,47.0
871,0.0,220.0,0.0,173.00000000000003,0.8,0.0,47.0
872,0.5,220.5,0.0,173.00000000000003,0.8,0.5,47.5
873,0.0,220.5,0.2,173.20000000000002,0.2,-0.2,47.3
874,0.0,220.5,0.1,173.3,0.1,-0.1,47.199999999999996
875,0.0,220.5,0.5,173.8,0.5,-0.5,46.699999999999996
876,0.5,221.0,0.5,174.3,0.5,0.0,46.699999999999996
877,0.5,221.5,0.5,174.8,0.5,0.0,46.699999999999996
878,0.0,221.5,0.0,174.8,0.5,0.0,46.699999999999996
879,0.0,221.5,0.3,175.10000000000002,0.3,-0.3,46.4
880,0.0,221.5,0.6,175.70000000000002,0.6,-0.6,45.8
881,0.5,222.0,0.6,176.3,0.6,-0.09999999999999998,45.699999999999996
882,0.0,222.0,0.6,176.9,0.6,-0.6,45.099999999999994
883,0.0,222.0,0.6,177.5,0.6,-0.6,44.49999999999999
884,0.5,222.5,0.0,177.5,0.6,0.5,44.99999999999999
885,0.0,222.5,0.0,177.5,0.6,0.0,44.99999999999999
886,0.5,223.0,0.0,177.5,0.3,0.5,45.49999999999999
887,0.0,223.0,0.0,177.5,0.9,0.0,45.49999999999999
888,0.0,223.0,0.6,178.1,0.6,-0.6,44.89999999999999
889,0.0,223.0,0.6,178.7,0.6,-0.6,44.29999999999999
890,0.5,223.5,0.0,178.7,0.6,0.5,44.79999999999999
891,0.5,224.0,0.0,178.7,0.5,0.5,45.29999999999999
892,0.5,224.5,0.2,178.89999999999998,0.2,0.3,45.59999999999999
893,0.0,224.5,0.0,178.89999999999998,0.6,0.0,45.59999999999999
894,0.5,225.0,0.4,179.29999999999998,0.4,0.09999999999999998,45.69999999999999
895,0.0,225.0,0.4,179.7,0.4,-0.4,45.29999999999999
896,0.0,225.0,0.4,180.1,0.4,-0.4,44.89999999999999
897,0.5,225.5,0.0,180.1,0.4,0.5,45.39999999999999
898,0.0,225.5,0.0,180.1,0.8,0.0,45.39999999999999
899,0.0,225.5,0.1,180.2,0.1,-0.1,45.29999999999999
900,0.0,225.5,0.0,180.2,0.7,0.0,45.29999999999999
901,0.0,225.5,0.0,180.2,0.2,0.0,45.29999999999999
902,0.0,225.5,0.0,180.2,1.0,0.0,45.29999999999999
903,0.5,226.0,0.0,180.2,0.5,0.5,45.79999999999999
904,0.0,226.0,0.3,180.5,0.3,-0.3,45.49999999999999
905,0.5,226.5,0.0,180.5,0.6,0.5,45.99999999999999
906,0.5,227.0,0.4,180.9,0.4,0.09999999999999998,46.099999999999994
907,0.0,227.0,0.3,181.20000000000002,0.3,-0.3,45.8
908,0.0,227.0,0.0,181.20000000000002,0.4,0.0,45.8
909,0.0,227.0,0.0,181.20000000000002,0.9,0.0,45.8
910,0.5,227.5,0.3,181.50000000000003,0.3,0.2,46.0
911,0.0,227.5,0.8,182.30000000000004,0.8,-0.8,45.2
912,0.5,228.0,0.8,183.10000000000005,0.8,-0.30000000000000004,44.900000000000006
913,0.0,228.0,0.0,183.10000000000005,0.8,0.0,44.900000000000006
914,0.5,228.5,0.0,183.10000000000005,0.8,0.5,45.400000000000006
915,0.0,228.5,0.0,183.10000000000005,0.8,0.0,45.400000000000006
916,0.0,228.5,0.1,183.20000000000005,0.1,-0.1,45.300000000000004
917,0.5,229.0,0.3,183.50000000000006,0.3,0.2,45.50000000000001
918,0.5,229.5,0.0,183.50000000000006,0.5,0.5,46.00000000000001
919,0.0,229.5,0.0,183.50000000000006,0.7,0.0,46.00000000000001
920,0.5,230.0,0.2,183.70000000000005,0.2,0.3,46.300000000000004
921,0.0,230.0,0.0,183.70000000000005,0.6,0.0,46.300000000000004
922,0.5,230.5,0.3,184.00000000000006,0.3,0.2,46.50000000000001
923,0.5,231.0,0.0,184.00000000000006,0.4,0.5,47.00000000000001
924,0.0,231.0,0.3,184.30000000000007,0.3,-0.3,46.70000000000001
925,0.0,231.0,0.0,184.30000000000007,0.2,0.0,46.70000000000001
926,0.0,231.0,0.0,184.30000000000007,0.8,0.0,46.70000000000001
927,0.5,231.5,0.3,184.60000000000008,0.3,0.2,46.90000000000001
928,0.5,232.0,0.5,185.10000000000008,0.5,0.0,46.90000000000001
929,0.0,232.0,0.0,185.10000000000008,0.5,0.0,46.90000000000001
930,0.0,232.0,0.1,185.20000000000007,0.1,-0.1,46.80000000000001
931,0.5,232.5,0.0,185.20000000000007,1.0,0.5,47.30000000000001
932,0.5,233.0,0.0,185.20000000000007,0.6,0.5,47.80000000000001
933,0.5,233.5,0.3,185.50000000000009,0.3,0.2,48.000000000000014
934,0.0,233.5,0.0,185.50000000000009,0.9,0.0,48.000000000000014
935,0.0,233.5,0.4,185.9000000000001,0.4,-0.4,47.600000000000016
936,0.0,233.5,0.0,185.9000000000001,0.3,0.0,47.600000000000016
937,0.5,234.0,0.4,186.3000000000001,0.4,0.09999999999999998,47.70000000000002
938,0.0,234.0,0.4,186.7000000000001,0.4,-0.4,47.30000000000002
939,0.5,234.5,0.0,186.7000000000001,0.7,0.5,47.80000000000002
940,0.0,234.5,0.0,186.7000000000001,0.4,0.0,47.80000000000002
941,0.5,235.0,0.0,186.7000000000001,0.5,0.5,48.30000000000002
942,0.5,235.5,0.0,186.7000000000001,0.8,0.5,48.80000000000002
943,0.5,236.0,0.6,187.3000000000001,0.6,-0.09999999999999998,48.70000000000002
944,0.0,236.0,0.6,187.9000000000001,0.6,-0.6,48.100000000000016
945,0.0,236.0,0.0,187.9000000000001,0.6,0.0,48.100000000000016
946,0.0,236.0,0.0,187.9000000000001,0.6,0.0,48.100000000000016
947,0.5,236.5,0.0,187.9000000000001,0.2,0.5,48.600000000000016
948,0.5,237.0,0.1,188.00000000000009,0.1,0.4,49.000000000000014
949,0.5,237.5,0.4,188.4000000000001,0.4,0.09999999999999998,49.100000000000016
950,0.5,238.0,0.0,188.4000000000001,0.4,0.5,49.600000000000016
951,0.5,238.5,0.0,188.4000000000001,0.3,0.5,50.100000000000016
952,0.0,238.5,0.5,188.9000000000001,0.5,-0.5,49.600000000000016
953,0.5,239.0,0.5,189.4000000000001,0.5,0.0,49.600000000000016
954,0.0,239.0,0.5,189.9000000000001,0.5,-0.5,49.100000000000016
955,0.0,239.0,0.5,190.4000000000001,0.5,-0.5,48.600000000000016
956,0.5,239.5,0.5,190.9000000000001,0.5,0.0,48.600000000000016
957,0.0,239.5,0.0,190.9000000000001,0.5,0.0,48.600000000000016
958,0.0,239.5,0.5,191.4000000000001,0.5,-0.5,48.100000000000016
959,0.5,240.0,0.5,191.9000000000001,0.5,0.0,48.100000000000016
960,0.0,240.0,0.0,191.9000000000001,0.5,0.0,48.100000000000016
961,0.5,240.5,0.0,191.9000000000001,0.9,0.5,48.600000000000016
962,0.0,240.5,0.7,192.60000000000008,0.7,-0.7,47.90000000000001
963,0.0,240.5,0.0,192.60000000000008,0.7,0.0,47.90000000000001
964,0.0,240.5,0.0,192.60000000000008,1.0,0.0,47.90000000000001
965,0.0,240.5,0.0,192.60000000000008,0.7,0.0,47.90000000000001
966,0.5,241.0,0.0,192.60000000000008,0.6,0.5,48.40000000000001
967,0.0,241.0,0.0,192.60000000000008,0.8,0.0,48.40000000000001
968,0.5,241.5,0.0,192.60000000000008,0.5,0.5,48.90000000000001
969,0.0,241.5,0.0,192.60000000000008,0.1,0.0,48.90000000000001
970,0.5,242.0,0.0,192.60000000000008,0.4,0.5,49.40000000000001
971,0.5,242.5,0.2,192.80000000000007,0.2,0.3,49.70000000000001
972,0.5,243.0,0.0,192.80000000000007,0.3,0.5,50.20000000000001
973,0.0,243.0,0.0,192.80000000000007,0.6,0.0,50.20000000000001
974,0.0,243.0,0.2,193.00000000000006,0.2,-0.2,50.00000000000001
975,0.0,243.0,0.5,193.50000000000006,0.5,-0.5,49.50000000000001
976,0.5,243.5,0.0,193.50000000000006,0.5,0.5,50.00000000000001
977,0.0,243.5,0.0,193.50000000000006,0.8,0.0,50.00000000000001
978,0.0,243.5,0.4,193.90000000000006,0.4,-0.4,49.60000000000001
979,0.5,244.0,0.7,194.60000000000005,0.7,-0.19999999999999996,49.400000000000006
980,0.0,244.0,0.0,194.60000000000005,0.7,0.0,49.400000000000006
981,0.5,244.5,0.4,195.00000000000006,0.4,0.09999999999999998,49.50000000000001
982,0.0,244.5,0.4,195.40000000000006,0.4,-0.4,49.10000000000001
983,0.0,244.5,0.4,195.80000000000007,0.4,-0.4,48.70000000000001
984,0.5,245.0,0.0,195.80000000000007,0.7,0.5,49.20000000000001
985,0.0,245.0,0.0,195.80000000000007,0.9,0.0,49.20000000000001
986,0.5,245.5,0.4,196.20000000000007,0.4,0.09999999999999998,49.30000000000001
987,0.0,245.5,0.4,196.60000000000008,0.4,-0.4,48.90000000000001
988,0.0,245.5,0.4,197.00000000000009,0.4,-0.4,48.500000000000014
989,0.5,246.0,0.4,197.4000000000001,0.4,0.09999999999999998,48.600000000000016
990,0.5,246.5,0.4,197.8000000000001,0.4,0.09999999999999998,48.70000000000002
991,0.5,247.0,0.0,197.8000000000001,0.4,0.5,49.20000000000002
992,0.0,247.0,0.2,198.00000000000009,0.2,-0.2,49.000000000000014
993,0.5,247.5,0.0,198.00000000000009,0.3,0.5,49.500000000000014
994,0.0,247.5,0.6,198.60000000000008,0.6,-0.6,48.90000000000001
995,0.0,247.5,0.6,199.20000000000007,0.6,-0.6,48.30000000000001
996,0.5,248.0,0.6,199.80000000000007,0.6,-0.09999999999999998,48.20000000000001
997,0.0,248.0,0.0,199.80000000000007,0.6,0.0,48.20000000000001
998,0.5,248.5,0.0,199.80000000000007,0.6,0.5,48.70000000000001
999,0.0,248.5,0.0,199.80000000000007,1.0,0.0,48.70000000000001
