round,ucb_reward,pd_reward,ucb_cumulative,pd_cumulative,ucb_price,pd_price,ucb_produced,pd_produced,pd_lambda
0,0.1,0.0,0.1,0.0,0.1,0.8,True,True,0.0
1,0.2,0.2,0.30000000000000004,0.2,0.2,0.2,True,True,0.0
2,0.3,0.5,0.6000000000000001,0.7,0.3,0.5,True,True,0.0
3,0.0,0.0,0.6000000000000001,0.7,0.4,0.7,True,True,0.0
4,0.5,0.1,1.1,0.7999999999999999,0.5,0.1,True,True,0.0
5,0.0,0.1,1.1,0.8999999999999999,0.6,0.1,True,True,0.0
6,0.0,0.0,1.1,0.8999999999999999,0.7,1.0,True,True,0.0
7,0.0,0.1,1.1,0.9999999999999999,0.8,0.1,True,True,0.0
8,0.0,0.1,1.1,1.0999999999999999,0.9,0.1,True,True,0.0
9,0.0,0.1,1.1,1.2,1.0,0.1,True,True,0.0
10,0.5,0.0,1.6,1.2,0.5,1.0,True,True,0.0
11,0.3,0.6,1.9000000000000001,1.7999999999999998,0.3,0.6,True,True,0.0
12,0.2,0.4,2.1,2.1999999999999997,0.2,0.4,True,True,0.0
13,0.1,0.0,2.2,2.1999999999999997,0.1,0.9,True,True,0.0
14,0.4,0.0,2.6,2.1999999999999997,0.4,0.7,True,True,0.0
15,0.0,0.0,2.6,2.1999999999999997,0.6,1.0,True,True,0.0
16,0.0,0.6,2.6,2.8,0.7,0.6,True,True,0.0
17,0.0,0.3,2.6,3.0999999999999996,0.8,0.3,True,True,0.0
18,0.0,0.3,2.6,3.3999999999999995,0.9,0.3,True,True,0.0
19,0.0,0.8,2.6,4.199999999999999,1.0,0.8,True,True,0.0
20,0.5,0.3,3.1,4.499999999999999,0.5,0.3,True,True,0.0
21,0.3,0.0,3.4,4.499999999999999,0.3,0.7,True,True,0.0
22,0.2,0.5,3.6,4.999999999999999,0.2,0.5,True,True,0.0
23,0.4,0.1,4.0,5.099999999999999,0.4,0.1,True,True,0.0
24,0.5,0.0,4.5,5.099999999999999,0.5,0.8,True,True,0.0
25,0.1,0.0,4.6,5.099999999999999,0.1,0.9,True,True,0.0
26,0.0,0.7,4.6,5.799999999999999,0.6,0.7,True,True,0.0
27,0.0,0.0,4.6,5.799999999999999,0.7,0.5,True,True,0.0
28,0.0,0.0,4.6,5.799999999999999,0.8,1.0,True,True,0.0
29,0.0,0.5,4.6,6.299999999999999,0.9,0.5,True,True,0.0
30,0.0,0.6,4.6,6.899999999999999,1.0,0.6,True,True,0.0
31,0.0,0.4,4.6,7.299999999999999,0.3,0.4,True,True,0.0
32,0.0,0.4,4.6,7.699999999999999,0.5,0.4,True,True,0.0
33,0.0,0.4,4.6,8.1,0.4,0.4,True,True,0.0
34,0.2,0.1,4.8,8.2,0.2,0.1,True,True,0.0
35,0.1,0.0,4.8999999999999995,8.2,0.1,0.7,True,True,0.0
36,0.5,0.6,5.3999999999999995,8.799999999999999,0.5,0.6,True,True,0.0
37,0.3,0.0,5.699999999999999,8.799999999999999,0.3,0.9,True,True,0.0
38,0.0,0.0,5.699999999999999,8.799999999999999,0.6,0.8,True,True,0.0
39,0.0,0.4,5.699999999999999,9.2,0.7,0.4,True,True,0.0
40,0.0,0.6,5.699999999999999,9.799999999999999,0.8,0.6,True,True,0.0
41,0.0,0.4,5.699999999999999,10.2,0.9,0.4,True,True,0.0
42,0.0,0.6,5.699999999999999,10.799999999999999,1.0,0.6,True,True,0.0
43,0.2,0.0,5.8999999999999995,10.799999999999999,0.2,0.7,True,True,0.0
44,0.0,0.0,5.8999999999999995,10.799999999999999,0.4,0.6,True,True,0.0
45,0.5,0.1,6.3999999999999995,10.899999999999999,0.5,0.1,True,True,0.0
46,0.1,0.6,6.499999999999999,11.499999999999998,0.1,0.6,True,True,0.0
47,0.3,0.3,6.799999999999999,11.799999999999999,0.3,0.3,True,True,0.0
48,0.5,0.8,7.299999999999999,12.6,0.5,0.8,True,True,0.0
49,0.2,0.0,7.499999999999999,12.6,0.2,0.6,True,True,0.0
50,0.0,0.3,7.499999999999999,12.9,0.5,0.3,True,True,0.0
51,0.4,0.3,7.8999999999999995,13.200000000000001,0.4,0.3,True,True,0.0
52,0.0,0.0,7.8999999999999995,13.200000000000001,0.6,0.9,True,True,0.0
53,0.7,0.0,8.6,13.200000000000001,0.7,0.8,True,True,0.0
54,0.0,0.6,8.6,13.8,0.8,0.6,True,True,0.0
55,0.0,0.5,8.6,14.3,0.9,0.5,True,True,0.0
56,0.0,0.4,8.6,14.700000000000001,1.0,0.4,True,True,0.0
57,0.0,0.4,8.6,15.100000000000001,0.7,0.4,True,True,0.0
58,0.3,0.3,8.9,15.400000000000002,0.3,0.3,True,True,0.0
59,0.1,0.4,9.0,15.800000000000002,0.1,0.4,True,True,0.0
60,0.2,0.0,9.2,15.800000000000002,0.2,0.6,True,True,0.0
61,0.0,0.5,9.2,16.300000000000004,0.4,0.5,True,True,0.0
62,0.0,0.5,9.2,16.800000000000004,0.5,0.5,True,True,0.0
63,0.0,0.4,9.2,17.200000000000003,0.3,0.4,True,True,0.0
64,0.0,0.3,9.2,17.500000000000004,0.7,0.3,True,True,0.0
65,0.0,0.0,9.2,17.500000000000004,0.6,0.5,True,True,0.0
66,0.0,0.2,9.2,17.700000000000003,0.8,0.2,True,True,0.0
67,0.0,0.0,9.2,17.700000000000003,0.9,0.6,True,True,0.0
68,0.0,0.6,9.2,18.300000000000004,1.0,0.6,True,True,0.0
69,0.2,0.4,9.399999999999999,18.700000000000003,0.2,0.4,True,True,0.0
70,0.1,0.6,9.499999999999998,19.300000000000004,0.1,0.6,True,True,0.0
71,0.4,0.5,9.899999999999999,19.800000000000004,0.4,0.5,True,True,0.0
72,0.5,0.5,10.399999999999999,20.300000000000004,0.5,0.5,True,True,0.0
73,0.3,0.4,10.7,20.700000000000003,0.3,0.4,True,True,0.0
74,0.5,0.4,11.2,21.1,0.5,0.4,True,True,0.0
75,0.2,0.0,11.399999999999999,21.1,0.2,1.0,True,True,0.0
76,0.0,0.2,11.399999999999999,21.3,0.4,0.2,True,True,0.0
77,0.0,0.6,11.399999999999999,21.900000000000002,0.5,0.6,True,True,0.0
78,0.3,0.0,11.7,21.900000000000002,0.3,0.8,True,True,0.0
79,0.1,0.4,11.799999999999999,22.3,0.1,0.4,True,True,0.0
80,0.0,0.0,11.799999999999999,22.3,0.7,0.5,True,True,0.0
81,0.0,0.4,11.799999999999999,22.7,0.6,0.4,True,True,0.0
82,0.0,0.7,11.799999999999999,23.4,0.8,0.7,True,True,0.0
83,0.0,0.6,11.799999999999999,24.0,0.9,0.6,True,True,0.0
84,0.0,0.1,11.799999999999999,24.1,1.0,0.1,True,True,0.0
85,0.2,0.6,11.999999999999998,24.700000000000003,0.2,0.6,True,True,0.0
86,0.3,0.6,12.299999999999999,25.300000000000004,0.3,0.6,True,True,0.0
87,0.0,0.4,12.299999999999999,25.700000000000003,0.5,0.4,True,True,0.0
88,0.4,0.7,12.7,26.400000000000002,0.4,0.7,True,True,0.0
89,0.1,0.4,12.799999999999999,26.8,0.1,0.4,True,True,0.0
90,0.0,0.0,12.799999999999999,26.8,0.3,0.8,True,True,0.0
91,0.2,0.4,12.999999999999998,27.2,0.2,0.4,True,True,0.0
92,0.0,0.4,12.999999999999998,27.599999999999998,0.4,0.4,True,True,0.0
93,0.0,0.6,12.999999999999998,28.2,0.7,0.6,True,True,0.0
94,0.0,0.7,12.999999999999998,28.9,0.6,0.7,True,True,0.0
95,0.0,0.0,12.999999999999998,28.9,0.8,0.7,True,True,0.0
96,0.0,0.5,12.999999999999998,29.4,0.9,0.5,True,True,0.0
97,0.0,0.7,12.999999999999998,30.099999999999998,1.0,0.7,True,True,0.0
98,0.0,0.6,12.999999999999998,30.7,0.5,0.6,True,True,0.0
99,0.2,0.2,13.199999999999998,30.9,0.2,0.2,True,True,0.0
100,0.1,0.3,13.299999999999997,31.2,0.1,0.3,True,True,0.0
101,0.0,0.2,13.299999999999997,31.4,0.3,0.2,True,True,0.0
102,0.0,0.0,13.299999999999997,31.4,0.4,0.6,True,True,0.0
103,0.0,0.5,13.299999999999997,31.9,0.7,0.5,True,True,0.0
104,0.5,0.7,13.799999999999997,32.6,0.5,0.7,True,True,0.0
105,0.2,0.6,13.999999999999996,33.2,0.2,0.6,True,True,0.0
106,0.0,0.8,13.999999999999996,34.0,0.6,0.8,True,True,0.0
107,0.0,0.5,13.999999999999996,34.5,0.8,0.5,True,True,0.0
108,0.0,0.2,13.999999999999996,34.7,0.9,0.2,True,True,0.0
109,0.0,0.4,13.999999999999996,35.1,1.0,0.4,True,True,0.0
110,0.5,0.6,14.499999999999996,35.7,0.5,0.6,True,True,0.0
111,0.1,0.6,14.599999999999996,36.300000000000004,0.1,0.6,True,True,0.0
112,0.5,0.2,15.099999999999996,36.50000000000001,0.5,0.2,True,True,0.0
113,0.3,0.0,15.399999999999997,36.50000000000001,0.3,0.5,True,True,0.0
114,0.0,0.0,15.399999999999997,36.50000000000001,0.5,0.8,True,True,0.0
115,0.0,0.3,15.399999999999997,36.800000000000004,0.4,0.3,True,True,0.0
116,0.2,0.0,15.599999999999996,36.800000000000004,0.2,0.6,True,True,0.0
117,0.0,0.0,15.599999999999996,36.800000000000004,0.7,1.0,True,True,0.0
118,0.3,0.5,15.899999999999997,37.300000000000004,0.3,0.5,True,True,0.0
119,0.1,0.6,15.999999999999996,37.900000000000006,0.1,0.6,True,True,0.0
120,0.0,0.0,15.999999999999996,37.900000000000006,0.6,0.5,True,True,0.0
121,0.0,0.6,15.999999999999996,38.50000000000001,0.8,0.6,True,True,0.0
122,0.0,0.6,15.999999999999996,39.10000000000001,0.9,0.6,True,True,0.0
123,0.0,0.3,15.999999999999996,39.400000000000006,1.0,0.3,True,True,0.0
124,0.2,0.5,16.199999999999996,39.900000000000006,0.2,0.5,True,True,0.0
125,0.0,0.3,16.199999999999996,40.2,0.5,0.3,True,True,0.0
126,0.3,0.3,16.499999999999996,40.5,0.3,0.3,True,True,0.0
127,0.4,0.5,16.899999999999995,41.0,0.4,0.5,True,True,0.0
128,0.2,0.5,17.099999999999994,41.5,0.2,0.5,True,True,0.0
129,0.4,0.3,17.499999999999993,41.8,0.4,0.3,True,True,0.0
130,0.3,0.0,17.799999999999994,41.8,0.3,0.8,True,True,0.0
131,0.7,0.1,18.499999999999993,41.9,0.7,0.1,True,True,0.0
132,0.7,0.6,19.199999999999992,42.5,0.7,0.6,True,True,0.0
133,0.0,0.5,19.199999999999992,43.0,0.7,0.5,True,True,0.0
134,0.1,0.2,19.299999999999994,43.2,0.1,0.2,True,True,0.0
135,0.0,0.5,19.299999999999994,43.7,0.5,0.5,True,True,0.0
136,0.0,0.0,19.299999999999994,43.7,0.4,0.9,True,True,0.0
137,0.0,0.0,19.299999999999994,43.7,0.6,0.7,True,True,0.0
138,0.0,0.6,19.299999999999994,44.300000000000004,0.8,0.6,True,True,0.0
139,0.0,0.5,19.299999999999994,44.800000000000004,0.9,0.5,True,True,0.0
140,0.0,0.0,19.299999999999994,44.800000000000004,1.0,0.9,True,True,0.0
141,0.3,0.3,19.599999999999994,45.1,0.3,0.3,True,True,0.0
142,0.0,0.0,19.599999999999994,45.1,0.7,1.0,True,True,0.0
143,0.2,0.0,19.799999999999994,45.1,0.2,0.5,True,True,0.0
144,0.3,0.4,20.099999999999994,45.5,0.3,0.4,True,True,0.0
145,0.1,0.6,20.199999999999996,46.1,0.1,0.6,True,True,0.0
146,0.5,0.6,20.699999999999996,46.7,0.5,0.6,True,True,0.0
147,0.0,0.6,20.699999999999996,47.300000000000004,0.5,0.6,True,True,0.0
148,0.2,0.5,20.899999999999995,47.800000000000004,0.2,0.5,True,True,0.0
149,0.4,0.5,21.299999999999994,48.300000000000004,0.4,0.5,True,True,0.0
150,0.3,0.4,21.599999999999994,48.7,0.3,0.4,True,True,0.0
151,0.0,0.0,21.599999999999994,48.7,0.7,0.9,True,True,0.0
152,0.4,0.5,21.999999999999993,49.2,0.4,0.5,True,True,0.0
153,0.0,0.0,21.999999999999993,49.2,0.6,0.4,True,True,0.0
154,0.0,0.0,21.999999999999993,49.2,0.8,0.4,True,True,0.0
155,0.0,0.0,21.999999999999993,49.2,0.9,0.4,True,True,0.0
156,0.0,0.0,21.999999999999993,49.2,1.0,0.6,True,True,0.0
157,0.3,0.5,22.299999999999994,49.7,0.3,0.5,True,True,0.0
158,0.1,0.5,22.399999999999995,50.2,0.1,0.5,True,True,0.0
159,0.2,0.0,22.599999999999994,50.2,0.2,0.4,True,True,0.0
160,0.4,0.2,22.999999999999993,50.400000000000006,0.4,0.2,True,True,0.0
161,0.0,0.0,22.999999999999993,50.400000000000006,0.5,0.5,True,True,0.0
162,0.0,0.0,22.999999999999993,50.400000000000006,0.4,0.3,True,True,0.0
163,0.3,0.0,23.299999999999994,50.400000000000006,0.3,0.5,True,True,0.0
164,0.2,0.0,23.499999999999993,50.400000000000006,0.2,0.5,True,True,0.0
165,0.0,0.0,23.499999999999993,50.400000000000006,0.7,0.6,True,True,0.0
166,0.3,0.0,23.799999999999994,50.400000000000006,0.3,0.6,True,True,0.0
167,0.1,0.3,23.899999999999995,50.7,0.1,0.3,True,True,0.0
168,0.0,0.0,23.899999999999995,50.7,0.5,0.7,True,True,0.0
169,0.0,0.5,23.899999999999995,51.2,0.6,0.5,True,True,0.0
170,0.0,0.0,23.899999999999995,51.2,0.8,0.6,True,True,0.0
171,0.0,0.0,23.899999999999995,51.2,0.9,0.4,True,True,0.0
172,0.0,0.5,23.899999999999995,51.7,1.0,0.5,True,True,0.0
173,0.2,0.0,24.099999999999994,51.7,0.2,0.5,True,True,0.0
174,0.0,0.0,24.099999999999994,51.7,0.4,0.6,True,True,0.0
175,0.3,0.4,24.399999999999995,52.1,0.3,0.4,True,True,0.0
176,0.3,0.0,24.699999999999996,52.1,0.3,0.7,True,True,0.0
177,0.1,0.0,24.799999999999997,52.1,0.1,0.5,True,True,0.0
178,0.0,0.0,24.799999999999997,52.1,0.7,0.5,True,True,0.0
179,0.0,0.0,24.799999999999997,52.1,0.5,0.4,True,True,0.0
180,0.2,0.0,24.999999999999996,52.1,0.2,0.5,True,True,0.0
181,0.0,0.0,24.999999999999996,52.1,0.3,0.5,True,True,0.0
182,0.0,0.0,24.999999999999996,52.1,0.6,0.5,True,True,0.0
183,0.0,0.0,24.999999999999996,52.1,0.8,0.7,True,True,0.0
184,0.0,0.0,24.999999999999996,52.1,0.9,0.6,True,True,0.0
185,0.0,0.0,24.999999999999996,52.1,1.0,0.5,True,True,0.0
186,0.4,0.0,25.399999999999995,52.1,0.4,0.5,True,True,0.0
187,0.2,0.0,25.599999999999994,52.1,0.2,0.6,True,True,0.0
188,0.0,0.3,25.599999999999994,52.4,0.4,0.3,True,True,0.0
189,0.1,0.5,25.699999999999996,52.9,0.1,0.5,True,True,0.0
190,0.0,0.0,25.699999999999996,52.9,0.5,0.5,True,True,0.0
191,0.0,0.0,25.699999999999996,52.9,0.7,1.0,True,True,0.0
192,0.0,0.0,25.699999999999996,52.9,0.3,0.4,True,True,0.0
193,0.0,0.0,25.699999999999996,52.9,0.2,0.4,True,True,0.0
194,0.0,0.0,25.699999999999996,52.9,0.4,0.4,True,True,0.0
195,0.0,0.0,25.699999999999996,52.9,0.6,0.4,True,True,0.0
196,0.0,0.0,25.699999999999996,52.9,0.8,0.7,True,True,0.0
197,0.0,0.0,25.699999999999996,52.9,0.9,0.5,True,True,0.0
198,0.0,0.0,25.699999999999996,52.9,1.0,0.9,True,True,0.0
199,0.5,0.5,26.199999999999996,53.4,0.5,0.5,True,True,0.0
200,0.1,0.0,26.299999999999997,53.4,0.1,0.7,True,True,0.0
201,0.0,0.0,26.299999999999997,53.4,0.5,0.4,True,True,0.0
202,0.3,0.6,26.599999999999998,54.0,0.3,0.6,True,True,0.0
203,0.0,0.0,26.599999999999998,54.0,0.7,0.5,True,True,0.0
204,0.2,0.4,26.799999999999997,54.4,0.2,0.4,True,True,0.0
205,0.0,0.0,26.799999999999997,54.4,0.3,0.4,True,True,0.0
206,0.0,0.0,26.799999999999997,54.4,0.4,0.5,True,True,0.0
207,0.1,0.0,26.9,54.4,0.1,0.4,True,True,0.0
208,0.0,0.0,26.9,54.4,0.5,0.5,True,True,0.0
209,0.2,0.0,27.099999999999998,54.4,0.2,0.5,True,True,0.0
210,0.6,0.0,27.7,54.4,0.6,0.5,True,True,0.0
211,0.0,0.2,27.7,54.6,0.6,0.2,True,True,0.0
212,0.0,0.0,27.7,54.6,0.8,0.3,True,True,0.0
213,0.0,0.0,27.7,54.6,0.9,1.0,True,True,0.0
214,0.0,0.0,27.7,54.6,1.0,0.6,True,True,0.0
215,0.0,0.0,27.7,54.6,0.7,0.6,True,True,0.0
216,0.3,0.0,28.0,54.6,0.3,0.5,True,True,0.0
217,0.2,0.0,28.2,54.6,0.2,0.5,True,True,0.0
218,0.0,0.0,28.2,54.6,0.1,0.7,True,True,0.0
219,0.0,0.0,28.2,54.6,0.5,0.8,True,True,0.0
220,0.4,0.6,28.599999999999998,55.2,0.4,0.6,True,True,0.0
221,0.0,0.0,28.599999999999998,55.2,0.6,0.4,True,True,0.0
222,0.3,0.0,28.9,55.2,0.3,0.6,True,True,0.0
223,0.4,0.0,29.299999999999997,55.2,0.4,0.6,True,True,0.0
224,0.2,0.0,29.499999999999996,55.2,0.2,0.6,True,True,0.0
225,0.0,0.4,29.499999999999996,55.6,0.4,0.4,True,True,0.0
226,0.0,0.0,29.499999999999996,55.6,0.3,0.7,True,True,0.0
227,0.0,0.0,29.499999999999996,55.6,0.8,0.5,True,True,0.0
228,0.0,0.5,29.499999999999996,56.1,0.9,0.5,True,True,0.0
229,0.0,0.0,29.499999999999996,56.1,1.0,0.7,True,True,0.0
230,0.0,0.0,29.499999999999996,56.1,0.7,0.5,True,True,0.0
231,0.5,0.0,29.999999999999996,56.1,0.5,0.5,True,True,0.0
232,0.0,0.0,29.999999999999996,56.1,0.5,0.5,True,True,0.0
233,0.0,0.0,29.999999999999996,56.1,0.2,0.3,True,True,0.0
234,0.1,0.0,30.099999999999998,56.1,0.1,0.5,True,True,0.0
235,0.0,0.4,30.099999999999998,56.5,0.6,0.4,True,True,0.0
236,0.0,0.0,30.099999999999998,56.5,0.4,0.6,True,True,0.0
237,0.0,0.0,30.099999999999998,56.5,0.3,0.6,True,True,0.0
238,0.0,0.0,30.099999999999998,56.5,0.5,0.6,True,True,0.0
239,0.0,0.0,30.099999999999998,56.5,0.8,1.0,True,True,0.0
240,0.0,0.0,30.099999999999998,56.5,0.9,0.6,True,True,0.0
241,0.0,0.0,30.099999999999998,56.5,1.0,0.3,True,True,0.0
242,0.1,0.0,30.2,56.5,0.1,0.6,True,True,0.0
243,0.0,0.0,30.2,56.5,0.7,0.6,True,True,0.0
244,0.2,0.0,30.4,56.5,0.2,0.5,True,True,0.0
245,0.0,0.0,30.4,56.5,0.3,0.5,True,True,0.0
246,0.4,0.0,30.799999999999997,56.5,0.4,0.5,True,True,0.0
247,0.0,0.0,30.799999999999997,56.5,0.6,0.5,True,True,0.0
248,0.0,0.0,30.799999999999997,56.5,0.2,0.6,True,True,0.0
249,0.4,0.0,31.199999999999996,56.5,0.4,0.5,True,True,0.0
250,0.0,0.0,31.199999999999996,56.5,0.5,0.6,True,True,0.0
251,0.0,0.6,31.199999999999996,57.1,0.4,0.6,True,True,0.0
252,0.1,0.0,31.299999999999997,57.1,0.1,0.4,True,True,0.0
253,0.0,0.0,31.299999999999997,57.1,0.7,0.5,True,True,0.0
254,0.0,0.5,31.299999999999997,57.6,0.8,0.5,True,True,0.0
255,0.0,0.0,31.299999999999997,57.6,0.9,0.3,True,True,0.0
256,0.0,0.4,31.299999999999997,58.0,1.0,0.4,True,True,0.0
257,0.3,0.0,31.599999999999998,58.0,0.3,0.5,True,True,0.0
258,0.2,0.0,31.799999999999997,58.0,0.2,0.7,True,True,0.0
259,0.0,0.2,31.799999999999997,58.2,0.5,0.2,True,True,0.0
260,0.0,0.0,31.799999999999997,58.2,0.3,0.6,True,True,0.0
261,0.4,0.0,32.199999999999996,58.2,0.4,0.3,True,True,0.0
262,0.1,0.3,32.3,58.5,0.1,0.3,True,True,0.0
263,0.6,0.0,32.9,58.5,0.6,0.7,True,True,0.0
264,0.0,0.0,32.9,58.5,0.6,0.4,True,True,0.0
265,0.0,0.4,32.9,58.9,0.4,0.4,True,True,0.0
266,0.2,0.0,33.1,58.9,0.2,0.4,True,True,0.0
267,0.0,0.4,33.1,59.3,0.7,0.4,True,True,0.0
268,0.0,0.4,33.1,59.699999999999996,0.6,0.4,True,True,0.0
269,0.0,0.4,33.1,60.099999999999994,0.8,0.4,True,True,0.0
270,0.0,0.0,33.1,60.099999999999994,0.9,0.5,True,True,0.0
271,0.0,0.4,33.1,60.49999999999999,1.0,0.4,True,True,0.0
272,0.0,0.0,33.1,60.49999999999999,0.5,0.7,True,True,0.0
273,0.3,0.5,33.4,60.99999999999999,0.3,0.5,True,True,0.0
274,0.1,0.0,33.5,60.99999999999999,0.1,0.5,True,True,0.0
275,0.2,0.0,33.7,60.99999999999999,0.2,0.7,True,True,0.0
276,0.4,0.0,34.1,60.99999999999999,0.4,0.5,True,True,0.0
277,0.0,0.2,34.1,61.199999999999996,0.3,0.2,True,True,0.0
278,0.0,0.0,34.1,61.199999999999996,0.4,0.6,True,True,0.0
279,0.2,0.0,34.300000000000004,61.199999999999996,0.2,0.4,True,True,0.0
280,0.0,0.5,34.300000000000004,61.699999999999996,0.7,0.5,True,True,0.0
281,0.0,0.0,34.300000000000004,61.699999999999996,0.5,0.5,True,True,0.0
282,0.1,0.0,34.400000000000006,61.699999999999996,0.1,0.6,True,True,0.0
283,0.0,0.0,34.400000000000006,61.699999999999996,0.6,0.4,True,True,0.0
284,0.0,0.0,34.400000000000006,61.699999999999996,0.8,0.4,True,True,0.0
285,0.0,0.4,34.400000000000006,62.099999999999994,0.9,0.4,True,True,0.0
286,0.0,0.0,34.400000000000006,62.099999999999994,1.0,0.4,True,True,0.0
287,0.0,0.0,34.400000000000006,62.099999999999994,0.2,0.5,True,True,0.0
288,0.3,0.0,34.7,62.099999999999994,0.3,0.6,True,True,0.0
289,0.4,0.4,35.1,62.49999999999999,0.4,0.4,True,True,0.0
290,0.0,0.0,35.1,62.49999999999999,0.4,0.5,True,True,0.0
291,0.3,0.0,35.4,62.49999999999999,0.3,0.4,True,True,0.0
292,0.1,0.0,35.5,62.49999999999999,0.1,0.6,True,True,0.0
293,0.0,0.0,35.5,62.49999999999999,0.5,0.4,True,True,0.0
294,0.0,0.0,35.5,62.49999999999999,0.3,0.5,True,True,0.0
295,0.0,0.0,35.5,62.49999999999999,0.7,0.6,True,True,0.0
296,0.2,0.6,35.7,63.099999999999994,0.2,0.6,True,True,0.0
297,0.0,0.6,35.7,63.699999999999996,0.6,0.6,True,True,0.0
298,0.0,0.4,35.7,64.1,0.4,0.4,True,True,0.0
299,0.0,0.0,35.7,64.1,0.8,0.4,True,True,0.0
300,0.0,0.0,35.7,64.1,0.9,0.5,True,True,0.0
301,0.0,0.0,35.7,64.1,1.0,1.0,True,True,0.0
302,0.1,0.0,35.800000000000004,64.1,0.1,0.3,True,True,0.0
303,0.2,0.0,36.00000000000001,64.1,0.2,0.5,True,True,0.0
304,0.0,0.5,36.00000000000001,64.6,0.5,0.5,True,True,0.0
305,0.0,0.6,36.00000000000001,65.19999999999999,0.3,0.6,True,True,0.0
306,0.0,0.4,36.00000000000001,65.6,0.7,0.4,True,True,0.0
307,0.2,0.4,36.20000000000001,66.0,0.2,0.4,True,True,0.0
308,0.4,0.0,36.60000000000001,66.0,0.4,0.4,True,True,0.0
309,0.4,0.0,37.00000000000001,66.0,0.4,0.6,True,True,0.0
310,0.1,0.4,37.10000000000001,66.4,0.1,0.4,True,True,0.0
311,0.0,0.4,37.10000000000001,66.80000000000001,0.6,0.4,True,True,0.0
312,0.4,0.5,37.50000000000001,67.30000000000001,0.4,0.5,True,True,0.0
313,0.0,0.4,37.50000000000001,67.70000000000002,0.5,0.4,True,True,0.0
314,0.4,0.0,37.900000000000006,67.70000000000002,0.4,0.6,True,True,0.0
315,0.3,0.7,38.2,68.40000000000002,0.3,0.7,True,True,0.0
316,0.0,0.0,38.2,68.40000000000002,0.8,0.4,True,True,0.0
317,0.0,0.0,38.2,68.40000000000002,0.9,0.4,True,True,0.0
318,0.0,0.0,38.2,68.40000000000002,1.0,0.4,True,True,0.0
319,0.2,0.0,38.400000000000006,68.40000000000002,0.2,0.8,True,True,0.0
320,0.4,0.0,38.800000000000004,68.40000000000002,0.4,0.8,True,True,0.0
321,0.4,0.0,39.2,68.40000000000002,0.4,0.5,True,True,0.0
322,0.3,0.2,39.5,68.60000000000002,0.3,0.2,True,True,0.0
323,0.4,0.0,39.9,68.60000000000002,0.4,0.5,True,True,0.0
324,0.0,0.0,39.9,68.60000000000002,0.4,0.4,True,True,0.0
325,0.2,0.0,40.1,68.60000000000002,0.2,0.2,True,True,0.0
326,0.0,0.0,40.1,68.60000000000002,0.7,0.4,True,True,0.0
327,0.1,0.0,40.2,68.60000000000002,0.1,0.4,True,True,0.0
328,0.3,0.0,40.5,68.60000000000002,0.3,0.5,True,True,0.0
329,0.5,0.4,41.0,69.00000000000003,0.5,0.4,True,True,0.0
330,0.5,0.1,41.5,69.10000000000002,0.5,0.1,True,True,0.0
331,0.0,0.4,41.5,69.50000000000003,0.5,0.4,True,True,0.0
332,0.3,0.0,41.8,69.50000000000003,0.3,0.1,True,True,0.0
333,0.0,0.5,41.8,70.00000000000003,0.6,0.5,True,True,0.0
334,0.2,0.0,42.0,70.00000000000003,0.2,0.4,True,True,0.0
335,0.3,0.0,42.3,70.00000000000003,0.3,0.6,True,True,0.0
336,0.0,0.3,42.3,70.30000000000003,0.8,0.3,True,True,0.0
337,0.0,0.3,42.3,70.60000000000002,0.9,0.3,True,True,0.0
338,0.0,0.0,42.3,70.60000000000002,1.0,0.6,True,True,0.0
339,0.0,0.0,42.3,70.60000000000002,0.4,0.5,True,True,0.0
340,0.1,0.0,42.4,70.60000000000002,0.1,1.0,True,True,0.0
341,0.0,0.0,42.4,70.60000000000002,0.3,0.2,True,True,0.0
342,0.0,0.2,42.4,70.80000000000003,0.5,0.2,True,True,0.0
343,0.2,0.4,42.6,71.20000000000003,0.2,0.4,True,True,0.0
344,0.0,0.0,42.6,71.20000000000003,0.7,0.6,True,True,0.0
345,0.2,0.5,42.800000000000004,71.70000000000003,0.2,0.5,True,True,0.0
346,0.0,0.0,42.800000000000004,71.70000000000003,0.6,0.6,True,True,0.0
347,0.4,0.0,43.2,71.70000000000003,0.4,0.4,True,True,0.0
348,0.1,0.0,43.300000000000004,71.70000000000003,0.1,0.4,True,True,0.0
349,0.4,0.0,43.7,71.70000000000003,0.4,0.5,True,True,0.0
350,0.3,0.0,44.0,71.70000000000003,0.3,0.4,True,True,0.0
351,0.0,0.0,44.0,71.70000000000003,0.4,0.6,True,True,0.0
352,0.5,0.0,44.5,71.70000000000003,0.5,0.6,True,True,0.0
353,0.5,0.3,45.0,72.00000000000003,0.5,0.3,True,True,0.0
354,0.5,0.2,45.5,72.20000000000003,0.5,0.2,True,True,0.0
355,0.5,0.0,46.0,72.20000000000003,0.5,0.2,True,True,0.0
356,0.5,0.1,46.5,72.30000000000003,0.5,0.1,True,True,0.0
357,0.0,0.6,46.5,72.90000000000002,0.5,0.6,True,True,0.0
358,0.0,0.0,46.5,72.90000000000002,0.8,0.5,True,True,0.0
359,0.0,0.2,46.5,73.10000000000002,0.9,0.2,True,True,0.0
360,0.0,0.0,46.5,73.10000000000002,1.0,0.5,True,True,0.0
361,0.2,0.5,46.7,73.60000000000002,0.2,0.5,True,True,0.0
362,0.3,0.0,47.0,73.60000000000002,0.3,0.4,True,True,0.0
363,0.0,0.3,47.0,73.90000000000002,0.7,0.3,True,True,0.0
364,0.5,0.3,47.5,74.20000000000002,0.5,0.3,True,True,0.0
365,0.0,0.4,47.5,74.60000000000002,0.5,0.4,True,True,0.0
366,0.3,0.4,47.8,75.00000000000003,0.3,0.4,True,True,0.0
367,0.1,0.0,47.9,75.00000000000003,0.1,0.4,True,True,0.0
368,0.2,0.0,48.1,75.00000000000003,0.2,0.7,True,True,0.0
369,0.3,0.3,48.4,75.30000000000003,0.3,0.3,True,True,0.0
370,0.4,0.0,48.8,75.30000000000003,0.4,0.4,True,True,0.0
371,0.0,0.0,48.8,75.30000000000003,0.6,0.6,True,True,0.0
372,0.4,0.0,49.199999999999996,75.30000000000003,0.4,0.2,True,True,0.0
373,0.4,0.0,49.599999999999994,75.30000000000003,0.4,0.5,True,True,0.0
374,0.3,0.0,49.89999999999999,75.30000000000003,0.3,0.4,True,True,0.0
375,0.4,0.4,50.29999999999999,75.70000000000003,0.4,0.4,True,True,0.0
376,0.2,0.0,50.49999999999999,75.70000000000003,0.2,0.3,True,True,0.0
377,0.5,0.0,50.99999999999999,75.70000000000003,0.5,0.5,True,True,0.0
378,0.0,0.5,50.99999999999999,76.20000000000003,0.5,0.5,True,True,0.0
379,0.0,0.0,50.99999999999999,76.20000000000003,0.4,0.5,True,True,0.0
380,0.0,0.0,50.99999999999999,76.20000000000003,0.8,0.4,True,True,0.0
381,0.0,0.5,50.99999999999999,76.70000000000003,0.9,0.5,True,True,0.0
382,0.0,0.3,50.99999999999999,77.00000000000003,1.0,0.3,True,True,0.0
383,0.3,0.0,51.29999999999999,77.00000000000003,0.3,0.5,True,True,0.0
384,0.1,0.0,51.39999999999999,77.00000000000003,0.1,0.5,True,True,0.0
385,0.7,0.0,52.099999999999994,77.00000000000003,0.7,0.4,True,True,0.0
386,0.0,0.0,52.099999999999994,77.00000000000003,0.7,1.0,True,True,0.0
387,0.0,0.5,52.099999999999994,77.50000000000003,0.2,0.5,True,True,0.0
388,0.3,0.0,52.39999999999999,77.50000000000003,0.3,0.4,True,True,0.0
389,0.0,0.0,52.39999999999999,77.50000000000003,0.7,0.5,True,True,0.0
390,0.0,0.6,52.39999999999999,78.10000000000002,0.3,0.6,True,True,0.0
391,0.5,0.0,52.89999999999999,78.10000000000002,0.5,0.5,True,True,0.0
392,0.0,0.5,52.89999999999999,78.60000000000002,0.5,0.5,True,True,0.0
393,0.0,0.0,52.89999999999999,78.60000000000002,0.4,0.6,True,True,0.0
394,0.6,0.3,53.49999999999999,78.90000000000002,0.6,0.3,True,True,0.0
395,0.6,0.4,54.099999999999994,79.30000000000003,0.6,0.4,True,True,0.0
396,0.6,0.4,54.699999999999996,79.70000000000003,0.6,0.4,True,True,0.0
397,0.0,0.4,54.699999999999996,80.10000000000004,0.6,0.4,True,True,0.0
398,0.0,0.0,54.699999999999996,80.10000000000004,0.6,0.4,True,True,0.0
399,0.1,0.4,54.8,80.50000000000004,0.1,0.4,True,True,0.0
400,0.0,0.0,54.8,80.50000000000004,0.6,0.8,True,True,0.0
401,0.0,0.0,54.8,80.50000000000004,0.8,0.4,True,True,0.0
402,0.0,0.0,54.8,80.50000000000004,0.9,0.5,True,True,0.0
403,0.0,0.3,54.8,80.80000000000004,1.0,0.3,True,True,0.0
404,0.2,0.0,55.0,80.80000000000004,0.2,0.3,True,True,0.0
405,0.0,0.0,55.0,80.80000000000004,0.5,0.6,True,True,0.0
406,0.3,0.4,55.3,81.20000000000005,0.3,0.4,True,True,0.0
407,0.7,0.0,56.0,81.20000000000005,0.7,0.5,True,True,0.0
408,0.0,0.3,56.0,81.50000000000004,0.7,0.3,True,True,0.0
409,0.4,0.4,56.4,81.90000000000005,0.4,0.4,True,True,0.0
410,0.4,0.0,56.8,81.90000000000005,0.4,0.6,True,True,0.0
411,0.1,0.6,56.9,82.50000000000004,0.1,0.6,True,True,0.0
412,0.0,0.4,56.9,82.90000000000005,0.7,0.4,True,True,0.0
413,0.4,0.3,57.3,83.20000000000005,0.4,0.3,True,True,0.0
414,0.3,0.4,57.599999999999994,83.60000000000005,0.3,0.4,True,True,0.0
415,0.2,0.0,57.8,83.60000000000005,0.2,0.7,True,True,0.0
416,0.4,0.0,58.199999999999996,83.60000000000005,0.4,0.4,True,True,0.0
417,0.4,0.3,58.599999999999994,83.90000000000005,0.4,0.3,True,True,0.0
418,0.4,0.0,58.99999999999999,83.90000000000005,0.4,1.0,True,True,0.0
419,0.3,0.6,59.29999999999999,84.50000000000004,0.3,0.6,True,True,0.0
420,0.6,0.0,59.89999999999999,84.50000000000004,0.6,0.4,True,True,0.0
421,0.6,0.5,60.49999999999999,85.00000000000004,0.6,0.5,True,True,0.0
422,0.6,0.3,61.099999999999994,85.30000000000004,0.6,0.3,True,True,0.0
423,0.0,0.5,61.099999999999994,85.80000000000004,0.6,0.5,True,True,0.0
424,0.6,0.0,61.699999999999996,85.80000000000004,0.6,0.9,True,True,0.0
425,0.0,0.0,61.699999999999996,85.80000000000004,0.6,0.4,True,True,0.0
426,0.6,0.6,62.3,86.40000000000003,0.6,0.6,True,True,0.0
427,0.6,0.0,62.9,86.40000000000003,0.6,0.6,True,True,0.0
428,0.6,0.0,63.5,86.40000000000003,0.6,0.7,True,True,0.0
429,0.0,0.5,63.5,86.90000000000003,0.6,0.5,True,True,0.0
430,0.6,0.0,64.1,86.90000000000003,0.6,0.6,True,True,0.0
431,0.6,0.0,64.69999999999999,86.90000000000003,0.6,0.6,True,True,0.0
432,0.0,0.0,64.69999999999999,86.90000000000003,0.6,0.5,True,True,0.0
433,0.6,0.5,65.29999999999998,87.40000000000003,0.6,0.5,True,True,0.0
434,0.6,0.0,65.89999999999998,87.40000000000003,0.6,0.4,True,True,0.0
435,0.0,0.5,65.89999999999998,87.90000000000003,0.6,0.5,True,True,0.0
436,0.6,0.0,66.49999999999997,87.90000000000003,0.6,1.0,True,True,0.0
437,0.6,0.0,67.09999999999997,87.90000000000003,0.6,0.5,True,True,0.0
438,0.0,0.5,67.09999999999997,88.40000000000003,0.6,0.5,True,True,0.0
439,0.0,0.4,67.09999999999997,88.80000000000004,0.6,0.4,True,True,0.0
440,0.4,0.4,67.49999999999997,89.20000000000005,0.4,0.4,True,True,0.0
441,0.5,0.5,67.99999999999997,89.70000000000005,0.5,0.5,True,True,0.0
442,0.5,0.5,68.49999999999997,90.20000000000005,0.5,0.5,True,True,0.0
443,0.5,0.3,68.99999999999997,90.50000000000004,0.5,0.3,True,True,0.0
444,0.5,0.0,69.49999999999997,90.50000000000004,0.5,0.5,True,True,0.0
445,0.5,0.0,69.99999999999997,90.50000000000004,0.5,0.5,True,True,0.0
446,0.5,0.0,70.49999999999997,90.50000000000004,0.5,0.4,True,True,0.0
447,0.5,0.4,70.99999999999997,90.90000000000005,0.5,0.4,True,True,0.0
448,0.5,0.4,71.49999999999997,91.30000000000005,0.5,0.4,True,True,0.0
449,0.5,0.0,71.99999999999997,91.30000000000005,0.5,0.5,True,True,0.0
450,0.0,0.0,71.99999999999997,91.30000000000005,0.5,0.5,True,True,0.0
451,0.4,0.0,72.39999999999998,91.30000000000005,0.4,0.5,True,True,0.0
452,0.2,0.4,72.59999999999998,91.70000000000006,0.2,0.4,True,True,0.0
453,0.0,0.4,72.59999999999998,92.10000000000007,0.5,0.4,True,True,0.0
454,0.0,0.0,72.59999999999998,92.10000000000007,0.3,0.5,True,True,0.0
455,0.4,0.5,72.99999999999999,92.60000000000007,0.4,0.5,True,True,0.0
456,0.0,0.3,72.99999999999999,92.90000000000006,0.8,0.3,True,True,0.0
457,0.0,0.0,72.99999999999999,92.90000000000006,0.9,0.5,True,True,0.0
458,0.0,0.0,72.99999999999999,92.90000000000006,1.0,0.4,True,True,0.0
459,0.0,0.5,72.99999999999999,93.40000000000006,0.4,0.5,True,True,0.0
460,0.1,0.5,73.09999999999998,93.90000000000006,0.1,0.5,True,True,0.0
461,0.2,0.0,73.29999999999998,93.90000000000006,0.2,0.5,True,True,0.0
462,0.7,0.3,73.99999999999999,94.20000000000006,0.7,0.3,True,True,0.0
463,0.7,0.3,74.69999999999999,94.50000000000006,0.7,0.3,True,True,0.0
464,0.0,0.0,74.69999999999999,94.50000000000006,0.7,0.4,True,True,0.0
465,0.7,0.0,75.39999999999999,94.50000000000006,0.7,0.5,True,True,0.0
466,0.7,0.2,76.1,94.70000000000006,0.7,0.2,True,True,0.0
467,0.0,0.0,76.1,94.70000000000006,0.7,0.6,True,True,0.0
468,0.0,0.4,76.1,95.10000000000007,0.7,0.4,True,True,0.0
469,0.0,0.0,76.1,95.10000000000007,0.7,0.5,True,True,0.0
470,0.0,0.0,76.1,95.10000000000007,0.6,0.5,True,True,0.0
471,0.5,0.0,76.6,95.10000000000007,0.5,0.3,True,True,0.0
472,0.5,0.0,77.1,95.10000000000007,0.5,0.8,True,True,0.0
473,0.5,0.4,77.6,95.50000000000007,0.5,0.4,True,True,0.0
474,0.0,0.3,77.6,95.80000000000007,0.5,0.3,True,True,0.0
475,0.3,0.3,77.89999999999999,96.10000000000007,0.3,0.3,True,True,0.0
476,0.0,0.4,77.89999999999999,96.50000000000007,0.4,0.4,True,True,0.0
477,0.2,0.0,78.1,96.50000000000007,0.2,0.4,True,True,0.0
478,0.1,0.0,78.19999999999999,96.50000000000007,0.1,0.7,True,True,0.0
479,0.3,0.4,78.49999999999999,96.90000000000008,0.3,0.4,True,True,0.0
480,0.5,0.0,78.99999999999999,96.90000000000008,0.5,0.5,True,True,0.0
481,0.5,0.3,79.49999999999999,97.20000000000007,0.5,0.3,True,True,0.0
482,0.0,0.4,79.49999999999999,97.60000000000008,0.5,0.4,True,True,0.0
483,0.0,0.5,79.49999999999999,98.10000000000008,0.8,0.5,True,True,0.0
484,0.0,0.0,79.49999999999999,98.10000000000008,0.9,0.5,True,True,0.0
485,0.0,0.3,79.49999999999999,98.40000000000008,1.0,0.3,True,True,0.0
486,0.3,0.4,79.79999999999998,98.80000000000008,0.3,0.4,True,True,0.0
487,0.7,0.4,80.49999999999999,99.20000000000009,0.7,0.4,True,True,0.0
488,0.0,0.5,80.49999999999999,99.70000000000009,0.7,0.5,True,True,0.0
489,0.2,0.0,80.69999999999999,99.70000000000009,0.2,0.5,True,True,0.0
490,0.6,0.0,81.29999999999998,99.70000000000009,0.6,0.5,True,True,0.0
491,0.0,0.0,81.29999999999998,99.70000000000009,0.6,0.5,True,True,0.0
492,0.3,0.5,81.59999999999998,100.20000000000009,0.3,0.5,True,True,0.0
493,0.7,0.4,82.29999999999998,100.6000000000001,0.7,0.4,True,True,0.0
494,0.0,0.5,82.29999999999998,101.1000000000001,0.7,0.5,True,True,0.0
495,0.4,0.5,82.69999999999999,101.6000000000001,0.4,0.5,True,True,0.0
496,0.4,0.4,83.1,102.0000000000001,0.4,0.4,True,True,0.0
497,0.1,0.4,83.19999999999999,102.4000000000001,0.1,0.4,True,True,0.0
498,0.4,0.4,83.6,102.80000000000011,0.4,0.4,True,True,0.0
499,0.2,0.3,83.8,103.10000000000011,0.2,0.3,True,True,0.0
500,0.3,0.0,84.1,103.10000000000011,0.3,0.5,True,True,0.0
501,0.0,0.6,84.1,103.7000000000001,0.5,0.6,True,True,0.0
502,0.0,0.4,84.1,104.10000000000011,0.7,0.4,True,True,0.0
503,0.4,0.0,84.5,104.10000000000011,0.4,0.2,True,True,0.0
504,0.4,0.0,84.9,104.10000000000011,0.4,0.9,True,True,0.0
505,0.0,0.3,84.9,104.4000000000001,0.6,0.3,True,True,0.0
506,0.4,0.0,85.30000000000001,104.4000000000001,0.4,0.5,True,True,0.0
507,0.3,0.0,85.60000000000001,104.4000000000001,0.3,0.4,True,True,0.0
508,0.4,0.3,86.00000000000001,104.7000000000001,0.4,0.3,True,True,0.0
509,0.0,0.0,86.00000000000001,104.7000000000001,0.4,0.3,True,True,0.0
510,0.2,0.4,86.20000000000002,105.10000000000011,0.2,0.4,True,True,0.0
511,0.0,0.0,86.20000000000002,105.10000000000011,0.3,0.4,True,True,0.0
512,0.1,0.0,86.30000000000001,105.10000000000011,0.1,0.4,True,True,0.0
513,0.0,0.4,86.30000000000001,105.50000000000011,0.8,0.4,True,True,0.0
514,0.0,0.5,86.30000000000001,106.00000000000011,0.9,0.5,True,True,0.0
515,0.0,0.4,86.30000000000001,106.40000000000012,1.0,0.4,True,True,0.0
516,0.5,0.0,86.80000000000001,106.40000000000012,0.5,0.5,True,True,0.0
517,0.5,0.0,87.30000000000001,106.40000000000012,0.5,0.4,True,True,0.0
518,0.0,0.5,87.30000000000001,106.90000000000012,0.5,0.5,True,True,0.0
519,0.2,0.0,87.50000000000001,106.90000000000012,0.2,0.6,True,True,0.0
520,0.0,0.0,87.50000000000001,106.90000000000012,0.7,0.5,True,True,0.0
521,0.6,0.0,88.10000000000001,106.90000000000012,0.6,0.5,True,True,0.0
522,0.6,0.5,88.7,107.40000000000012,0.6,0.5,True,True,0.0
523,0.6,0.4,89.3,107.80000000000013,0.6,0.4,True,True,0.0
524,0.0,0.4,89.3,108.20000000000013,0.6,0.4,True,True,0.0
525,0.6,0.2,89.89999999999999,108.40000000000013,0.6,0.2,True,True,0.0
526,0.0,0.3,89.89999999999999,108.70000000000013,0.6,0.3,True,True,0.0
527,0.0,0.0,89.89999999999999,108.70000000000013,0.4,0.5,True,True,0.0
528,0.5,0.3,90.39999999999999,109.00000000000013,0.5,0.3,True,True,0.0
529,0.0,0.0,90.39999999999999,109.00000000000013,0.5,0.5,True,True,0.0
530,0.0,0.0,90.39999999999999,109.00000000000013,0.3,0.4,True,True,0.0
531,0.0,0.0,90.39999999999999,109.00000000000013,0.6,1.0,True,True,0.0
532,0.0,0.0,90.39999999999999,109.00000000000013,0.2,0.5,True,True,0.0
533,0.1,0.0,90.49999999999999,109.00000000000013,0.1,0.4,True,True,0.0
534,0.4,0.2,90.89999999999999,109.20000000000013,0.4,0.2,True,True,0.0
535,0.0,0.4,90.89999999999999,109.60000000000014,0.5,0.4,True,True,0.0
536,0.0,0.5,90.89999999999999,110.10000000000014,0.4,0.5,True,True,0.0
537,0.7,0.0,91.6,110.10000000000014,0.7,0.5,True,True,0.0
538,0.0,0.0,91.6,110.10000000000014,0.7,0.5,True,True,0.0
539,0.0,0.4,91.6,110.50000000000014,0.8,0.4,True,True,0.0
540,0.0,0.0,91.6,110.50000000000014,0.9,0.4,True,True,0.0
541,0.0,0.0,91.6,110.50000000000014,1.0,0.3,True,True,0.0
542,0.0,0.0,91.6,110.50000000000014,0.3,0.4,True,True,0.0
543,0.0,0.3,91.6,110.80000000000014,0.7,0.3,True,True,0.0
544,0.0,0.0,91.6,110.80000000000014,0.6,0.4,True,True,0.0
545,0.2,0.0,91.8,110.80000000000014,0.2,0.9,True,True,0.0
546,0.1,0.0,91.89999999999999,110.80000000000014,0.1,0.4,True,True,0.0
547,0.0,0.3,91.89999999999999,111.10000000000014,0.5,0.3,True,True,0.0
548,0.0,0.4,91.89999999999999,111.50000000000014,0.4,0.4,True,True,0.0
549,0.2,0.0,92.1,111.50000000000014,0.2,0.7,True,True,0.0
550,0.3,0.4,92.39999999999999,111.90000000000015,0.3,0.4,True,True,0.0
551,0.0,0.0,92.39999999999999,111.90000000000015,0.6,0.3,True,True,0.0
552,0.0,0.0,92.39999999999999,111.90000000000015,0.1,0.4,True,True,0.0
553,0.0,0.0,92.39999999999999,111.90000000000015,0.7,0.6,True,True,0.0
554,0.0,0.0,92.39999999999999,111.90000000000015,0.3,0.5,True,True,0.0
555,0.0,0.3,92.39999999999999,112.20000000000014,0.2,0.3,True,True,0.0
556,0.0,0.0,92.39999999999999,112.20000000000014,0.8,0.8,True,True,0.0
557,0.0,0.4,92.39999999999999,112.60000000000015,0.9,0.4,True,True,0.0
558,0.0,0.4,92.39999999999999,113.00000000000016,1.0,0.4,True,True,0.0
559,0.5,0.0,92.89999999999999,113.00000000000016,0.5,0.5,True,True,0.0
560,0.0,0.0,92.89999999999999,113.00000000000016,0.5,0.3,True,True,0.0
561,0.0,0.3,92.89999999999999,113.30000000000015,0.4,0.3,True,True,0.0
562,0.0,0.0,92.89999999999999,113.30000000000015,0.6,0.4,True,True,0.0
563,0.0,0.3,92.89999999999999,113.60000000000015,0.5,0.3,True,True,0.0
564,0.3,0.0,93.19999999999999,113.60000000000015,0.3,0.6,True,True,0.0
565,0.0,0.5,93.19999999999999,114.10000000000015,0.2,0.5,True,True,0.0
566,0.0,0.0,93.19999999999999,114.10000000000015,0.7,0.5,True,True,0.0
567,0.0,0.4,93.19999999999999,114.50000000000016,0.4,0.4,True,True,0.0
568,0.1,0.0,93.29999999999998,114.50000000000016,0.1,0.4,True,True,0.0
569,0.0,0.0,93.29999999999998,114.50000000000016,0.3,0.5,True,True,0.0
570,0.0,0.0,93.29999999999998,114.50000000000016,0.8,0.9,True,True,0.0
571,0.0,0.0,93.29999999999998,114.50000000000016,0.9,0.5,True,True,0.0
572,0.0,0.0,93.29999999999998,114.50000000000016,1.0,0.4,True,True,0.0
573,0.0,0.2,93.29999999999998,114.70000000000016,0.5,0.2,True,True,0.0
574,0.0,0.0,93.29999999999998,114.70000000000016,0.6,0.5,True,True,0.0
575,0.0,0.0,93.29999999999998,114.70000000000016,0.4,0.5,True,True,0.0
576,0.1,0.5,93.39999999999998,115.20000000000016,0.1,0.5,True,True,0.0
577,0.0,0.0,93.39999999999998,115.20000000000016,0.2,0.6,True,True,0.0
578,0.3,0.5,93.69999999999997,115.70000000000016,0.3,0.5,True,True,0.0
579,0.7,0.4,94.39999999999998,116.10000000000016,0.7,0.4,True,True,0.0
580,0.0,0.0,94.39999999999998,116.10000000000016,0.7,0.3,True,True,0.0
581,0.0,0.0,94.39999999999998,116.10000000000016,0.3,0.4,True,True,0.0
582,0.0,0.0,94.39999999999998,116.10000000000016,0.7,0.6,True,True,0.0
583,0.5,0.3,94.89999999999998,116.40000000000016,0.5,0.3,True,True,0.0
584,0.0,0.0,94.89999999999998,116.40000000000016,0.5,0.4,True,True,0.0
585,0.0,0.0,94.89999999999998,116.40000000000016,0.6,0.5,True,True,0.0
586,0.0,0.5,94.89999999999998,116.90000000000016,0.4,0.5,True,True,0.0
587,0.1,0.0,94.99999999999997,116.90000000000016,0.1,0.4,True,True,0.0
588,0.0,0.0,94.99999999999997,116.90000000000016,0.8,0.4,True,True,0.0
589,0.0,0.4,94.99999999999997,117.30000000000017,0.9,0.4,True,True,0.0
590,0.0,0.0,94.99999999999997,117.30000000000017,1.0,0.7,True,True,0.0
591,0.2,0.3,95.19999999999997,117.60000000000016,0.2,0.3,True,True,0.0
592,0.0,0.0,95.19999999999997,117.60000000000016,0.5,0.3,True,True,0.0
593,0.3,0.0,95.49999999999997,117.60000000000016,0.3,0.4,True,True,0.0
594,0.0,0.3,95.49999999999997,117.90000000000016,0.7,0.3,True,True,0.0
595,0.0,0.0,95.49999999999997,117.90000000000016,0.3,0.4,True,True,0.0
596,0.2,0.3,95.69999999999997,118.20000000000016,0.2,0.3,True,True,0.0
597,0.0,0.0,95.69999999999997,118.20000000000016,0.6,0.5,True,True,0.0
598,0.0,0.0,95.69999999999997,118.20000000000016,0.4,0.4,True,True,0.0
599,0.1,0.0,95.79999999999997,118.20000000000016,0.1,0.4,True,True,0.0
600,0.5,0.3,96.29999999999997,118.50000000000016,0.5,0.3,True,True,0.0
601,0.5,0.4,96.79999999999997,118.90000000000016,0.5,0.4,True,True,0.0
602,0.0,0.4,96.79999999999997,119.30000000000017,0.5,0.4,True,True,0.0
603,0.2,0.3,96.99999999999997,119.60000000000016,0.2,0.3,True,True,0.0
604,0.3,0.0,97.29999999999997,119.60000000000016,0.3,0.4,True,True,0.0
605,0.4,0.3,97.69999999999997,119.90000000000016,0.4,0.3,True,True,0.0
606,0.4,0.3,98.09999999999998,120.20000000000016,0.4,0.3,True,True,0.0
607,0.0,0.4,98.09999999999998,120.60000000000016,0.8,0.4,True,True,0.0
608,0.0,0.4,98.09999999999998,121.00000000000017,0.9,0.4,True,True,0.0
609,0.0,0.1,98.09999999999998,121.10000000000016,1.0,0.1,True,True,0.0
610,0.5,0.4,98.59999999999998,121.50000000000017,0.5,0.4,True,True,0.0
611,0.0,0.7,98.59999999999998,122.20000000000017,0.5,0.7,True,True,0.0
612,0.0,0.4,98.59999999999998,122.60000000000018,0.7,0.4,True,True,0.0
613,0.4,0.0,98.99999999999999,122.60000000000018,0.4,0.4,True,True,0.0
614,0.0,0.3,98.99999999999999,122.90000000000018,0.6,0.3,True,True,0.0
615,0.2,0.0,99.19999999999999,122.90000000000018,0.2,0.6,True,True,0.0
616,0.0,0.4,99.19999999999999,123.30000000000018,0.4,0.4,True,True,0.0
617,0.3,0.4,99.49999999999999,123.70000000000019,0.3,0.4,True,True,0.0
618,0.1,0.4,99.59999999999998,124.1000000000002,0.1,0.4,True,True,0.0
619,0.0,0.3,99.59999999999998,124.40000000000019,0.3,0.3,True,True,0.0
620,0.2,0.3,99.79999999999998,124.70000000000019,0.2,0.3,True,True,0.0
621,0.0,0.4,99.79999999999998,125.1000000000002,0.5,0.4,True,True,0.0
622,0.4,0.5,100.19999999999999,125.6000000000002,0.4,0.5,True,True,0.0
623,0.4,0.0,100.6,125.6000000000002,0.4,0.4,True,True,0.0
624,0.4,0.5,101.0,126.1000000000002,0.4,0.5,True,True,0.0
625,0.6,0.4,101.6,126.5000000000002,0.6,0.4,True,True,0.0
626,0.6,0.4,102.19999999999999,126.9000000000002,0.6,0.4,True,True,0.0
627,0.0,0.0,102.19999999999999,126.9000000000002,0.6,0.8,True,True,0.0
628,0.0,0.4,102.19999999999999,127.30000000000021,0.6,0.4,True,True,0.0
629,0.4,0.4,102.6,127.70000000000022,0.4,0.4,True,True,0.0
630,0.2,0.0,102.8,127.70000000000022,0.2,0.5,True,True,0.0
631,0.0,0.5,102.8,128.20000000000022,0.7,0.5,True,True,0.0
632,0.1,0.4,102.89999999999999,128.60000000000022,0.1,0.4,True,True,0.0
633,0.4,0.2,103.3,128.8000000000002,0.4,0.2,True,True,0.0
634,0.4,0.5,103.7,129.3000000000002,0.4,0.5,True,True,0.0
635,0.0,0.4,103.7,129.70000000000022,0.4,0.4,True,True,0.0
636,0.3,0.3,104.0,130.00000000000023,0.3,0.3,True,True,0.0
637,0.0,0.3,104.0,130.30000000000024,0.8,0.3,True,True,0.0
638,0.0,0.2,104.0,130.50000000000023,0.9,0.2,True,True,0.0
639,0.0,0.5,104.0,131.00000000000023,1.0,0.5,True,True,0.0
640,0.0,0.3,104.0,131.30000000000024,0.5,0.3,True,True,0.0
641,0.3,0.3,104.3,131.60000000000025,0.3,0.3,True,True,0.0
642,0.2,0.0,104.5,131.60000000000025,0.2,0.4,True,True,0.0
643,0.3,0.3,104.8,131.90000000000026,0.3,0.3,True,True,0.0
644,0.0,0.3,104.8,132.20000000000027,0.6,0.3,True,True,0.0
645,0.1,0.4,104.89999999999999,132.60000000000028,0.1,0.4,True,True,0.0
646,0.4,0.4,105.3,133.00000000000028,0.4,0.4,True,True,0.0
647,0.3,0.0,105.6,133.00000000000028,0.3,0.5,True,True,0.0
648,0.4,0.4,106.0,133.4000000000003,0.4,0.4,True,True,0.0
649,0.2,0.4,106.2,133.8000000000003,0.2,0.4,True,True,0.0
650,0.4,0.7,106.60000000000001,134.50000000000028,0.4,0.7,True,True,0.0
651,0.4,0.0,107.00000000000001,134.50000000000028,0.4,0.4,True,True,0.0
652,0.4,0.0,107.40000000000002,134.50000000000028,0.4,0.7,True,True,0.0
653,0.0,0.0,107.40000000000002,134.50000000000028,0.7,0.5,True,True,0.0
654,0.4,0.4,107.80000000000003,134.9000000000003,0.4,0.4,True,True,0.0
655,0.3,0.4,108.10000000000002,135.3000000000003,0.3,0.4,True,True,0.0
656,0.0,0.3,108.10000000000002,135.6000000000003,0.4,0.3,True,True,0.0
657,0.0,0.0,108.10000000000002,135.6000000000003,0.5,0.3,True,True,0.0
658,0.3,0.0,108.40000000000002,135.6000000000003,0.3,0.5,True,True,0.0
659,0.2,0.2,108.60000000000002,135.8000000000003,0.2,0.2,True,True,0.0
660,0.3,0.0,108.90000000000002,135.8000000000003,0.3,0.9,True,True,0.0
661,0.1,0.3,109.00000000000001,136.1000000000003,0.1,0.3,True,True,0.0
662,0.0,0.4,109.00000000000001,136.5000000000003,0.8,0.4,True,True,0.0
663,0.0,0.5,109.00000000000001,137.0000000000003,0.9,0.5,True,True,0.0
664,0.0,0.4,109.00000000000001,137.40000000000032,1.0,0.4,True,True,0.0
665,0.0,0.2,109.00000000000001,137.6000000000003,0.6,0.2,True,True,0.0
666,0.3,0.3,109.30000000000001,137.90000000000032,0.3,0.3,True,True,0.0
667,0.2,0.3,109.50000000000001,138.20000000000033,0.2,0.3,True,True,0.0
668,0.0,0.3,109.50000000000001,138.50000000000034,0.4,0.3,True,True,0.0
669,0.5,0.4,110.00000000000001,138.90000000000035,0.5,0.4,True,True,0.0
670,0.0,0.4,110.00000000000001,139.30000000000035,0.5,0.4,True,True,0.0
671,0.3,0.0,110.30000000000001,139.30000000000035,0.3,0.5,True,True,0.0
672,0.0,0.4,110.30000000000001,139.70000000000036,0.7,0.4,True,True,0.0
673,0.3,0.0,110.60000000000001,139.70000000000036,0.3,0.4,True,True,0.0
674,0.2,0.5,110.80000000000001,140.20000000000036,0.2,0.5,True,True,0.0
675,0.3,0.4,111.10000000000001,140.60000000000036,0.3,0.4,True,True,0.0
676,0.0,0.4,111.10000000000001,141.00000000000037,0.5,0.4,True,True,0.0
677,0.1,0.4,111.2,141.40000000000038,0.1,0.4,True,True,0.0
678,0.4,0.4,111.60000000000001,141.80000000000038,0.4,0.4,True,True,0.0
679,0.4,0.5,112.00000000000001,142.30000000000038,0.4,0.5,True,True,0.0
680,0.0,0.3,112.00000000000001,142.6000000000004,0.6,0.3,True,True,0.0
681,0.3,0.1,112.30000000000001,142.7000000000004,0.3,0.1,True,True,0.0
682,0.0,0.0,112.30000000000001,142.7000000000004,0.4,0.4,True,True,0.0
683,0.2,0.0,112.50000000000001,142.7000000000004,0.2,0.8,True,True,0.0
684,0.3,0.3,112.80000000000001,143.0000000000004,0.3,0.3,True,True,0.0
685,0.0,0.0,112.80000000000001,143.0000000000004,0.8,0.4,True,True,0.0
686,0.0,0.4,112.80000000000001,143.4000000000004,0.9,0.4,True,True,0.0
687,0.0,0.4,112.80000000000001,143.8000000000004,1.0,0.4,True,True,0.0
688,0.3,0.0,113.10000000000001,143.8000000000004,0.3,0.4,True,True,0.0
689,0.0,0.3,113.10000000000001,144.10000000000042,0.7,0.3,True,True,0.0
690,0.2,0.3,113.30000000000001,144.40000000000043,0.2,0.3,True,True,0.0
691,0.5,0.5,113.80000000000001,144.90000000000043,0.5,0.5,True,True,0.0
692,0.5,0.5,114.30000000000001,145.40000000000043,0.5,0.5,True,True,0.0
693,0.0,0.3,114.30000000000001,145.70000000000044,0.5,0.3,True,True,0.0
694,0.3,0.3,114.60000000000001,146.00000000000045,0.3,0.3,True,True,0.0
695,0.1,0.0,114.7,146.00000000000045,0.1,1.0,True,True,0.0
696,0.4,0.0,115.10000000000001,146.00000000000045,0.4,0.9,True,True,0.0
697,0.4,0.3,115.50000000000001,146.30000000000047,0.4,0.3,True,True,0.0
698,0.4,0.0,115.90000000000002,146.30000000000047,0.4,0.4,True,True,0.0
699,0.3,0.4,116.20000000000002,146.70000000000047,0.3,0.4,True,True,0.0
700,0.4,0.3,116.60000000000002,147.00000000000048,0.4,0.3,True,True,0.0
701,0.4,0.5,117.00000000000003,147.50000000000048,0.4,0.5,True,True,0.0
702,0.0,0.0,117.00000000000003,147.50000000000048,0.6,0.8,True,True,0.0
703,0.4,0.0,117.40000000000003,147.50000000000048,0.4,0.9,True,True,0.0
704,0.4,0.3,117.80000000000004,147.8000000000005,0.4,0.3,True,True,0.0
705,0.4,0.0,118.20000000000005,147.8000000000005,0.4,0.5,True,True,0.0
706,0.2,0.4,118.40000000000005,148.2000000000005,0.2,0.4,True,True,0.0
707,0.4,0.3,118.80000000000005,148.5000000000005,0.4,0.3,True,True,0.0
708,0.0,0.5,118.80000000000005,149.0000000000005,0.5,0.5,True,True,0.0
709,0.3,0.1,119.10000000000005,149.1000000000005,0.3,0.1,True,True,0.0
710,0.4,0.4,119.50000000000006,149.5000000000005,0.4,0.4,True,True,0.0
711,0.4,0.3,119.90000000000006,149.80000000000052,0.4,0.3,True,True,0.0
712,0.4,0.3,120.30000000000007,150.10000000000053,0.4,0.3,True,True,0.0
713,0.4,0.5,120.70000000000007,150.60000000000053,0.4,0.5,True,True,0.0
714,0.4,0.3,121.10000000000008,150.90000000000055,0.4,0.3,True,True,0.0
715,0.3,0.2,121.40000000000008,151.10000000000053,0.3,0.2,True,True,0.0
716,0.4,0.0,121.80000000000008,151.10000000000053,0.4,0.5,True,True,0.0
717,0.4,0.4,122.20000000000009,151.50000000000054,0.4,0.4,True,True,0.0
718,0.4,0.6,122.6000000000001,152.10000000000053,0.4,0.6,True,True,0.0
719,0.4,0.3,123.0000000000001,152.40000000000055,0.4,0.3,True,True,0.0
720,0.0,0.4,123.0000000000001,152.80000000000055,0.4,0.4,True,True,0.0
721,0.2,0.5,123.2000000000001,153.30000000000055,0.2,0.5,True,True,0.0
722,0.1,0.0,123.3000000000001,153.30000000000055,0.1,0.7,True,True,0.0
723,0.0,0.4,123.3000000000001,153.70000000000056,0.7,0.4,True,True,0.0
724,0.3,0.3,123.6000000000001,154.00000000000057,0.3,0.3,True,True,0.0
725,0.3,0.4,123.90000000000009,154.40000000000057,0.3,0.4,True,True,0.0
726,0.0,0.3,123.90000000000009,154.70000000000059,0.8,0.3,True,True,0.0
727,0.0,0.0,123.90000000000009,154.70000000000059,0.9,0.6,True,True,0.0
728,0.0,0.4,123.90000000000009,155.1000000000006,1.0,0.4,True,True,0.0
729,0.0,0.3,123.90000000000009,155.4000000000006,0.6,0.3,True,True,0.0
730,0.5,0.3,124.40000000000009,155.7000000000006,0.5,0.3,True,True,0.0
731,0.5,0.3,124.90000000000009,156.00000000000063,0.5,0.3,True,True,0.0
732,0.0,0.4,124.90000000000009,156.40000000000063,0.5,0.4,True,True,0.0
733,0.3,0.4,125.20000000000009,156.80000000000064,0.3,0.4,True,True,0.0
734,0.2,0.0,125.40000000000009,156.80000000000064,0.2,0.5,True,True,0.0
735,0.3,0.4,125.70000000000009,157.20000000000064,0.3,0.4,True,True,0.0
736,0.4,0.7,126.1000000000001,157.90000000000063,0.4,0.7,True,True,0.0
737,0.4,0.4,126.5000000000001,158.30000000000064,0.4,0.4,True,True,0.0
738,0.0,0.4,126.5000000000001,158.70000000000064,0.4,0.4,True,True,0.0
739,0.5,0.3,127.0000000000001,159.00000000000065,0.5,0.3,True,True,0.0
740,0.5,0.3,127.5000000000001,159.30000000000067,0.5,0.3,True,True,0.0
741,0.0,0.0,127.5000000000001,159.30000000000067,0.5,0.5,True,True,0.0
742,0.1,0.3,127.6000000000001,159.60000000000068,0.1,0.3,True,True,0.0
743,0.3,0.0,127.90000000000009,159.60000000000068,0.3,0.7,True,True,0.0
744,0.2,0.4,128.10000000000008,160.00000000000068,0.2,0.4,True,True,0.0
745,0.0,0.5,128.10000000000008,160.50000000000068,0.7,0.5,True,True,0.0
746,0.3,0.5,128.4000000000001,161.00000000000068,0.3,0.5,True,True,0.0
747,0.0,0.0,128.4000000000001,161.00000000000068,0.5,0.5,True,True,0.0
748,0.6,0.5,129.00000000000009,161.50000000000068,0.6,0.5,True,True,0.0
749,0.0,0.4,129.00000000000009,161.9000000000007,0.6,0.4,True,True,0.0
750,0.3,0.3,129.3000000000001,162.2000000000007,0.3,0.3,True,True,0.0
751,0.2,0.3,129.50000000000009,162.5000000000007,0.2,0.3,True,True,0.0
752,0.4,0.4,129.9000000000001,162.90000000000072,0.4,0.4,True,True,0.0
753,0.0,0.4,129.9000000000001,163.30000000000072,0.4,0.4,True,True,0.0
754,0.3,0.0,130.2000000000001,163.30000000000072,0.3,1.0,True,True,0.0
755,0.0,0.3,130.2000000000001,163.60000000000073,0.8,0.3,True,True,0.0
756,0.0,0.0,130.2000000000001,163.60000000000073,0.9,0.3,True,True,0.0
757,0.0,0.4,130.2000000000001,164.00000000000074,1.0,0.4,True,True,0.0
758,0.1,0.0,130.3000000000001,164.00000000000074,0.1,0.5,True,True,0.0
759,0.0,0.3,130.3000000000001,164.30000000000075,0.6,0.3,True,True,0.0
760,0.3,0.4,130.6000000000001,164.70000000000076,0.3,0.4,True,True,0.0
761,0.2,0.3,130.8000000000001,165.00000000000077,0.2,0.3,True,True,0.0
762,0.3,0.4,131.1000000000001,165.40000000000077,0.3,0.4,True,True,0.0
763,0.5,0.0,131.6000000000001,165.40000000000077,0.5,0.5,True,True,0.0
764,0.5,0.4,132.1000000000001,165.80000000000078,0.5,0.4,True,True,0.0
765,0.0,0.3,132.1000000000001,166.1000000000008,0.5,0.3,True,True,0.0
766,0.0,0.0,132.1000000000001,166.1000000000008,0.3,0.4,True,True,0.0
767,0.0,0.3,132.1000000000001,166.4000000000008,0.7,0.3,True,True,0.0
768,0.4,0.3,132.5000000000001,166.7000000000008,0.4,0.3,True,True,0.0
769,0.4,0.0,132.90000000000012,166.7000000000008,0.4,0.4,True,True,0.0
770,0.0,0.3,132.90000000000012,167.00000000000082,0.4,0.3,True,True,0.0
771,0.2,0.3,133.1000000000001,167.30000000000084,0.2,0.3,True,True,0.0
772,0.0,0.0,133.1000000000001,167.30000000000084,0.5,0.5,True,True,0.0
773,0.1,0.0,133.2000000000001,167.30000000000084,0.1,1.0,True,True,0.0
774,0.6,0.3,133.8000000000001,167.60000000000085,0.6,0.3,True,True,0.0
775,0.6,0.4,134.4000000000001,168.00000000000085,0.6,0.4,True,True,0.0
776,0.0,0.0,134.4000000000001,168.00000000000085,0.6,0.4,True,True,0.0
777,0.0,0.3,134.4000000000001,168.30000000000086,0.6,0.3,True,True,0.0
778,0.2,0.0,134.60000000000008,168.30000000000086,0.2,0.4,True,True,0.0
779,0.3,0.0,134.9000000000001,168.30000000000086,0.3,0.4,True,True,0.0
780,0.4,0.4,135.3000000000001,168.70000000000087,0.4,0.4,True,True,0.0
781,0.4,0.3,135.7000000000001,169.00000000000088,0.4,0.3,True,True,0.0
782,0.4,0.4,136.1000000000001,169.4000000000009,0.4,0.4,True,True,0.0
783,0.0,0.3,136.1000000000001,169.7000000000009,0.4,0.3,True,True,0.0
784,0.0,0.4,136.1000000000001,170.1000000000009,0.8,0.4,True,True,0.0
785,0.0,0.3,136.1000000000001,170.40000000000092,0.9,0.3,True,True,0.0
786,0.0,0.4,136.1000000000001,170.80000000000092,1.0,0.4,True,True,0.0
787,0.3,0.0,136.40000000000012,170.80000000000092,0.3,0.4,True,True,0.0
788,0.2,0.5,136.6000000000001,171.30000000000092,0.2,0.5,True,True,0.0
789,0.5,0.0,137.1000000000001,171.30000000000092,0.5,0.4,True,True,0.0
790,0.5,0.0,137.6000000000001,171.30000000000092,0.5,0.4,True,True,0.0
791,0.5,0.4,138.1000000000001,171.70000000000093,0.5,0.4,True,True,0.0
792,0.5,0.5,138.6000000000001,172.20000000000093,0.5,0.5,True,True,0.0
793,0.5,0.0,139.1000000000001,172.20000000000093,0.5,0.4,True,True,0.0
794,0.0,0.0,139.1000000000001,172.20000000000093,0.5,0.5,True,True,0.0
795,0.5,0.3,139.6000000000001,172.50000000000094,0.5,0.3,True,True,0.0
796,0.0,0.0,139.6000000000001,172.50000000000094,0.5,0.3,True,True,0.0
797,0.0,0.0,139.6000000000001,172.50000000000094,0.7,0.4,True,True,0.0
798,0.3,0.5,139.90000000000012,173.00000000000094,0.3,0.5,True,True,0.0
799,0.1,0.3,140.0000000000001,173.30000000000095,0.1,0.3,True,True,0.0
800,0.0,0.5,140.0000000000001,173.80000000000095,0.6,0.5,True,True,0.0
801,0.3,0.0,140.30000000000013,173.80000000000095,0.3,0.4,True,True,0.0
802,0.2,0.5,140.5000000000001,174.30000000000095,0.2,0.5,True,True,0.0
803,0.5,0.0,141.0000000000001,174.30000000000095,0.5,0.3,True,True,0.0
804,0.5,0.0,141.5000000000001,174.30000000000095,0.5,0.4,True,True,0.0
805,0.5,0.5,142.0000000000001,174.80000000000095,0.5,0.5,True,True,0.0
806,0.0,0.5,142.0000000000001,175.30000000000095,0.5,0.5,True,True,0.0
807,0.4,0.3,142.40000000000012,175.60000000000096,0.4,0.3,True,True,0.0
808,0.3,0.3,142.70000000000013,175.90000000000097,0.3,0.3,True,True,0.0
809,0.4,0.4,143.10000000000014,176.30000000000098,0.4,0.4,True,True,0.0
810,0.4,0.5,143.50000000000014,176.80000000000098,0.4,0.5,True,True,0.0
811,0.4,0.2,143.90000000000015,177.00000000000097,0.4,0.2,True,True,0.0
812,0.4,0.0,144.30000000000015,177.00000000000097,0.4,0.9,True,True,0.0
813,0.4,0.5,144.70000000000016,177.50000000000097,0.4,0.5,True,True,0.0
814,0.4,0.5,145.10000000000016,178.00000000000097,0.4,0.5,True,True,0.0
815,0.3,0.0,145.40000000000018,178.00000000000097,0.3,0.5,True,True,0.0
816,0.4,0.3,145.80000000000018,178.30000000000098,0.4,0.3,True,True,0.0
817,0.0,0.4,145.80000000000018,178.70000000000098,0.5,0.4,True,True,0.0
818,0.4,0.2,146.2000000000002,178.90000000000097,0.4,0.2,True,True,0.0
819,0.4,0.3,146.6000000000002,179.20000000000098,0.4,0.3,True,True,0.0
820,0.4,0.4,147.0000000000002,179.600000000001,0.4,0.4,True,True,0.0
821,0.2,0.3,147.2000000000002,179.900000000001,0.2,0.3,True,True,0.0
822,0.4,0.0,147.6000000000002,179.900000000001,0.4,0.5,True,True,0.0
823,0.3,0.6,147.9000000000002,180.500000000001,0.3,0.6,True,True,0.0
824,0.4,0.4,148.3000000000002,180.900000000001,0.4,0.4,True,True,0.0
825,0.0,0.4,148.3000000000002,181.300000000001,0.4,0.4,True,True,0.0
826,0.1,0.3,148.4000000000002,181.60000000000102,0.1,0.3,True,True,0.0
827,0.0,0.5,148.4000000000002,182.10000000000102,0.7,0.5,True,True,0.0
828,0.0,0.4,148.4000000000002,182.50000000000102,0.3,0.4,True,True,0.0
829,0.0,0.3,148.4000000000002,182.80000000000103,0.6,0.3,True,True,0.0
830,0.0,0.0,148.4000000000002,182.80000000000103,0.8,0.6,True,True,0.0
831,0.0,0.4,148.4000000000002,183.20000000000104,0.9,0.4,True,True,0.0
832,0.0,0.5,148.4000000000002,183.70000000000104,1.0,0.5,True,True,0.0
833,0.2,0.3,148.6000000000002,184.00000000000105,0.2,0.3,True,True,0.0
834,0.5,0.3,149.1000000000002,184.30000000000106,0.5,0.3,True,True,0.0
835,0.0,0.3,149.1000000000002,184.60000000000107,0.5,0.3,True,True,0.0
836,0.4,0.2,149.5000000000002,184.80000000000106,0.4,0.2,True,True,0.0
837,0.4,0.5,149.9000000000002,185.30000000000106,0.4,0.5,True,True,0.0
838,0.4,0.0,150.3000000000002,185.30000000000106,0.4,0.5,True,True,0.0
839,0.0,0.3,150.3000000000002,185.60000000000107,0.4,0.3,True,True,0.0
840,0.2,0.3,150.5000000000002,185.90000000000109,0.2,0.3,True,True,0.0
841,0.0,0.4,150.5000000000002,186.3000000000011,0.1,0.4,True,True,0.0
842,0.3,0.3,150.8000000000002,186.6000000000011,0.3,0.3,True,True,0.0
843,0.0,0.4,150.8000000000002,187.0000000000011,0.5,0.4,True,True,0.0
844,0.0,0.4,150.8000000000002,187.4000000000011,0.6,0.4,True,True,0.0
845,0.3,0.4,151.10000000000022,187.80000000000112,0.3,0.4,True,True,0.0
846,0.2,0.3,151.3000000000002,188.10000000000113,0.2,0.3,True,True,0.0
847,0.0,0.0,151.3000000000002,188.10000000000113,0.7,0.7,True,True,0.0
848,0.3,0.5,151.60000000000022,188.60000000000113,0.3,0.5,True,True,0.0
849,0.4,0.0,152.00000000000023,188.60000000000113,0.4,0.3,True,True,0.0
850,0.4,0.3,152.40000000000023,188.90000000000114,0.4,0.3,True,True,0.0
851,0.0,0.5,152.40000000000023,189.40000000000114,0.4,0.5,True,True,0.0
852,0.0,0.4,152.40000000000023,189.80000000000115,0.3,0.4,True,True,0.0
853,0.2,0.4,152.60000000000022,190.20000000000115,0.2,0.4,True,True,0.0
854,0.0,0.4,152.60000000000022,190.60000000000116,0.8,0.4,True,True,0.0
855,0.0,0.5,152.60000000000022,191.10000000000116,0.9,0.5,True,True,0.0
856,0.0,0.0,152.60000000000022,191.10000000000116,1.0,0.5,True,True,0.0
857,0.0,0.5,152.60000000000022,191.60000000000116,0.5,0.5,True,True,0.0
858,0.0,0.5,152.60000000000022,192.10000000000116,0.6,0.5,True,True,0.0
859,0.0,0.3,152.60000000000022,192.40000000000117,0.4,0.3,True,True,0.0
860,0.1,0.3,152.70000000000022,192.70000000000118,0.1,0.3,True,True,0.0
861,0.2,0.4,152.9000000000002,193.1000000000012,0.2,0.4,True,True,0.0
862,0.3,0.4,153.20000000000022,193.5000000000012,0.3,0.4,True,True,0.0
863,0.0,0.5,153.20000000000022,194.0000000000012,0.7,0.5,True,True,0.0
864,0.3,0.4,153.50000000000023,194.4000000000012,0.3,0.4,True,True,0.0
865,0.0,0.3,153.50000000000023,194.7000000000012,0.5,0.3,True,True,0.0
866,0.0,0.4,153.50000000000023,195.10000000000122,0.2,0.4,True,True,0.0
867,0.0,0.0,153.50000000000023,195.10000000000122,0.3,0.4,True,True,0.0
868,0.0,0.4,153.50000000000023,195.50000000000122,0.4,0.4,True,True,0.0
869,0.0,0.0,153.50000000000023,195.50000000000122,0.1,0.5,True,True,0.0
870,0.0,0.5,153.50000000000023,196.00000000000122,0.6,0.5,True,True,0.0
871,0.0,0.0,153.50000000000023,196.00000000000122,0.5,0.3,True,True,0.0
872,0.0,0.5,153.50000000000023,196.50000000000122,0.8,0.5,True,True,0.0
873,0.0,0.3,153.50000000000023,196.80000000000123,0.9,0.3,True,True,0.0
874,0.0,0.3,153.50000000000023,197.10000000000124,1.0,0.3,True,True,0.0
875,0.4,0.0,153.90000000000023,197.10000000000124,0.4,0.4,True,True,0.0
876,0.0,0.3,153.90000000000023,197.40000000000126,0.4,0.3,True,True,0.0
877,0.3,0.5,154.20000000000024,197.90000000000126,0.3,0.5,True,True,0.0
878,0.0,0.3,154.20000000000024,198.20000000000127,0.7,0.3,True,True,0.0
879,0.2,0.5,154.40000000000023,198.70000000000127,0.2,0.5,True,True,0.0
880,0.3,0.4,154.70000000000024,199.10000000000127,0.3,0.4,True,True,0.0
881,0.3,0.4,155.00000000000026,199.50000000000128,0.3,0.4,True,True,0.0
882,0.6,0.4,155.60000000000025,199.90000000000128,0.6,0.4,True,True,0.0
883,0.0,0.2,155.60000000000025,200.10000000000127,0.6,0.2,True,True,0.0
884,0.2,0.0,155.80000000000024,200.10000000000127,0.2,0.5,True,True,0.0
885,0.0,0.4,155.80000000000024,200.50000000000128,0.5,0.4,True,True,0.0
886,0.0,0.4,155.80000000000024,200.90000000000128,0.4,0.4,True,True,0.0
887,0.0,0.3,155.80000000000024,201.2000000000013,0.3,0.3,True,True,0.0
888,0.1,0.3,155.90000000000023,201.5000000000013,0.1,0.3,True,True,0.0
889,0.6,0.0,156.50000000000023,201.5000000000013,0.6,0.6,True,True,0.0
890,0.0,0.3,156.50000000000023,201.80000000000132,0.6,0.3,True,True,0.0
891,0.0,0.4,156.50000000000023,202.20000000000132,0.2,0.4,True,True,0.0
892,0.0,0.5,156.50000000000023,202.70000000000132,0.4,0.5,True,True,0.0
893,0.0,0.1,156.50000000000023,202.80000000000132,0.7,0.1,True,True,0.0
894,0.0,0.4,156.50000000000023,203.20000000000132,0.6,0.4,True,True,0.0
895,0.0,0.0,156.50000000000023,203.20000000000132,0.5,0.4,True,True,0.0
896,0.0,0.3,156.50000000000023,203.50000000000134,0.8,0.3,True,True,0.0
897,0.0,0.4,156.50000000000023,203.90000000000134,0.9,0.4,True,True,0.0
898,0.0,0.0,156.50000000000023,203.90000000000134,1.0,0.5,True,True,0.0
899,0.3,0.5,156.80000000000024,204.40000000000134,0.3,0.5,True,True,0.0
900,0.0,0.5,156.80000000000024,204.90000000000134,0.3,0.5,True,True,0.0
901,0.1,0.3,156.90000000000023,205.20000000000135,0.1,0.3,True,True,0.0
902,0.4,0.0,157.30000000000024,205.20000000000135,0.4,0.7,True,True,0.0
903,0.0,0.4,157.30000000000024,205.60000000000136,0.4,0.4,True,True,0.0
904,0.2,0.3,157.50000000000023,205.90000000000137,0.2,0.3,True,True,0.0
905,0.0,0.4,157.50000000000023,206.30000000000138,0.5,0.4,True,True,0.0
906,0.0,0.0,157.50000000000023,206.30000000000138,0.6,0.7,True,True,0.0
907,0.0,0.3,157.50000000000023,206.6000000000014,0.3,0.3,True,True,0.0
908,0.2,0.4,157.70000000000022,207.0000000000014,0.2,0.4,True,True,0.0
909,0.0,0.0,157.70000000000022,207.0000000000014,0.7,0.4,True,True,0.0
910,0.1,0.3,157.8000000000002,207.3000000000014,0.1,0.3,True,True,0.0
911,0.0,0.2,157.8000000000002,207.5000000000014,0.4,0.2,True,True,0.0
912,0.0,0.0,157.8000000000002,207.5000000000014,0.5,0.5,True,True,0.0
913,0.2,0.0,158.0000000000002,207.5000000000014,0.2,0.4,True,True,0.0
914,0.0,0.4,158.0000000000002,207.9000000000014,0.8,0.4,True,True,0.0
915,0.0,0.0,158.0000000000002,207.9000000000014,0.9,0.7,True,True,0.0
916,0.0,0.0,158.0000000000002,207.9000000000014,1.0,0.5,True,True,0.0
917,0.0,0.3,158.0000000000002,208.2000000000014,0.3,0.3,True,True,0.0
918,0.0,0.0,158.0000000000002,208.2000000000014,0.6,0.3,True,True,0.0
919,0.4,0.4,158.4000000000002,208.60000000000142,0.4,0.4,True,True,0.0
920,0.4,0.0,158.8000000000002,208.60000000000142,0.4,0.5,True,True,0.0
921,0.4,0.5,159.20000000000022,209.10000000000142,0.4,0.5,True,True,0.0
922,0.4,0.3,159.60000000000022,209.40000000000143,0.4,0.3,True,True,0.0
923,0.0,0.0,159.60000000000022,209.40000000000143,0.4,0.5,True,True,0.0
924,0.2,0.4,159.8000000000002,209.80000000000143,0.2,0.4,True,True,0.0
925,0.1,0.3,159.9000000000002,210.10000000000144,0.1,0.3,True,True,0.0
926,0.0,0.2,159.9000000000002,210.30000000000143,0.7,0.2,True,True,0.0
927,0.0,0.0,159.9000000000002,210.30000000000143,0.5,0.5,True,True,0.0
928,0.0,0.3,159.9000000000002,210.60000000000144,0.2,0.3,True,True,0.0
929,0.0,0.0,159.9000000000002,210.60000000000144,0.4,0.2,True,True,0.0
930,0.0,0.0,159.9000000000002,210.60000000000144,0.3,1.0,True,True,0.0
931,0.0,0.4,159.9000000000002,211.00000000000145,0.6,0.4,True,True,0.0
932,0.1,0.0,160.0000000000002,211.00000000000145,0.1,0.5,True,True,0.0
933,0.0,0.0,160.0000000000002,211.00000000000145,0.5,0.5,True,True,0.0
934,0.0,0.3,160.0000000000002,211.30000000000146,0.8,0.3,True,True,0.0
935,0.0,0.4,160.0000000000002,211.70000000000147,0.9,0.4,True,True,0.0
936,0.0,0.0,160.0000000000002,211.70000000000147,1.0,0.4,True,True,0.0
937,0.0,0.0,160.0000000000002,211.70000000000147,0.4,0.5,True,True,0.0
938,0.2,0.3,160.2000000000002,212.00000000000148,0.2,0.3,True,True,0.0
939,0.0,0.4,160.2000000000002,212.40000000000148,0.7,0.4,True,True,0.0
940,0.3,0.3,160.5000000000002,212.7000000000015,0.3,0.3,True,True,0.0
941,0.3,0.3,160.8000000000002,213.0000000000015,0.3,0.3,True,True,0.0
942,0.0,0.0,160.8000000000002,213.0000000000015,0.3,0.4,True,True,0.0
943,0.5,0.0,161.3000000000002,213.0000000000015,0.5,0.6,True,True,0.0
944,0.0,0.0,161.3000000000002,213.0000000000015,0.5,0.5,True,True,0.0
945,0.1,0.4,161.4000000000002,213.4000000000015,0.1,0.4,True,True,0.0
946,0.0,0.0,161.4000000000002,213.4000000000015,0.6,0.5,True,True,0.0
947,0.2,0.3,161.6000000000002,213.70000000000152,0.2,0.3,True,True,0.0
948,0.4,0.0,162.0000000000002,213.70000000000152,0.4,0.5,True,True,0.0
949,0.4,0.3,162.4000000000002,214.00000000000153,0.4,0.3,True,True,0.0
950,0.0,0.3,162.4000000000002,214.30000000000155,0.4,0.3,True,True,0.0
951,0.2,0.0,162.6000000000002,214.30000000000155,0.2,0.5,True,True,0.0
952,0.0,0.0,162.6000000000002,214.30000000000155,0.5,0.5,True,True,0.0
953,0.4,0.0,163.0000000000002,214.30000000000155,0.4,0.8,True,True,0.0
954,0.4,0.0,163.4000000000002,214.30000000000155,0.4,0.4,True,True,0.0
955,0.0,0.0,163.4000000000002,214.30000000000155,0.4,0.4,True,True,0.0
956,0.0,0.0,163.4000000000002,214.30000000000155,0.3,0.3,True,True,0.0
957,0.0,0.0,163.4000000000002,214.30000000000155,0.8,0.4,True,True,0.0
958,0.0,0.0,163.4000000000002,214.30000000000155,0.9,0.4,True,True,0.0
959,0.0,0.0,163.4000000000002,214.30000000000155,1.0,0.5,True,True,0.0
960,0.0,0.0,163.4000000000002,214.30000000000155,0.7,0.8,True,True,0.0
961,0.0,0.3,163.4000000000002,214.60000000000156,0.1,0.3,True,True,0.0
962,0.2,0.3,163.6000000000002,214.90000000000157,0.2,0.3,True,True,0.0
963,0.6,0.0,164.2000000000002,214.90000000000157,0.6,0.4,True,True,0.0
964,0.0,0.0,164.2000000000002,214.90000000000157,0.6,0.3,True,True,0.0
965,0.0,0.3,164.2000000000002,215.20000000000158,0.6,0.3,True,True,0.0
966,0.2,0.0,164.40000000000018,215.20000000000158,0.2,0.5,True,True,0.0
967,0.0,0.4,164.40000000000018,215.6000000000016,0.5,0.4,True,True,0.0
968,0.4,0.0,164.80000000000018,215.6000000000016,0.4,0.5,True,True,0.0
969,0.0,0.1,164.80000000000018,215.70000000000158,0.4,0.1,True,True,0.0
970,0.3,0.0,165.1000000000002,215.70000000000158,0.3,0.4,True,True,0.0
971,0.2,0.4,165.30000000000018,216.1000000000016,0.2,0.4,True,True,0.0
972,0.0,0.0,165.30000000000018,216.1000000000016,0.3,0.3,True,True,0.0
973,0.0,0.0,165.30000000000018,216.1000000000016,0.7,0.5,True,True,0.0
974,0.0,0.0,165.30000000000018,216.1000000000016,0.4,0.4,True,True,0.0
975,0.0,0.5,165.30000000000018,216.6000000000016,0.5,0.5,True,True,0.0
976,0.1,0.4,165.40000000000018,217.0000000000016,0.1,0.4,True,True,0.0
977,0.0,0.5,165.40000000000018,217.5000000000016,0.2,0.5,True,True,0.0
978,0.6,0.3,166.00000000000017,217.8000000000016,0.6,0.3,True,True,0.0
979,0.6,0.0,166.60000000000016,217.8000000000016,0.6,1.0,True,True,0.0
980,0.6,0.5,167.20000000000016,218.3000000000016,0.6,0.5,True,True,0.0
981,0.0,0.5,167.20000000000016,218.8000000000016,0.6,0.5,True,True,0.0
982,0.0,0.3,167.20000000000016,219.10000000000161,0.6,0.3,True,True,0.0
983,0.0,0.0,167.20000000000016,219.10000000000161,0.6,0.3,True,True,0.0
984,0.0,0.3,167.20000000000016,219.40000000000163,0.8,0.3,True,True,0.0
985,0.0,0.3,167.20000000000016,219.70000000000164,0.9,0.3,True,True,0.0
986,0.0,0.5,167.20000000000016,220.20000000000164,1.0,0.5,True,True,0.0
987,0.3,0.3,167.50000000000017,220.50000000000165,0.3,0.3,True,True,0.0
988,0.4,0.2,167.90000000000018,220.70000000000164,0.4,0.2,True,True,0.0
989,0.0,0.5,167.90000000000018,221.20000000000164,0.4,0.5,True,True,0.0
990,0.3,0.3,168.2000000000002,221.50000000000165,0.3,0.3,True,True,0.0
991,0.5,0.2,168.7000000000002,221.70000000000164,0.5,0.2,True,True,0.0
992,0.0,0.5,168.7000000000002,222.20000000000164,0.5,0.5,True,True,0.0
993,0.0,0.6,168.7000000000002,222.80000000000163,0.3,0.6,True,True,0.0
994,0.1,0.2,168.80000000000018,223.00000000000162,0.1,0.2,True,True,0.0
995,0.2,0.4,169.00000000000017,223.40000000000163,0.2,0.4,True,True,0.0
996,0.0,0.4,169.00000000000017,223.80000000000163,0.6,0.4,True,True,0.0
997,0.0,0.1,169.00000000000017,223.90000000000163,0.7,0.1,True,True,0.0
998,0.0,0.2,169.00000000000017,224.10000000000161,0.4,0.2,True,True,0.0
999,0.5,0.4,169.50000000000017,224.50000000000162,0.5,0.4,True,True,0.0
