round,reward,cumulative_reward,price_selected,produced,lambda_value,optimal_reward,optimal_cumulative
0,0.0,0.0,0.4,True,0.006324555320336757,0.0,0.0
1,0.0,0.0,1.0,True,0.012649110640673514,0.5,0.5
2,0.8,0.8,0.8,True,0.018973665961010272,0.5,1.0
3,0.7,1.5,0.7,True,0.025298221281347028,0.5,1.5
4,0.2,1.7,0.2,True,0.031622776601683784,0.0,1.5
5,0.2,1.9,0.2,True,0.037947331922020544,0.0,1.5
6,0.1,2.0,0.1,True,0.044271887242357304,0.0,1.5
7,0.0,2.0,0.9,True,0.05059644256269406,0.5,2.0
8,0.0,2.0,0.7,True,0.05692099788303082,0.5,2.5
9,0.0,2.0,0.7,True,0.06324555320336758,0.5,3.0
10,0.1,2.1,0.1,True,0.06957010852370434,0.0,3.0
11,0.0,2.1,1.0,True,0.07589466384404109,0.5,3.5
12,0.9,3.0,0.9,True,0.08221921916437784,0.5,4.0
13,0.0,3.0,0.3,True,0.0885437744847146,0.0,4.0
14,0.2,3.2,0.2,True,0.09486832980505135,0.0,4.0
15,0.2,3.4000000000000004,0.2,True,0.1011928851253881,0.0,4.0
16,0.0,3.4000000000000004,0.4,True,0.10751744044572485,0.0,4.0
17,0.0,3.4000000000000004,0.6,True,0.1138419957660616,0.5,4.5
18,0.5,3.9000000000000004,0.5,True,0.12016655108639836,0.0,4.5
19,0.0,3.9000000000000004,0.4,True,0.1264911064067351,0.0,4.5
20,0.0,3.9000000000000004,0.7,True,0.13281566172707188,0.5,5.0
21,0.2,4.1000000000000005,0.2,True,0.13914021704740864,0.0,5.0
22,0.4,4.500000000000001,0.4,True,0.1454647723677454,0.0,5.0
23,0.4,4.900000000000001,0.4,True,0.15178932768808218,0.0,5.0
24,0.5,5.400000000000001,0.5,True,0.15811388300841894,0.0,5.0
25,0.0,5.400000000000001,0.8,True,0.1644384383287557,0.5,5.5
26,0.3,5.700000000000001,0.3,True,0.17076299364909248,0.0,5.5
27,0.6,6.300000000000001,0.6,True,0.17708754896942924,0.5,6.0
28,0.0,6.300000000000001,0.6,True,0.183412104289766,0.5,6.5
29,0.1,6.4,0.1,True,0.18973665961010278,0.0,6.5
30,0.0,6.4,0.7,True,0.19606121493043954,0.5,7.0
31,0.3,6.7,0.3,True,0.2023857702507763,0.0,7.0
32,0.1,6.8,0.1,True,0.20871032557111308,0.0,7.0
33,0.0,6.8,1.0,True,0.21503488089144984,0.5,7.5
34,0.0,6.8,1.0,True,0.2213594362117866,0.5,8.0
35,0.0,6.8,0.8,True,0.22768399153212338,0.5,8.5
36,0.0,6.8,0.4,True,0.23400854685246014,0.0,8.5
37,0.2,7.0,0.2,True,0.2403331021727969,0.0,8.5
38,0.0,7.0,0.7,True,0.24665765749313368,0.5,9.0
39,0.0,7.0,0.5,True,0.25298221281347044,0.0,9.0
40,0.2,7.2,0.2,True,0.2593067681338072,0.0,9.0
41,0.6,7.8,0.6,True,0.265631323454144,0.0,9.0
42,0.1,7.8999999999999995,0.1,True,0.27195587877448074,0.0,9.0
43,0.0,7.8999999999999995,0.9,True,0.2782804340948175,0.5,9.5
44,0.3,8.2,0.3,True,0.2846049894151543,0.0,9.5
45,0.0,8.2,0.7,True,0.29092954473549104,0.5,10.0
46,0.0,8.2,0.4,True,0.2972541000558278,0.0,10.0
47,0.0,8.2,0.6,True,0.3035786553761646,0.5,10.5
48,0.6,8.799999999999999,0.6,True,0.30990321069650134,0.5,11.0
49,0.0,8.799999999999999,0.3,True,0.3162277660168381,0.0,11.0
50,0.0,8.799999999999999,1.0,True,0.3225523213371749,0.5,11.5
51,0.0,8.799999999999999,0.8,True,0.32887687665751164,0.5,12.0
52,0.0,8.799999999999999,1.0,True,0.3352014319778484,0.5,12.5
53,0.0,8.799999999999999,0.9,True,0.3415259872981852,0.5,13.0
54,0.6,9.399999999999999,0.6,True,0.34785054261852194,0.5,13.5
55,0.0,9.399999999999999,0.9,True,0.3541750979388587,0.5,14.0
56,0.2,9.599999999999998,0.2,True,0.3604996532591955,0.0,14.0
57,0.3,9.899999999999999,0.3,True,0.36682420857953224,0.0,14.0
58,0.1,9.999999999999998,0.1,True,0.373148763899869,0.0,14.0
59,0.4,10.399999999999999,0.4,True,0.3794733192202058,0.0,14.0
60,0.5,10.899999999999999,0.5,True,0.38579787454054254,0.0,14.0
61,0.4,11.299999999999999,0.4,True,0.3921224298608793,0.0,14.0
62,0.0,11.299999999999999,0.8,True,0.3984469851812161,0.5,14.5
63,0.0,11.299999999999999,0.5,True,0.40477154050155284,0.0,14.5
64,0.4,11.7,0.4,True,0.4110960958218896,0.0,14.5
65,0.6,12.299999999999999,0.6,True,0.4174206511422264,0.5,15.0
66,0.0,12.299999999999999,0.3,True,0.42374520646256314,0.0,15.0
67,0.0,12.299999999999999,0.8,True,0.4300697617828999,0.5,15.5
68,0.2,12.499999999999998,0.2,True,0.4363943171032367,0.0,15.5
69,0.0,12.499999999999998,1.0,True,0.44271887242357344,0.5,16.0
70,0.0,12.499999999999998,0.8,True,0.4490434277439102,0.5,16.5
71,0.0,12.499999999999998,0.3,True,0.455367983064247,0.0,16.5
72,0.0,12.499999999999998,0.1,True,0.46169253838458374,0.0,16.5
73,0.0,12.499999999999998,0.8,True,0.4680170937049205,0.5,17.0
74,0.7,13.199999999999998,0.7,True,0.4743416490252573,0.5,17.5
75,0.0,13.199999999999998,0.7,True,0.48066620434559404,0.5,18.0
76,0.0,13.199999999999998,0.8,True,0.4869907596659308,0.5,18.5
77,0.2,13.399999999999997,0.2,True,0.4933153149862676,0.0,18.5
78,0.0,13.399999999999997,0.5,True,0.49963987030660434,0.0,18.5
79,0.2,13.599999999999996,0.2,True,0.5059644256269411,0.0,18.5
80,0.0,13.599999999999996,0.9,True,0.5122889809472778,0.5,19.0
81,0.0,13.599999999999996,0.7,True,0.5186135362676145,0.5,19.5
82,0.0,13.599999999999996,0.5,True,0.5249380915879512,0.0,19.5
83,0.2,13.799999999999995,0.2,True,0.531262646908288,0.0,19.5
84,0.4,14.199999999999996,0.4,True,0.5375872022286247,0.0,19.5
85,0.0,14.199999999999996,0.5,True,0.5439117575489614,0.0,19.5
86,0.0,14.199999999999996,0.7,True,0.5502363128692981,0.5,20.0
87,0.0,14.199999999999996,0.7,True,0.5565608681896348,0.5,20.5
88,0.9,15.099999999999996,0.9,True,0.5628854235099715,0.5,21.0
89,0.0,15.099999999999996,0.6,True,0.5692099788303082,0.0,21.0
90,0.3,15.399999999999997,0.3,True,0.5755345341506449,0.0,21.0
91,0.0,15.399999999999997,0.7,True,0.5818590894709816,0.5,21.5
92,0.0,15.399999999999997,0.8,True,0.5881836447913183,0.5,22.0
93,0.0,15.399999999999997,0.6,True,0.5945082001116551,0.5,22.5
94,0.0,15.399999999999997,0.8,True,0.6008327554319918,0.5,23.0
95,0.0,15.399999999999997,0.6,True,0.6071573107523285,0.0,23.0
96,0.0,15.399999999999997,0.6,True,0.6134818660726652,0.5,23.5
97,0.0,15.399999999999997,0.6,True,0.6198064213930019,0.0,23.5
98,0.1,15.499999999999996,0.1,True,0.6261309767133386,0.0,23.5
99,0.3,15.799999999999997,0.3,True,0.6324555320336753,0.0,23.5
100,0.0,15.799999999999997,0.1,True,0.638780087354012,0.0,23.5
101,0.7,16.499999999999996,0.7,True,0.6451046426743487,0.5,24.0
102,0.5,16.999999999999996,0.5,True,0.6514291979946855,0.0,24.0
103,0.6,17.599999999999998,0.6,True,0.6577537533150222,0.5,24.5
104,0.9,18.499999999999996,0.9,True,0.6640783086353589,0.5,25.0
105,0.0,18.499999999999996,0.4,True,0.6704028639556956,0.0,25.0
106,0.0,18.499999999999996,0.6,True,0.6767274192760323,0.0,25.0
107,0.0,18.499999999999996,0.8,True,0.683051974596369,0.5,25.5
108,0.4,18.899999999999995,0.4,True,0.6893765299167057,0.0,25.5
109,0.0,18.899999999999995,0.2,True,0.6957010852370424,0.0,25.5
110,0.5,19.399999999999995,0.5,True,0.7020256405573791,0.0,25.5
111,0.0,19.399999999999995,0.3,True,0.7083501958777159,0.0,25.5
112,0.0,19.399999999999995,0.9,True,0.7146747511980526,0.5,26.0
113,0.0,19.399999999999995,0.9,True,0.7209993065183893,0.5,26.5
114,0.0,19.399999999999995,0.7,True,0.727323861838726,0.5,27.0
115,0.0,19.399999999999995,0.9,True,0.7336484171590627,0.5,27.5
116,0.0,19.399999999999995,0.8,True,0.7399729724793994,0.5,28.0
117,0.4,19.799999999999994,0.4,True,0.7462975277997361,0.0,28.0
118,0.0,19.799999999999994,0.9,True,0.7526220831200728,0.5,28.5
119,0.0,19.799999999999994,0.6,True,0.7589466384404095,0.5,29.0
120,0.0,19.799999999999994,0.9,True,0.7652711937607463,0.5,29.5
121,0.9,20.699999999999992,0.9,True,0.771595749081083,0.5,30.0
122,0.5,21.199999999999992,0.5,True,0.7779203044014197,0.0,30.0
123,0.3,21.499999999999993,0.3,True,0.7842448597217564,0.0,30.0
124,0.4,21.89999999999999,0.4,True,0.7905694150420931,0.0,30.0
125,0.0,21.89999999999999,0.6,True,0.7968939703624298,0.0,30.0
126,0.0,21.89999999999999,0.9,True,0.8032185256827665,0.5,30.5
127,0.0,21.89999999999999,0.9,True,0.8095430810031032,0.5,31.0
128,0.1,21.999999999999993,0.1,True,0.81586763632344,0.0,31.0
129,0.0,21.999999999999993,0.6,True,0.8221921916437767,0.5,31.5
130,0.6,22.599999999999994,0.6,True,0.8285167469641134,0.0,31.5
131,0.4,22.999999999999993,0.4,True,0.8348413022844501,0.0,31.5
132,0.0,22.999999999999993,0.3,True,0.8411658576047868,0.0,31.5
133,0.0,22.999999999999993,0.5,True,0.8474904129251235,0.0,31.5
134,0.0,22.999999999999993,1.0,True,0.8538149682454602,0.5,32.0
135,0.0,22.999999999999993,0.5,True,0.8601395235657969,0.0,32.0
136,0.6,23.599999999999994,0.6,True,0.8664640788861336,0.5,32.5
137,0.0,23.599999999999994,0.8,True,0.8727886342064703,0.5,33.0
138,0.0,23.599999999999994,0.6,True,0.8791131895268071,0.0,33.0
139,0.0,23.599999999999994,1.0,True,0.8854377448471438,0.5,33.5
140,0.0,23.599999999999994,1.0,True,0.8917623001674805,0.5,34.0
141,0.0,23.599999999999994,0.5,True,0.8980868554878172,0.0,34.0
142,0.6,24.199999999999996,0.6,True,0.9044114108081539,0.0,34.0
143,0.5,24.699999999999996,0.5,True,0.9107359661284906,0.0,34.0
144,0.0,24.699999999999996,0.5,True,0.9170605214488273,0.0,34.0
145,0.2,24.899999999999995,0.2,True,0.923385076769164,0.0,34.0
146,0.7,25.599999999999994,0.7,True,0.9297096320895007,0.5,34.5
147,0.6,26.199999999999996,0.6,True,0.9360341874098375,0.5,35.0
148,0.2,26.399999999999995,0.2,True,0.9423587427301742,0.0,35.0
149,0.5,26.899999999999995,0.5,True,0.9486832980505109,0.0,35.0
150,0.0,26.899999999999995,0.9,True,0.9550078533708476,0.5,35.5
151,0.5,27.399999999999995,0.5,True,0.9613324086911843,0.0,35.5
152,0.4,27.799999999999994,0.4,True,0.967656964011521,0.0,35.5
153,0.6,28.399999999999995,0.6,True,0.9739815193318577,0.0,35.5
154,0.0,28.399999999999995,1.0,True,0.9803060746521944,0.5,36.0
155,0.5,28.899999999999995,0.5,True,0.9866306299725311,0.0,36.0
156,0.0,28.899999999999995,0.8,True,0.9929551852928679,0.5,36.5
157,0.8,29.699999999999996,0.8,True,0.9992797406132046,0.5,37.0
158,0.5,30.199999999999996,0.5,True,1.0056042959335414,0.0,37.0
159,0.0,30.199999999999996,0.8,True,1.0119288512538782,0.5,37.5
160,0.6,30.799999999999997,0.6,True,1.018253406574215,0.0,37.5
161,0.0,30.799999999999997,0.7,True,1.0245779618945519,0.5,38.0
162,0.0,30.799999999999997,0.7,True,1.0309025172148887,0.5,38.5
163,0.7,31.499999999999996,0.7,True,1.0372270725352255,0.5,39.0
164,0.0,31.499999999999996,0.4,True,1.0435516278555623,0.0,39.0
165,0.0,31.499999999999996,0.9,True,1.0498761831758991,0.5,39.5
166,0.6,32.099999999999994,0.6,True,1.056200738496236,0.0,39.5
167,0.5,32.599999999999994,0.5,True,1.0625252938165728,0.0,39.5
168,0.0,32.599999999999994,0.2,True,1.0688498491369096,0.0,39.5
169,0.0,32.599999999999994,0.7,True,1.0751744044572464,0.5,40.0
170,0.0,32.599999999999994,0.8,True,1.0814989597775833,0.5,40.5
171,0.1,32.699999999999996,0.1,True,1.08782351509792,0.0,40.5
172,0.0,32.699999999999996,0.7,True,1.094148070418257,0.5,41.0
173,0.0,32.699999999999996,0.5,True,1.1004726257385937,0.0,41.0
174,0.0,32.699999999999996,0.8,True,1.1067971810589305,0.5,41.5
175,0.5,33.199999999999996,0.5,True,1.1131217363792674,0.0,41.5
176,0.0,33.199999999999996,0.8,True,1.1194462916996042,0.5,42.0
177,0.0,33.199999999999996,0.6,True,1.125770847019941,0.0,42.0
178,0.0,33.199999999999996,1.0,True,1.1320954023402778,0.5,42.5
179,0.4,33.599999999999994,0.4,True,1.1384199576606147,0.0,42.5
180,0.6,34.199999999999996,0.6,True,1.1447445129809515,0.0,42.5
181,0.0,34.199999999999996,0.4,True,1.1510690683012883,0.0,42.5
182,0.0,34.199999999999996,0.9,True,1.1573936236216251,0.5,43.0
183,0.9,35.099999999999994,0.9,True,1.163718178941962,0.5,43.5
184,0.0,35.099999999999994,0.5,True,1.1700427342622988,0.0,43.5
185,0.8,35.89999999999999,0.8,True,1.1763672895826356,0.5,44.0
186,0.0,35.89999999999999,0.9,True,1.1826918449029724,0.5,44.5
187,0.0,35.89999999999999,0.7,True,1.1890164002233092,0.5,45.0
188,0.0,35.89999999999999,0.7,True,1.195340955543646,0.5,45.5
189,0.5,36.39999999999999,0.5,True,1.2016655108639829,0.0,45.5
190,0.0,36.39999999999999,0.4,True,1.2079900661843197,0.0,45.5
191,0.0,36.39999999999999,0.9,True,1.2143146215046565,0.5,46.0
192,0.0,36.39999999999999,0.9,True,1.2206391768249933,0.5,46.5
193,0.0,36.39999999999999,0.8,True,1.2269637321453302,0.5,47.0
194,0.0,36.39999999999999,0.6,True,1.233288287465667,0.0,47.0
195,0.6,36.99999999999999,0.6,True,1.2396128427860038,0.0,47.0
196,0.8,37.79999999999999,0.8,True,1.2459373981063406,0.5,47.5
197,0.9,38.69999999999999,0.9,True,1.2522619534266775,0.5,48.0
198,0.0,38.69999999999999,0.9,True,1.2585865087470143,0.5,48.5
199,0.0,38.69999999999999,0.9,True,1.264911064067351,0.5,49.0
200,0.0,38.69999999999999,0.8,True,1.271235619387688,0.5,49.5
201,0.0,38.69999999999999,0.4,True,1.2775601747080247,0.0,49.5
202,0.0,38.69999999999999,0.5,True,1.2838847300283616,0.0,49.5
203,0.0,38.69999999999999,0.9,True,1.2902092853486984,0.5,50.0
204,0.0,38.69999999999999,0.8,True,1.2965338406690352,0.5,50.5
205,0.1,38.79999999999999,0.1,True,1.302858395989372,0.0,50.5
206,0.4,39.19999999999999,0.4,True,1.3091829513097089,0.0,50.5
207,0.0,39.19999999999999,0.8,True,1.3155075066300457,0.5,51.0
208,0.1,39.29999999999999,0.1,True,1.3218320619503825,0.0,51.0
209,0.5,39.79999999999999,0.5,True,1.3281566172707193,0.0,51.0
210,0.0,39.79999999999999,0.8,True,1.3344811725910561,0.5,51.5
211,0.0,39.79999999999999,0.8,True,1.340805727911393,0.5,52.0
212,0.0,39.79999999999999,0.8,True,1.3471302832317298,0.5,52.5
213,0.5,40.29999999999999,0.5,True,1.3534548385520666,0.0,52.5
214,0.0,40.29999999999999,0.9,True,1.3597793938724034,0.5,53.0
215,0.0,40.29999999999999,0.6,True,1.3661039491927403,0.0,53.0
216,0.0,40.29999999999999,0.6,True,1.372428504513077,0.0,53.0
217,0.0,40.29999999999999,0.9,True,1.378753059833414,0.5,53.5
218,0.0,40.29999999999999,0.8,True,1.3850776151537507,0.5,54.0
219,0.0,40.29999999999999,0.9,True,1.3914021704740875,0.5,54.5
220,0.8,41.09999999999999,0.8,True,1.3977267257944244,0.5,55.0
221,0.0,41.09999999999999,0.8,True,1.4040512811147612,0.5,55.5
222,0.4,41.499999999999986,0.4,True,1.410375836435098,0.0,55.5
223,0.6,42.09999999999999,0.6,True,1.4167003917554348,0.0,55.5
224,0.0,42.09999999999999,0.6,True,1.4230249470757717,0.0,55.5
225,0.6,42.69999999999999,0.6,True,1.4293495023961085,0.0,55.5
226,0.0,42.69999999999999,1.0,True,1.4356740577164453,0.5,56.0
227,0.0,42.69999999999999,0.7,True,1.4419986130367821,0.0,56.0
228,0.9,43.59999999999999,0.9,True,1.448323168357119,0.5,56.5
229,0.0,43.59999999999999,0.8,True,1.4546477236774558,0.5,57.0
230,0.0,43.59999999999999,0.9,True,1.4609722789977926,0.5,57.5
231,0.0,43.59999999999999,0.7,True,1.4672968343181294,0.5,58.0
232,0.0,43.59999999999999,0.8,True,1.4736213896384662,0.5,58.5
233,0.0,43.59999999999999,0.7,True,1.479945944958803,0.0,58.5
234,0.5,44.09999999999999,0.5,True,1.4862705002791399,0.0,58.5
235,0.0,44.09999999999999,0.9,True,1.4925950555994767,0.5,59.0
236,0.6,44.69999999999999,0.6,True,1.4989196109198135,0.0,59.0
237,0.2,44.89999999999999,0.2,True,1.5052441662401503,0.0,59.0
238,0.8,45.69999999999999,0.8,True,1.5115687215604872,0.5,59.5
239,0.0,45.69999999999999,0.5,True,1.517893276880824,0.0,59.5
240,0.0,45.69999999999999,1.0,True,1.5242178322011608,0.5,60.0
241,0.0,45.69999999999999,1.0,True,1.5305423875214976,0.5,60.5
242,0.0,45.69999999999999,1.0,True,1.5368669428418344,0.5,61.0
243,0.7,46.39999999999999,0.7,True,1.5431914981621713,0.0,61.0
244,0.2,46.599999999999994,0.2,True,1.549516053482508,0.0,61.0
245,0.0,46.599999999999994,1.0,True,1.555840608802845,0.5,61.5
246,0.0,46.599999999999994,0.7,True,1.5621651641231817,0.0,61.5
247,0.0,46.599999999999994,1.0,True,1.5684897194435186,0.5,62.0
248,0.0,46.599999999999994,1.0,True,1.5748142747638554,0.5,62.5
249,0.0,46.599999999999994,0.9,True,1.5811388300841922,0.5,63.0
250,0.6,47.199999999999996,0.6,True,1.587463385404529,0.0,63.0
251,0.0,47.199999999999996,0.7,True,1.5937879407248658,0.0,63.0
252,0.0,47.199999999999996,0.9,True,1.6001124960452027,0.5,63.5
253,0.0,47.199999999999996,0.6,True,1.6064370513655395,0.0,63.5
254,0.5,47.699999999999996,0.5,True,1.6127616066858763,0.0,63.5
255,0.0,47.699999999999996,0.8,True,1.6190861620062131,0.5,64.0
256,0.0,47.699999999999996,1.0,True,1.62541071732655,0.5,64.5
257,0.0,47.699999999999996,0.9,True,1.6317352726468868,0.5,65.0
258,0.0,47.699999999999996,0.8,True,1.6380598279672236,0.5,65.5
259,0.5,48.199999999999996,0.5,True,1.6443843832875604,0.0,65.5
260,0.0,48.199999999999996,0.8,True,1.6507089386078972,0.5,66.0
261,0.0,48.199999999999996,1.0,True,1.657033493928234,0.5,66.5
262,0.0,48.199999999999996,0.5,True,1.663358049248571,0.0,66.5
263,0.0,48.199999999999996,0.8,True,1.6696826045689077,0.5,67.0
264,0.0,48.199999999999996,0.9,True,1.6760071598892445,0.5,67.5
265,0.0,48.199999999999996,0.9,True,1.6823317152095814,0.5,68.0
266,0.0,48.199999999999996,0.9,True,1.6886562705299182,0.5,68.5
267,0.0,48.199999999999996,0.9,True,1.694980825850255,0.5,69.0
268,0.0,48.199999999999996,0.7,True,1.7013053811705918,0.0,69.0
269,0.0,48.199999999999996,0.6,True,1.7076299364909286,0.0,69.0
270,0.0,48.199999999999996,0.9,True,1.7139544918112655,0.5,69.5
271,0.0,48.199999999999996,0.9,True,1.7202790471316023,0.5,70.0
272,0.0,48.199999999999996,0.9,True,1.7266036024519391,0.5,70.5
273,0.0,48.199999999999996,1.0,True,1.732928157772276,0.5,71.0
274,0.0,48.199999999999996,0.8,True,1.7392527130926128,0.5,71.5
275,0.0,48.199999999999996,0.8,True,1.7455772684129496,0.5,72.0
276,0.0,48.199999999999996,0.9,True,1.7519018237332864,0.5,72.5
277,0.9,49.099999999999994,0.9,True,1.7582263790536232,0.5,73.0
278,0.0,49.099999999999994,0.9,True,1.76455093437396,0.5,73.5
279,0.0,49.099999999999994,0.9,True,1.7708754896942969,0.5,74.0
280,0.0,49.099999999999994,1.0,True,1.7772000450146337,0.5,74.5
281,0.7,49.8,0.7,True,1.7835246003349705,0.0,74.5
282,0.0,49.8,0.7,True,1.7898491556553073,0.0,74.5
283,0.0,49.8,0.5,True,1.7961737109756442,0.0,74.5
284,0.0,49.8,0.8,True,1.802498266295981,0.5,75.0
285,0.3,50.099999999999994,0.3,True,1.8088228216163178,0.0,75.0
286,0.0,50.099999999999994,0.8,True,1.8151473769366546,0.0,75.0
287,0.0,50.099999999999994,0.8,True,1.8214719322569914,0.5,75.5
288,0.0,50.099999999999994,0.7,True,1.8277964875773283,0.0,75.5
289,0.0,50.099999999999994,0.8,True,1.834121042897665,0.5,76.0
290,0.2,50.3,0.2,True,1.840445598218002,0.0,76.0
291,0.0,50.3,0.3,True,1.8467701535383387,0.0,76.0
292,0.0,50.3,0.9,True,1.8530947088586756,0.5,76.5
293,0.0,50.3,0.7,True,1.8594192641790124,0.0,76.5
294,0.5,50.8,0.5,True,1.8657438194993492,0.0,76.5
295,0.0,50.8,0.8,True,1.872068374819686,0.5,77.0
296,0.0,50.8,0.9,True,1.8783929301400228,0.5,77.5
297,0.0,50.8,0.6,True,1.8847174854603597,0.0,77.5
298,0.0,50.8,0.9,True,1.8910420407806965,0.5,78.0
299,0.5,51.3,0.5,True,1.8973665961010333,0.0,78.0
300,0.0,51.3,0.4,True,1.9036911514213701,0.0,78.0
301,0.8,52.099999999999994,0.8,True,1.910015706741707,0.5,78.5
302,0.0,52.099999999999994,0.8,True,1.9163402620620438,0.5,79.0
303,0.0,52.099999999999994,0.9,True,1.9226648173823806,0.5,79.5
304,0.0,52.099999999999994,0.9,True,1.9289893727027174,0.5,80.0
305,0.0,52.099999999999994,1.0,True,1.9353139280230542,0.5,80.5
306,0.0,52.099999999999994,0.8,True,1.941638483343391,0.5,81.0
307,0.7,52.8,0.7,True,1.9479630386637279,0.0,81.0
308,0.0,52.8,0.9,True,1.9542875939840647,0.5,81.5
309,0.7,53.5,0.7,True,1.9606121493044015,0.0,81.5
310,0.0,53.5,0.8,True,1.9669367046247384,0.0,81.5
311,0.5,54.0,0.5,True,1.9732612599450752,0.0,81.5
312,0.2,54.2,0.2,True,1.979585815265412,0.0,81.5
313,0.0,54.2,1.0,True,1.9859103705857488,0.5,82.0
314,0.0,54.2,1.0,True,1.9922349259060856,0.5,82.5
315,0.0,54.2,0.9,True,1.9985594812264225,0.5,83.0
316,0.0,54.2,0.8,True,2.004884036546759,0.0,83.0
317,0.6,54.800000000000004,0.6,True,2.0112085918670957,0.0,83.0
318,0.0,54.800000000000004,0.6,True,2.0175331471874323,0.0,83.0
319,0.0,54.800000000000004,0.7,True,2.023857702507769,0.0,83.0
320,0.0,54.800000000000004,0.9,True,2.0301822578281055,0.5,83.5
321,0.0,54.800000000000004,0.9,True,2.036506813148442,0.5,84.0
322,0.0,54.800000000000004,0.9,True,2.0428313684687787,0.5,84.5
323,0.0,54.800000000000004,0.7,True,2.0491559237891153,0.0,84.5
324,0.0,54.800000000000004,1.0,True,2.055480479109452,0.5,85.0
325,0.0,54.800000000000004,0.9,True,2.0618050344297885,0.5,85.5
326,0.0,54.800000000000004,0.9,True,2.068129589750125,0.5,86.0
327,0.0,54.800000000000004,0.9,True,2.0744541450704617,0.5,86.5
328,0.0,54.800000000000004,0.8,True,2.0807787003907983,0.0,86.5
329,0.0,54.800000000000004,0.7,True,2.087103255711135,0.0,86.5
330,0.0,54.800000000000004,0.8,True,2.0934278110314715,0.0,86.5
331,0.0,54.800000000000004,0.9,True,2.099752366351808,0.5,87.0
332,0.1,54.900000000000006,0.1,True,2.1060769216721447,0.0,87.0
333,0.5,55.400000000000006,0.5,True,2.1124014769924813,0.0,87.0
334,0.4,55.800000000000004,0.4,True,2.118726032312818,0.0,87.0
335,0.3,56.1,0.3,True,2.1250505876331545,0.0,87.0
336,0.0,56.1,1.0,True,2.131375142953491,0.5,87.5
337,0.0,56.1,0.9,True,2.1376996982738277,0.5,88.0
338,0.0,56.1,0.8,True,2.1440242535941643,0.0,88.0
339,0.0,56.1,0.5,True,2.150348808914501,0.0,88.0
340,0.0,56.1,0.8,True,2.1566733642348375,0.0,88.0
341,0.0,56.1,0.8,True,2.162997919555174,0.0,88.0
342,0.6,56.7,0.6,True,2.1693224748755107,0.0,88.0
343,0.0,56.7,0.8,True,2.1756470301958473,0.0,88.0
344,0.0,56.7,0.8,True,2.181971585516184,0.0,88.0
345,0.0,56.7,0.9,True,2.1882961408365205,0.5,88.5
346,0.0,56.7,0.9,True,2.194620696156857,0.5,89.0
347,0.3,57.0,0.3,True,2.2009452514771937,0.0,89.0
348,0.8,57.8,0.8,True,2.2072698067975303,0.0,89.0
349,0.0,57.8,0.9,True,2.213594362117867,0.5,89.5
350,0.0,57.8,0.9,True,2.2199189174382035,0.5,90.0
351,0.0,57.8,1.0,True,2.22624347275854,0.5,90.5
352,0.0,57.8,0.9,True,2.2325680280788767,0.5,91.0
353,0.6,58.4,0.6,True,2.2388925833992133,0.0,91.0
354,0.0,58.4,0.5,True,2.24521713871955,0.0,91.0
355,0.0,58.4,0.9,True,2.2515416940398865,0.5,91.5
356,0.2,58.6,0.2,True,2.257866249360223,0.0,91.5
357,0.0,58.6,0.9,True,2.2641908046805597,0.5,92.0
358,0.0,58.6,1.0,True,2.2705153600008963,0.5,92.5
359,0.0,58.6,0.9,True,2.276839915321233,0.5,93.0
360,0.8,59.4,0.8,True,2.2831644706415695,0.0,93.0
361,0.0,59.4,0.9,True,2.289489025961906,0.5,93.5
362,0.0,59.4,0.8,True,2.2958135812822427,0.0,93.5
363,0.0,59.4,0.9,True,2.3021381366025793,0.5,94.0
364,0.0,59.4,1.0,True,2.308462691922916,0.5,94.5
365,0.0,59.4,0.8,True,2.3147872472432525,0.0,94.5
366,0.0,59.4,1.0,True,2.321111802563589,0.5,95.0
367,0.0,59.4,1.0,True,2.3274363578839257,0.5,95.5
368,0.0,59.4,0.7,True,2.3337609132042623,0.0,95.5
369,0.0,59.4,0.5,True,2.340085468524599,0.0,95.5
370,0.6,60.0,0.6,True,2.3464100238449355,0.0,95.5
371,0.0,60.0,0.2,True,2.352734579165272,0.0,95.5
372,0.6,60.6,0.6,True,2.3590591344856087,0.0,95.5
373,0.0,60.6,1.0,True,2.3653836898059453,0.5,96.0
374,0.0,60.6,0.5,True,2.371708245126282,0.0,96.0
375,0.8,61.4,0.8,True,2.3780328004466185,0.0,96.0
376,0.0,61.4,1.0,True,2.384357355766955,0.5,96.5
377,0.2,61.6,0.2,True,2.3906819110872917,0.0,96.5
378,0.0,61.6,1.0,True,2.3970064664076283,0.5,97.0
379,0.0,61.6,0.8,True,2.403331021727965,0.0,97.0
380,0.0,61.6,0.6,True,2.4096555770483015,0.0,97.0
381,0.0,61.6,1.0,True,2.415980132368638,0.5,97.5
382,0.9,62.5,0.9,True,2.4223046876889747,0.5,98.0
383,0.0,62.5,1.0,True,2.4286292430093113,0.5,98.5
384,0.0,62.5,1.0,True,2.434953798329648,0.5,99.0
385,0.0,62.5,1.0,True,2.4412783536499845,0.5,99.5
386,0.0,62.5,0.8,True,2.447602908970321,0.0,99.5
387,0.0,62.5,0.7,True,2.4539274642906577,0.0,99.5
388,0.0,62.5,1.0,True,2.4602520196109943,0.5,100.0
389,0.0,62.5,1.0,True,2.466576574931331,0.5,100.5
390,0.0,62.5,1.0,True,2.4729011302516675,0.5,101.0
391,0.0,62.5,0.8,True,2.479225685572004,0.0,101.0
392,0.0,62.5,0.8,True,2.4855502408923407,0.0,101.0
393,0.0,62.5,1.0,True,2.4918747962126773,0.5,101.5
394,0.0,62.5,0.8,True,2.498199351533014,0.0,101.5
395,0.0,62.5,1.0,True,2.5045239068533505,0.5,102.0
396,0.0,62.5,1.0,True,2.510848462173687,0.5,102.5
397,0.0,62.5,0.9,True,2.5171730174940237,0.0,102.5
398,0.0,62.5,1.0,True,2.5234975728143603,0.5,103.0
399,0.0,62.5,1.0,True,2.529822128134697,0.5,103.5
400,0.0,62.5,0.6,True,2.5361466834550335,0.0,103.5
401,0.0,62.5,1.0,True,2.54247123877537,0.5,104.0
402,0.0,62.5,0.9,True,2.5487957940957067,0.5,104.5
403,0.0,62.5,1.0,True,2.5551203494160433,0.5,105.0
404,0.0,62.5,0.8,True,2.56144490473638,0.0,105.0
405,0.0,62.5,1.0,True,2.5677694600567165,0.5,105.5
406,0.8,63.3,0.8,True,2.574094015377053,0.0,105.5
407,0.1,63.4,0.1,True,2.5804185706973897,0.0,105.5
408,0.0,63.4,1.0,True,2.5867431260177263,0.5,106.0
409,0.6,64.0,0.6,True,2.593067681338063,0.0,106.0
410,0.0,64.0,0.8,True,2.5993922366583995,0.0,106.0
411,0.0,64.0,1.0,True,2.605716791978736,0.5,106.5
412,0.0,64.0,1.0,True,2.6120413472990727,0.5,107.0
413,0.0,64.0,0.9,True,2.6183659026194093,0.5,107.5
414,0.0,64.0,0.9,True,2.624690457939746,0.5,108.0
415,0.9,64.9,0.9,True,2.6310150132600825,0.0,108.0
416,0.0,64.9,0.8,True,2.637339568580419,0.0,108.0
417,0.0,64.9,0.8,True,2.6436641239007557,0.0,108.0
418,0.0,64.9,0.9,True,2.6499886792210923,0.5,108.5
419,0.0,64.9,1.0,True,2.656313234541429,0.5,109.0
420,0.0,64.9,1.0,True,2.6626377898617655,0.5,109.5
421,0.0,64.9,1.0,True,2.668962345182102,0.5,110.0
422,0.0,64.9,0.6,True,2.6752869005024387,0.0,110.0
423,0.0,64.9,0.9,True,2.6816114558227753,0.0,110.0
424,0.4,65.30000000000001,0.4,True,2.687936011143112,0.0,110.0
425,0.9,66.20000000000002,0.9,True,2.6942605664634485,0.5,110.5
426,0.0,66.20000000000002,0.9,True,2.700585121783785,0.0,110.5
427,0.0,66.20000000000002,1.0,True,2.7069096771041217,0.5,111.0
428,0.0,66.20000000000002,0.8,True,2.7132342324244583,0.0,111.0
429,0.6,66.80000000000001,0.6,True,2.719558787744795,0.0,111.0
430,0.0,66.80000000000001,0.6,True,2.7258833430651315,0.0,111.0
431,0.0,66.80000000000001,1.0,True,2.732207898385468,0.5,111.5
432,0.0,66.80000000000001,0.9,True,2.7385324537058047,0.5,112.0
433,0.6,67.4,0.6,True,2.7448570090261413,0.0,112.0
434,0.0,67.4,0.6,True,2.751181564346478,0.0,112.0
435,0.0,67.4,0.9,True,2.7575061196668145,0.5,112.5
436,0.0,67.4,0.5,True,2.763830674987151,0.0,112.5
437,0.0,67.4,1.0,True,2.7701552303074877,0.5,113.0
438,0.0,67.4,1.0,True,2.7764797856278243,0.5,113.5
439,0.6,68.0,0.6,True,2.782804340948161,0.0,113.5
440,0.6,68.6,0.6,True,2.7891288962684975,0.0,113.5
441,0.0,68.6,1.0,True,2.795453451588834,0.5,114.0
442,0.0,68.6,0.8,True,2.8017780069091707,0.0,114.0
443,0.0,68.6,0.8,True,2.8081025622295073,0.0,114.0
444,0.0,68.6,1.0,True,2.814427117549844,0.5,114.5
445,0.0,68.6,1.0,True,2.8207516728701805,0.5,115.0
446,0.0,68.6,1.0,True,2.827076228190517,0.5,115.5
447,0.0,68.6,1.0,True,2.8334007835108537,0.5,116.0
448,0.9,69.5,0.9,True,2.8397253388311903,0.0,116.0
449,0.6,70.1,0.6,True,2.846049894151527,0.0,116.0
450,0.0,70.1,1.0,True,2.8523744494718635,0.5,116.5
451,0.0,70.1,0.9,True,2.8586990047922,0.5,117.0
452,0.0,70.1,0.9,True,2.8650235601125367,0.0,117.0
453,0.0,70.1,1.0,True,2.8713481154328733,0.5,117.5
454,0.0,70.1,0.6,True,2.87767267075321,0.0,117.5
455,0.9,71.0,0.9,True,2.8839972260735465,0.0,117.5
456,0.1,71.1,0.1,True,2.890321781393883,0.0,117.5
457,0.0,71.1,0.9,True,2.8966463367142197,0.0,117.5
458,0.0,71.1,0.4,True,2.9029708920345563,0.0,117.5
459,0.6,71.69999999999999,0.6,True,2.909295447354893,0.0,117.5
460,0.0,71.69999999999999,0.6,True,2.9156200026752295,0.0,117.5
461,0.0,71.69999999999999,0.9,True,2.921944557995566,0.5,118.0
462,0.0,71.69999999999999,1.0,True,2.9282691133159027,0.5,118.5
463,0.0,71.69999999999999,0.9,True,2.9345936686362393,0.5,119.0
464,0.0,71.69999999999999,1.0,True,2.940918223956576,0.5,119.5
465,0.0,71.69999999999999,0.9,True,2.9472427792769125,0.0,119.5
466,0.8,72.49999999999999,0.8,True,2.953567334597249,0.0,119.5
467,0.0,72.49999999999999,1.0,True,2.9598918899175857,0.5,120.0
468,0.8,73.29999999999998,0.8,True,2.9662164452379223,0.0,120.0
469,0.0,73.29999999999998,1.0,True,2.972541000558259,0.5,120.5
470,0.1,73.39999999999998,0.1,True,2.9788655558785955,0.0,120.5
471,0.0,73.39999999999998,1.0,True,2.985190111198932,0.5,121.0
472,0.3,73.69999999999997,0.3,True,2.9915146665192687,0.0,121.0
473,0.0,73.69999999999997,1.0,True,2.9978392218396053,0.5,121.5
474,0.0,73.69999999999997,0.9,True,3.004163777159942,0.5,122.0
475,0.0,73.69999999999997,1.0,True,3.0104883324802785,0.5,122.5
476,0.5,74.19999999999997,0.5,True,3.016812887800615,0.0,122.5
477,0.0,74.19999999999997,0.9,True,3.0231374431209517,0.5,123.0
478,0.0,74.19999999999997,1.0,True,3.0294619984412883,0.5,123.5
479,0.0,74.19999999999997,0.9,True,3.035786553761625,0.5,124.0
480,0.0,74.19999999999997,0.9,True,3.0421111090819615,0.5,124.5
481,0.0,74.19999999999997,0.9,True,3.048435664402298,0.5,125.0
482,0.0,74.19999999999997,0.8,True,3.0547602197226347,0.0,125.0
483,0.0,74.19999999999997,0.9,True,3.0610847750429713,0.5,125.5
484,0.0,74.19999999999997,0.9,True,3.067409330363308,0.5,126.0
485,0.0,74.19999999999997,1.0,True,3.0737338856836445,0.5,126.5
486,0.3,74.49999999999997,0.3,True,3.080058441003981,0.0,126.5
487,0.0,74.49999999999997,0.7,True,3.0863829963243177,0.0,126.5
488,0.0,74.49999999999997,1.0,True,3.0927075516446543,0.5,127.0
489,0.0,74.49999999999997,1.0,True,3.099032106964991,0.5,127.5
490,0.0,74.49999999999997,0.8,True,3.1053566622853275,0.0,127.5
491,0.0,74.49999999999997,0.9,True,3.111681217605664,0.5,128.0
492,0.0,74.49999999999997,0.7,True,3.1180057729260007,0.0,128.0
493,0.0,74.49999999999997,0.6,True,3.1243303282463373,0.0,128.0
494,0.0,74.49999999999997,0.8,True,3.130654883566674,0.0,128.0
495,0.0,74.49999999999997,0.7,True,3.1369794388870105,0.0,128.0
496,0.0,74.49999999999997,0.8,True,3.143303994207347,0.5,128.5
497,0.0,74.49999999999997,0.5,True,3.1496285495276837,0.0,128.5
498,0.0,74.49999999999997,1.0,True,3.1559531048480203,0.5,129.0
499,0.0,74.49999999999997,1.0,True,3.162277660168357,0.5,129.5
500,0.0,74.49999999999997,0.9,True,3.1686022154886935,0.5,130.0
501,0.0,74.49999999999997,0.8,True,3.17492677080903,0.5,130.5
502,0.0,74.49999999999997,0.7,True,3.1812513261293667,0.0,130.5
503,0.0,74.49999999999997,0.9,True,3.1875758814497033,0.5,131.0
504,0.0,74.49999999999997,0.9,True,3.19390043677004,0.5,131.5
505,0.0,74.49999999999997,0.6,True,3.2002249920903765,0.0,131.5
506,0.0,74.49999999999997,1.0,True,3.206549547410713,0.5,132.0
507,0.0,74.49999999999997,1.0,True,3.2128741027310497,0.5,132.5
508,0.0,74.49999999999997,1.0,True,3.2191986580513863,0.5,133.0
509,0.0,74.49999999999997,0.9,True,3.225523213371723,0.5,133.5
510,0.8,75.29999999999997,0.8,True,3.2318477686920595,0.5,134.0
511,0.7,75.99999999999997,0.7,True,3.238172324012396,0.0,134.0
512,0.0,75.99999999999997,1.0,True,3.2444968793327327,0.5,134.5
513,0.0,75.99999999999997,1.0,True,3.2508214346530693,0.5,135.0
514,0.0,75.99999999999997,0.3,True,3.257145989973406,0.0,135.0
515,0.0,75.99999999999997,0.2,True,3.2634705452937425,0.0,135.0
516,0.0,75.99999999999997,0.7,True,3.269795100614079,0.0,135.0
517,0.0,75.99999999999997,0.9,True,3.2761196559344157,0.5,135.5
518,0.0,75.99999999999997,1.0,True,3.2824442112547523,0.5,136.0
519,0.6,76.59999999999997,0.6,True,3.288768766575089,0.0,136.0
520,0.0,76.59999999999997,0.8,True,3.2950933218954255,0.5,136.5
521,0.7,77.29999999999997,0.7,True,3.301417877215762,0.0,136.5
522,0.0,77.29999999999997,1.0,True,3.3077424325360987,0.5,137.0
523,0.0,77.29999999999997,1.0,True,3.3140669878564353,0.5,137.5
524,0.0,77.29999999999997,1.0,True,3.320391543176772,0.5,138.0
525,0.0,77.29999999999997,0.8,True,3.3267160984971085,0.0,138.0
526,0.0,77.29999999999997,0.7,True,3.333040653817445,0.0,138.0
527,0.0,77.29999999999997,0.6,True,3.3393652091377817,0.0,138.0
528,0.4,77.69999999999997,0.4,True,3.3456897644581183,0.0,138.0
529,0.0,77.69999999999997,1.0,True,3.352014319778455,0.5,138.5
530,0.0,77.69999999999997,0.9,True,3.3583388750987915,0.5,139.0
531,0.0,77.69999999999997,1.0,True,3.364663430419128,0.5,139.5
532,0.0,77.69999999999997,1.0,True,3.3709879857394647,0.5,140.0
533,0.0,77.69999999999997,0.8,True,3.3773125410598013,0.5,140.5
534,0.0,77.69999999999997,0.9,True,3.383637096380138,0.5,141.0
535,0.0,77.69999999999997,1.0,True,3.3899616517004745,0.5,141.5
536,0.0,77.69999999999997,1.0,True,3.396286207020811,0.5,142.0
537,0.6,78.29999999999997,0.6,True,3.4026107623411477,0.0,142.0
538,0.0,78.29999999999997,0.7,True,3.4089353176614843,0.0,142.0
539,0.5,78.79999999999997,0.5,True,3.415259872981821,0.0,142.0
540,0.0,78.79999999999997,1.0,True,3.4215844283021575,0.5,142.5
541,0.0,78.79999999999997,0.8,True,3.427908983622494,0.5,143.0
542,0.0,78.79999999999997,0.6,True,3.4342335389428307,0.0,143.0
543,0.0,78.79999999999997,0.9,True,3.4405580942631673,0.5,143.5
544,0.8,79.59999999999997,0.8,True,3.446882649583504,0.5,144.0
545,0.0,79.59999999999997,0.7,True,3.4532072049038405,0.0,144.0
546,0.5,80.09999999999997,0.5,True,3.459531760224177,0.0,144.0
547,0.0,80.09999999999997,0.8,True,3.4658563155445137,0.5,144.5
548,0.0,80.09999999999997,0.8,True,3.4721808708648503,0.5,145.0
549,0.0,80.09999999999997,0.9,True,3.478505426185187,0.5,145.5
550,0.7,80.79999999999997,0.7,True,3.4848299815055235,0.5,146.0
551,0.0,80.79999999999997,1.0,True,3.49115453682586,0.5,146.5
552,0.8,81.59999999999997,0.8,True,3.4974790921461967,0.5,147.0
553,0.8,82.39999999999996,0.8,True,3.5038036474665333,0.5,147.5
554,0.0,82.39999999999996,1.0,True,3.51012820278687,0.5,148.0
555,0.0,82.39999999999996,0.7,True,3.5164527581072065,0.0,148.0
556,0.5,82.89999999999996,0.5,True,3.522777313427543,0.0,148.0
557,0.2,83.09999999999997,0.2,True,3.5291018687478797,0.0,148.0
558,0.0,83.09999999999997,0.9,True,3.5354264240682163,0.5,148.5
559,0.8,83.89999999999996,0.8,True,3.541750979388553,0.5,149.0
560,0.0,83.89999999999996,0.9,True,3.5480755347088895,0.5,149.5
561,0.0,83.89999999999996,0.5,True,3.554400090029226,0.0,149.5
562,0.5,84.39999999999996,0.5,True,3.5607246453495627,0.0,149.5
563,0.1,84.49999999999996,0.1,True,3.5670492006698993,0.0,149.5
564,0.6,85.09999999999995,0.6,True,3.573373755990236,0.0,149.5
565,0.0,85.09999999999995,0.8,True,3.5796983113105725,0.5,150.0
566,0.0,85.09999999999995,0.7,True,3.586022866630909,0.0,150.0
567,0.0,85.09999999999995,0.7,True,3.5923474219512457,0.0,150.0
568,0.0,85.09999999999995,1.0,True,3.5986719772715823,0.5,150.5
569,0.0,85.09999999999995,0.6,True,3.604996532591919,0.0,150.5
570,0.0,85.09999999999995,0.7,True,3.6113210879122555,0.5,151.0
571,0.0,85.09999999999995,0.9,True,3.617645643232592,0.5,151.5
572,0.7,85.79999999999995,0.7,True,3.6239701985529287,0.0,151.5
573,0.8,86.59999999999995,0.8,True,3.6302947538732653,0.5,152.0
574,0.0,86.59999999999995,1.0,True,3.636619309193602,0.5,152.5
575,0.0,86.59999999999995,1.0,True,3.6429438645139385,0.5,153.0
576,0.0,86.59999999999995,0.5,True,3.649268419834275,0.0,153.0
577,0.0,86.59999999999995,1.0,True,3.6555929751546117,0.5,153.5
578,0.0,86.59999999999995,0.7,True,3.6619175304749483,0.0,153.5
579,0.0,86.59999999999995,0.6,True,3.668242085795285,0.0,153.5
580,0.0,86.59999999999995,0.7,True,3.6745666411156215,0.0,153.5
581,0.0,86.59999999999995,1.0,True,3.680891196435958,0.5,154.0
582,0.0,86.59999999999995,0.7,True,3.6872157517562947,0.0,154.0
583,0.0,86.59999999999995,0.6,True,3.6935403070766313,0.0,154.0
584,0.8,87.39999999999995,0.8,True,3.699864862396968,0.5,154.5
585,0.0,87.39999999999995,0.6,True,3.7061894177173045,0.0,154.5
586,0.5,87.89999999999995,0.5,True,3.712513973037641,0.0,154.5
587,0.0,87.89999999999995,0.5,True,3.7188385283579777,0.0,154.5
588,0.0,87.89999999999995,0.5,True,3.7251630836783143,0.0,154.5
589,0.5,88.39999999999995,0.5,True,3.731487638998651,0.0,154.5
590,0.5,88.89999999999995,0.5,True,3.7378121943189875,0.0,154.5
591,0.8,89.69999999999995,0.8,True,3.744136749639324,0.5,155.0
592,0.0,89.69999999999995,0.5,True,3.7504613049596607,0.0,155.0
593,0.0,89.69999999999995,0.6,True,3.7567858602799973,0.0,155.0
594,0.0,89.69999999999995,1.0,True,3.763110415600334,0.5,155.5
595,0.0,89.69999999999995,0.7,True,3.7694349709206705,0.0,155.5
596,0.0,89.69999999999995,0.8,True,3.775759526241007,0.5,156.0
597,0.0,89.69999999999995,0.5,True,3.7820840815613437,0.0,156.0
598,0.0,89.69999999999995,0.5,True,3.7884086368816803,0.0,156.0
599,0.3,89.99999999999994,0.3,True,3.794733192202017,0.0,156.0
600,0.0,89.99999999999994,0.5,True,3.8010577475223535,0.0,156.0
601,0.0,89.99999999999994,0.6,True,3.80738230284269,0.0,156.0
602,0.0,89.99999999999994,0.5,True,3.8137068581630267,0.0,156.0
603,0.0,89.99999999999994,0.5,True,3.8200314134833633,0.0,156.0
604,0.0,89.99999999999994,0.5,True,3.8263559688037,0.0,156.0
605,0.0,89.99999999999994,0.7,True,3.8326805241240365,0.0,156.0
606,0.0,89.99999999999994,0.5,True,3.839005079444373,0.0,156.0
607,0.6,90.59999999999994,0.6,True,3.8453296347647097,0.0,156.0
608,0.0,90.59999999999994,0.7,True,3.8516541900850463,0.5,156.5
609,0.0,90.59999999999994,0.8,True,3.857978745405383,0.5,157.0
610,0.3,90.89999999999993,0.3,True,3.8643033007257195,0.0,157.0
611,0.0,90.89999999999993,0.9,True,3.870627856046056,0.5,157.5
612,0.0,90.89999999999993,0.8,True,3.8769524113663927,0.5,158.0
613,0.0,90.89999999999993,0.5,True,3.8832769666867293,0.0,158.0
614,0.0,90.89999999999993,1.0,True,3.889601522007066,0.5,158.5
615,0.0,90.89999999999993,1.0,True,3.8959260773274025,0.5,159.0
616,0.4,91.29999999999994,0.4,True,3.902250632647739,0.0,159.0
617,0.6,91.89999999999993,0.6,True,3.9085751879680757,0.0,159.0
618,0.0,91.89999999999993,0.9,True,3.9148997432884123,0.5,159.5
619,0.0,91.89999999999993,0.9,True,3.921224298608749,0.5,160.0
620,0.0,91.89999999999993,0.5,True,3.9275488539290855,0.0,160.0
621,0.0,91.89999999999993,0.5,True,3.933873409249422,0.0,160.0
622,0.0,91.89999999999993,0.6,True,3.9401979645697587,0.0,160.0
623,0.7,92.59999999999994,0.7,True,3.9465225198900953,0.0,160.0
624,0.0,92.59999999999994,0.8,True,3.952847075210432,0.5,160.5
625,0.6,93.19999999999993,0.6,True,3.9591716305307685,0.0,160.5
626,0.0,93.19999999999993,0.7,True,3.965496185851105,0.0,160.5
627,0.0,93.19999999999993,0.9,True,3.9718207411714417,0.5,161.0
628,0.0,93.19999999999993,0.3,True,3.9781452964917783,0.0,161.0
629,0.0,93.19999999999993,0.5,True,3.984469851812115,0.0,161.0
630,0.0,93.19999999999993,0.9,True,3.9907944071324515,0.5,161.5
631,0.0,93.19999999999993,1.0,True,3.997118962452788,0.5,162.0
632,0.0,93.19999999999993,0.7,True,4.003443517773125,0.5,162.5
633,0.7,93.89999999999993,0.7,True,4.009768073093461,0.5,163.0
634,0.4,94.29999999999994,0.4,True,4.016092628413798,0.0,163.0
635,0.0,94.29999999999994,0.7,True,4.0224171837341345,0.0,163.0
636,0.0,94.29999999999994,0.7,True,4.028741739054471,0.5,163.5
637,0.0,94.29999999999994,0.5,True,4.035066294374808,0.0,163.5
638,0.5,94.79999999999994,0.5,True,4.041390849695144,0.0,163.5
639,0.6,95.39999999999993,0.6,True,4.047715405015481,0.0,163.5
640,0.2,95.59999999999994,0.2,True,4.0540399603358175,0.0,163.5
641,0.6,96.19999999999993,0.6,True,4.060364515656154,0.0,163.5
642,0.5,96.69999999999993,0.5,True,4.066689070976491,0.0,163.5
643,0.6,97.29999999999993,0.6,True,4.073013626296827,0.0,163.5
644,0.0,97.29999999999993,0.4,True,4.079338181617164,0.0,163.5
645,0.0,97.29999999999993,1.0,True,4.0856627369375005,0.5,164.0
646,0.0,97.29999999999993,0.8,True,4.091987292257837,0.5,164.5
647,0.8,98.09999999999992,0.8,True,4.098311847578174,0.5,165.0
648,0.0,98.09999999999992,0.9,True,4.10463640289851,0.5,165.5
649,0.7,98.79999999999993,0.7,True,4.110960958218847,0.0,165.5
650,0.0,98.79999999999993,0.4,True,4.1172855135391835,0.0,165.5
651,0.0,98.79999999999993,0.7,True,4.12361006885952,0.5,166.0
652,0.0,98.79999999999993,0.8,True,4.129934624179857,0.5,166.5
653,0.0,98.79999999999993,0.9,True,4.136259179500193,0.5,167.0
654,0.0,98.79999999999993,0.6,True,4.14258373482053,0.0,167.0
655,0.4,99.19999999999993,0.4,True,4.1489082901408665,0.0,167.0
656,0.5,99.69999999999993,0.5,True,4.155232845461203,0.0,167.0
657,0.0,99.69999999999993,0.6,True,4.16155740078154,0.0,167.0
658,0.0,99.69999999999993,0.8,True,4.167881956101876,0.5,167.5
659,0.0,99.69999999999993,0.7,True,4.174206511422213,0.5,168.0
660,0.6,100.29999999999993,0.6,True,4.1805310667425495,0.0,168.0
661,0.0,100.29999999999993,1.0,True,4.186855622062886,0.5,168.5
662,0.8,101.09999999999992,0.8,True,4.193180177383223,0.5,169.0
663,0.0,101.09999999999992,0.5,True,4.199504732703559,0.0,169.0
664,0.4,101.49999999999993,0.4,True,4.205829288023896,0.0,169.0
665,0.4,101.89999999999993,0.4,True,4.2121538433442325,0.0,169.0
666,0.0,101.89999999999993,0.5,True,4.218478398664569,0.0,169.0
667,0.4,102.29999999999994,0.4,True,4.224802953984906,0.0,169.0
668,0.0,102.29999999999994,0.5,True,4.231127509305242,0.0,169.0
669,0.5,102.79999999999994,0.5,True,4.237452064625579,0.0,169.0
670,0.0,102.79999999999994,0.4,True,4.2437766199459155,0.0,169.0
671,0.0,102.79999999999994,1.0,True,4.250101175266252,0.5,169.5
672,0.4,103.19999999999995,0.4,True,4.256425730586589,0.0,169.5
673,0.7,103.89999999999995,0.7,True,4.262750285906925,0.5,170.0
674,0.6,104.49999999999994,0.6,True,4.269074841227262,0.0,170.0
675,0.0,104.49999999999994,1.0,True,4.2753993965475985,0.5,170.5
676,0.0,104.49999999999994,0.4,True,4.281723951867935,0.0,170.5
677,0.0,104.49999999999994,0.6,True,4.288048507188272,0.0,170.5
678,0.0,104.49999999999994,1.0,True,4.294373062508608,0.5,171.0
679,0.0,104.49999999999994,1.0,True,4.300697617828945,0.5,171.5
680,0.0,104.49999999999994,0.9,True,4.3070221731492815,0.5,172.0
681,0.5,104.99999999999994,0.5,True,4.313346728469618,0.0,172.0
682,0.4,105.39999999999995,0.4,True,4.319671283789955,0.0,172.0
683,0.8,106.19999999999995,0.8,True,4.325995839110291,0.5,172.5
684,0.0,106.19999999999995,1.0,True,4.332320394430628,0.5,173.0
685,0.7,106.89999999999995,0.7,True,4.3386449497509645,0.5,173.5
686,0.7,107.59999999999995,0.7,True,4.344969505071301,0.5,174.0
687,0.0,107.59999999999995,0.5,True,4.351294060391638,0.0,174.0
688,0.0,107.59999999999995,0.9,True,4.357618615711974,0.5,174.5
689,0.5,108.09999999999995,0.5,True,4.363943171032311,0.0,174.5
690,0.0,108.09999999999995,0.6,True,4.3702677263526475,0.0,174.5
691,0.0,108.09999999999995,0.6,True,4.376592281672984,0.0,174.5
692,0.0,108.09999999999995,0.7,True,4.382916836993321,0.5,175.0
693,0.0,108.09999999999995,0.5,True,4.389241392313657,0.0,175.0
694,0.0,108.09999999999995,0.4,True,4.395565947633994,0.0,175.0
695,0.0,108.09999999999995,0.8,True,4.4018905029543305,0.5,175.5
696,0.0,108.09999999999995,0.5,True,4.408215058274667,0.0,175.5
697,0.0,108.09999999999995,0.7,True,4.414539613595004,0.5,176.0
698,0.4,108.49999999999996,0.4,True,4.42086416891534,0.0,176.0
699,0.0,108.49999999999996,0.7,True,4.427188724235677,0.0,176.0
700,0.7,109.19999999999996,0.7,True,4.4335132795560135,0.5,176.5
701,0.4,109.59999999999997,0.4,True,4.43983783487635,0.0,176.5
702,0.0,109.59999999999997,0.6,True,4.446162390196687,0.0,176.5
703,0.4,109.99999999999997,0.4,True,4.452486945517023,0.0,176.5
704,0.4,110.39999999999998,0.4,True,4.45881150083736,0.0,176.5
705,0.0,110.39999999999998,1.0,True,4.4651360561576965,0.5,177.0
706,0.6,110.99999999999997,0.6,True,4.471460611478033,0.0,177.0
707,0.0,110.99999999999997,0.9,True,4.47778516679837,0.5,177.5
708,0.5,111.49999999999997,0.5,True,4.484109722118706,0.0,177.5
709,0.0,111.49999999999997,0.8,True,4.490434277439043,0.5,178.0
710,0.0,111.49999999999997,0.9,True,4.4967588327593795,0.5,178.5
711,0.0,111.49999999999997,0.8,True,4.503083388079716,0.5,179.0
712,0.7,112.19999999999997,0.7,True,4.509407943400053,0.0,179.0
713,0.0,112.19999999999997,0.6,True,4.515732498720389,0.0,179.0
714,0.0,112.19999999999997,0.6,True,4.522057054040726,0.0,179.0
715,0.0,112.19999999999997,1.0,True,4.5283816093610625,0.5,179.5
716,0.0,112.19999999999997,0.9,True,4.534706164681399,0.5,180.0
717,0.0,112.19999999999997,1.0,True,4.541030720001736,0.5,180.5
718,0.4,112.59999999999998,0.4,True,4.547355275322072,0.0,180.5
719,0.0,112.59999999999998,0.9,True,4.553679830642409,0.5,181.0
720,0.0,112.59999999999998,1.0,True,4.5600043859627455,0.5,181.5
721,0.0,112.59999999999998,0.4,True,4.566328941283082,0.0,181.5
722,0.0,112.59999999999998,0.4,True,4.572653496603419,0.0,181.5
723,0.0,112.59999999999998,0.9,True,4.578978051923755,0.5,182.0
724,0.0,112.59999999999998,0.7,True,4.585302607244092,0.5,182.5
725,0.0,112.59999999999998,0.9,True,4.5916271625644285,0.5,183.0
726,0.4,112.99999999999999,0.4,True,4.597951717884765,0.0,183.0
727,0.9,113.89999999999999,0.9,True,4.604276273205102,0.5,183.5
728,0.5,114.39999999999999,0.5,True,4.610600828525438,0.0,183.5
729,0.4,114.8,0.4,True,4.616925383845775,0.0,183.5
730,0.0,114.8,0.4,True,4.6232499391661115,0.0,183.5
731,0.0,114.8,0.9,True,4.629574494486448,0.5,184.0
732,0.0,114.8,0.8,True,4.635899049806785,0.5,184.5
733,0.0,114.8,0.7,True,4.642223605127121,0.5,185.0
734,0.0,114.8,0.6,True,4.648548160447458,0.0,185.0
735,0.0,114.8,1.0,True,4.6548727157677945,0.5,185.5
736,0.0,114.8,0.6,True,4.661197271088131,0.0,185.5
737,0.0,114.8,0.9,True,4.667521826408468,0.5,186.0
738,0.0,114.8,0.6,True,4.673846381728804,0.0,186.0
739,0.0,114.8,0.6,True,4.680170937049141,0.0,186.0
740,0.7,115.5,0.7,True,4.6864954923694775,0.0,186.0
741,0.5,116.0,0.5,True,4.692820047689814,0.0,186.0
742,0.0,116.0,0.9,True,4.699144603010151,0.5,186.5
743,0.0,116.0,0.7,True,4.705469158330487,0.5,187.0
744,0.0,116.0,0.5,True,4.711793713650824,0.0,187.0
745,0.0,116.0,1.0,True,4.7181182689711605,0.5,187.5
746,0.0,116.0,0.6,True,4.724442824291497,0.0,187.5
747,0.0,116.0,0.7,True,4.730767379611834,0.5,188.0
748,0.0,116.0,1.0,True,4.73709193493217,0.5,188.5
749,0.0,116.0,0.8,True,4.743416490252507,0.5,189.0
750,0.4,116.4,0.4,True,4.7497410455728435,0.0,189.0
751,0.0,116.4,1.0,True,4.75606560089318,0.5,189.5
752,0.0,116.4,0.8,True,4.762390156213517,0.5,190.0
753,0.0,116.4,0.6,True,4.768714711533853,0.0,190.0
754,0.4,116.80000000000001,0.4,True,4.77503926685419,0.0,190.0
755,0.0,116.80000000000001,0.9,True,4.7813638221745265,0.5,190.5
756,0.8,117.60000000000001,0.8,True,4.787688377494863,0.5,191.0
757,0.0,117.60000000000001,0.7,True,4.7940129328152,0.5,191.5
758,0.0,117.60000000000001,1.0,True,4.800337488135536,0.5,192.0
759,0.0,117.60000000000001,0.9,True,4.806662043455873,0.5,192.5
760,0.4,118.00000000000001,0.4,True,4.8129865987762095,0.0,192.5
761,0.5,118.50000000000001,0.5,True,4.819311154096546,0.0,192.5
762,0.0,118.50000000000001,0.5,True,4.825635709416883,0.0,192.5
763,0.0,118.50000000000001,0.9,True,4.831960264737219,0.5,193.0
764,0.0,118.50000000000001,0.3,True,4.838284820057556,0.0,193.0
765,0.0,118.50000000000001,0.7,True,4.8446093753778925,0.5,193.5
766,0.0,118.50000000000001,0.9,True,4.850933930698229,0.5,194.0
767,0.0,118.50000000000001,1.0,True,4.857258486018566,0.5,194.5
768,0.0,118.50000000000001,0.6,True,4.863583041338902,0.0,194.5
769,0.0,118.50000000000001,0.9,True,4.869907596659239,0.5,195.0
770,0.4,118.90000000000002,0.4,True,4.8762321519795755,0.0,195.0
771,0.0,118.90000000000002,0.9,True,4.882556707299912,0.5,195.5
772,0.4,119.30000000000003,0.4,True,4.888881262620249,0.0,195.5
773,0.6,119.90000000000002,0.6,True,4.895205817940585,0.0,195.5
774,0.0,119.90000000000002,0.9,True,4.901530373260922,0.5,196.0
775,0.0,119.90000000000002,0.4,True,4.9078549285812585,0.0,196.0
776,0.5,120.40000000000002,0.5,True,4.914179483901595,0.0,196.0
777,0.0,120.40000000000002,0.8,True,4.920504039221932,0.5,196.5
778,0.0,120.40000000000002,0.8,True,4.926828594542268,0.5,197.0
779,0.8,121.20000000000002,0.8,True,4.933153149862605,0.5,197.5
780,0.0,121.20000000000002,0.8,True,4.9394777051829415,0.5,198.0
781,0.7,121.90000000000002,0.7,True,4.945802260503278,0.5,198.5
782,0.0,121.90000000000002,0.5,True,4.952126815823615,0.0,198.5
783,0.6,122.50000000000001,0.6,True,4.958451371143951,0.0,198.5
784,0.4,122.90000000000002,0.4,True,4.964775926464288,0.0,198.5
785,0.0,122.90000000000002,1.0,True,4.9711004817846245,0.5,199.0
786,0.0,122.90000000000002,0.7,True,4.977425037104961,0.5,199.5
787,0.6,123.50000000000001,0.6,True,4.983749592425298,0.0,199.5
788,0.0,123.50000000000001,0.7,True,4.990074147745634,0.0,199.5
789,0.0,123.50000000000001,1.0,True,4.996398703065971,0.5,200.0
790,0.0,123.50000000000001,0.4,True,5.0027232583863075,0.0,200.0
791,0.7,124.20000000000002,0.7,True,5.009047813706644,0.5,200.5
792,0.0,124.20000000000002,0.7,True,5.015372369026981,0.5,201.0
793,0.0,124.20000000000002,0.8,True,5.021696924347317,0.5,201.5
794,0.0,124.20000000000002,0.2,True,5.028021479667654,0.0,201.5
795,0.0,124.20000000000002,1.0,True,5.0343460349879905,0.5,202.0
796,0.0,124.20000000000002,1.0,True,5.040670590308327,0.5,202.5
797,0.0,124.20000000000002,0.7,True,5.046995145628664,0.5,203.0
798,0.0,124.20000000000002,0.8,True,5.053319700949,0.5,203.5
799,0.0,124.20000000000002,1.0,True,5.059644256269337,0.5,204.0
800,0.0,124.20000000000002,0.0,False,5.03434603498799,0.5,204.5
801,0.0,124.20000000000002,0.0,False,5.009047813706642,0.0,204.5
802,0.0,124.20000000000002,0.0,False,4.983749592425295,0.5,205.0
803,0.0,124.20000000000002,0.0,False,4.958451371143948,0.5,205.5
804,0.0,124.20000000000002,0.0,False,4.9331531498626005,0.0,205.5
805,0.0,124.20000000000002,0.0,False,4.907854928581253,0.5,206.0
806,0.0,124.20000000000002,0.0,False,4.882556707299906,0.5,206.5
807,0.0,124.20000000000002,0.0,False,4.857258486018559,0.5,207.0
808,0.0,124.20000000000002,0.0,False,4.831960264737211,0.0,207.0
809,0.0,124.20000000000002,0.0,False,4.806662043455864,0.0,207.0
810,0.0,124.20000000000002,0.0,False,4.781363822174517,0.5,207.5
811,0.0,124.20000000000002,0.0,False,4.756065600893169,0.5,208.0
812,0.0,124.20000000000002,0.0,False,4.730767379611822,0.0,208.0
813,0.0,124.20000000000002,0.0,False,4.705469158330475,0.5,208.5
814,0.0,124.20000000000002,0.0,False,4.680170937049128,0.5,209.0
815,0.0,124.20000000000002,0.0,False,4.65487271576778,0.5,209.5
816,0.0,124.20000000000002,0.0,False,4.629574494486433,0.5,210.0
817,0.0,124.20000000000002,0.0,False,4.604276273205086,0.0,210.0
818,0.0,124.20000000000002,0.0,False,4.578978051923738,0.0,210.0
819,0.0,124.20000000000002,0.0,False,4.553679830642391,0.0,210.0
820,0.0,124.20000000000002,0.0,False,4.528381609361044,0.5,210.5
821,0.0,124.20000000000002,0.0,False,4.5030833880796965,0.0,210.5
822,0.0,124.20000000000002,0.0,False,4.477785166798349,0.0,210.5
823,0.0,124.20000000000002,0.0,False,4.452486945517002,0.0,210.5
824,0.0,124.20000000000002,0.0,False,4.427188724235655,0.5,211.0
825,0.0,124.20000000000002,0.0,False,4.401890502954307,0.5,211.5
826,0.0,124.20000000000002,0.0,False,4.37659228167296,0.0,211.5
827,0.0,124.20000000000002,0.0,False,4.351294060391613,0.0,211.5
828,0.0,124.20000000000002,0.0,False,4.3259958391102655,0.5,212.0
829,0.0,124.20000000000002,0.0,False,4.300697617828918,0.0,212.0
830,0.0,124.20000000000002,0.0,False,4.275399396547571,0.0,212.0
831,0.0,124.20000000000002,0.0,False,4.250101175266224,0.0,212.0
832,0.0,124.20000000000002,0.0,False,4.224802953984876,0.0,212.0
833,0.0,124.20000000000002,0.0,False,4.199504732703529,0.0,212.0
834,0.0,124.20000000000002,0.0,False,4.174206511422182,0.0,212.0
835,0.0,124.20000000000002,0.0,False,4.1489082901408345,0.0,212.0
836,0.0,124.20000000000002,0.0,False,4.123610068859487,0.5,212.5
837,0.0,124.20000000000002,0.0,False,4.09831184757814,0.0,212.5
838,0.0,124.20000000000002,0.0,False,4.073013626296793,0.5,213.0
839,0.0,124.20000000000002,0.0,False,4.047715405015445,0.5,213.5
840,0.0,124.20000000000002,0.0,False,4.022417183734098,0.0,213.5
841,0.0,124.20000000000002,0.0,False,3.9971189624527512,0.5,214.0
842,0.0,124.20000000000002,0.0,False,3.9718207411714044,0.0,214.0
843,0.0,124.20000000000002,0.0,False,3.9465225198900575,0.5,214.5
844,0.0,124.20000000000002,0.0,False,3.9212242986087107,0.0,214.5
845,0.0,124.20000000000002,0.0,False,3.895926077327364,0.0,214.5
846,0.0,124.20000000000002,0.0,False,3.870627856046017,0.0,214.5
847,0.0,124.20000000000002,0.0,False,3.84532963476467,0.5,215.0
848,0.0,124.20000000000002,0.0,False,3.8200314134833233,0.5,215.5
849,0.0,124.20000000000002,0.0,False,3.7947331922019765,0.5,216.0
850,0.0,124.20000000000002,0.0,False,3.7694349709206296,0.0,216.0
851,0.0,124.20000000000002,0.0,False,3.744136749639283,0.5,216.5
852,0.0,124.20000000000002,0.0,False,3.718838528357936,0.0,216.5
853,0.0,124.20000000000002,0.0,False,3.693540307076589,0.5,217.0
854,0.0,124.20000000000002,0.0,False,3.6682420857952422,0.0,217.0
855,0.0,124.20000000000002,0.0,False,3.6429438645138954,0.0,217.0
856,0.0,124.20000000000002,0.0,False,3.6176456432325486,0.0,217.0
857,0.0,124.20000000000002,0.0,False,3.5923474219512017,0.0,217.0
858,0.0,124.20000000000002,0.0,False,3.567049200669855,0.5,217.5
859,0.0,124.20000000000002,0.0,False,3.541750979388508,0.0,217.5
860,0.0,124.20000000000002,0.0,False,3.516452758107161,0.5,218.0
861,0.0,124.20000000000002,0.0,False,3.4911545368258143,0.0,218.0
862,0.0,124.20000000000002,0.0,False,3.4658563155444675,0.5,218.5
863,0.0,124.20000000000002,0.0,False,3.4405580942631206,0.0,218.5
864,0.0,124.20000000000002,0.0,False,3.415259872981774,0.0,218.5
865,0.0,124.20000000000002,0.0,False,3.389961651700427,0.5,219.0
866,0.0,124.20000000000002,0.0,False,3.36466343041908,0.0,219.0
867,0.0,124.20000000000002,0.0,False,3.3393652091377333,0.0,219.0
868,0.0,124.20000000000002,0.0,False,3.3140669878563864,0.5,219.5
869,0.0,124.20000000000002,0.0,False,3.2887687665750396,0.5,220.0
870,0.0,124.20000000000002,0.0,False,3.2634705452936927,0.0,220.0
871,0.0,124.20000000000002,0.0,False,3.238172324012346,0.0,220.0
872,0.0,124.20000000000002,0.0,False,3.212874102730999,0.5,220.5
873,0.0,124.20000000000002,0.0,False,3.187575881449652,0.0,220.5
874,0.0,124.20000000000002,0.0,False,3.1622776601683054,0.0,220.5
875,0.0,124.20000000000002,0.0,False,3.1369794388869585,0.0,220.5
876,0.0,124.20000000000002,0.0,False,3.1116812176056117,0.5,221.0
877,0.0,124.20000000000002,0.0,False,3.086382996324265,0.5,221.5
878,0.0,124.20000000000002,0.0,False,3.061084775042918,0.0,221.5
879,0.0,124.20000000000002,0.0,False,3.035786553761571,0.0,221.5
880,0.0,124.20000000000002,0.0,False,3.0104883324802243,0.0,221.5
881,0.0,124.20000000000002,0.0,False,2.9851901111988774,0.5,222.0
882,0.0,124.20000000000002,0.0,False,2.9598918899175306,0.0,222.0
883,0.0,124.20000000000002,0.0,False,2.9345936686361838,0.0,222.0
884,0.0,124.20000000000002,0.0,False,2.909295447354837,0.5,222.5
885,0.0,124.20000000000002,0.0,False,2.88399722607349,0.0,222.5
886,0.0,124.20000000000002,0.0,False,2.8586990047921432,0.5,223.0
887,0.0,124.20000000000002,0.0,False,2.8334007835107964,0.0,223.0
888,0.0,124.20000000000002,0.0,False,2.8081025622294495,0.0,223.0
889,0.0,124.20000000000002,0.0,False,2.7828043409481027,0.0,223.0
890,0.0,124.20000000000002,0.0,False,2.757506119666756,0.5,223.5
891,0.0,124.20000000000002,0.0,False,2.732207898385409,0.5,224.0
892,0.0,124.20000000000002,0.0,False,2.706909677104062,0.5,224.5
893,0.0,124.20000000000002,0.0,False,2.6816114558227153,0.0,224.5
894,0.0,124.20000000000002,0.0,False,2.6563132345413685,0.5,225.0
895,0.0,124.20000000000002,0.0,False,2.6310150132600216,0.0,225.0
896,0.0,124.20000000000002,0.0,False,2.605716791978675,0.0,225.0
897,0.0,124.20000000000002,0.0,False,2.580418570697328,0.5,225.5
898,0.0,124.20000000000002,0.0,False,2.555120349415981,0.0,225.5
899,0.0,124.20000000000002,0.0,False,2.5298221281346343,0.0,225.5
900,0.0,124.20000000000002,0.0,False,2.5045239068532874,0.0,225.5
901,0.0,124.20000000000002,0.0,False,2.4792256855719406,0.0,225.5
902,0.0,124.20000000000002,0.0,False,2.4539274642905937,0.0,225.5
903,0.0,124.20000000000002,0.0,False,2.428629243009247,0.5,226.0
904,0.0,124.20000000000002,0.0,False,2.4033310217279,0.0,226.0
905,0.0,124.20000000000002,0.0,False,2.378032800446553,0.5,226.5
906,0.0,124.20000000000002,0.0,False,2.3527345791652063,0.5,227.0
907,0.0,124.20000000000002,0.0,False,2.3274363578838595,0.0,227.0
908,0.0,124.20000000000002,0.0,False,2.3021381366025127,0.0,227.0
909,0.0,124.20000000000002,0.0,False,2.276839915321166,0.0,227.0
910,0.0,124.20000000000002,0.0,False,2.251541694039819,0.5,227.5
911,0.0,124.20000000000002,0.0,False,2.226243472758472,0.0,227.5
912,0.0,124.20000000000002,0.0,False,2.2009452514771253,0.5,228.0
913,0.0,124.20000000000002,0.0,False,2.1756470301957784,0.0,228.0
914,0.0,124.20000000000002,0.0,False,2.1503488089144316,0.5,228.5
915,0.0,124.20000000000002,0.0,False,2.1250505876330847,0.0,228.5
916,0.0,124.20000000000002,0.0,False,2.099752366351738,0.0,228.5
917,0.0,124.20000000000002,0.0,False,2.074454145070391,0.5,229.0
918,0.0,124.20000000000002,0.0,False,2.049155923789044,0.5,229.5
919,0.0,124.20000000000002,0.0,False,2.0238577025076974,0.0,229.5
920,0.0,124.20000000000002,0.0,False,1.9985594812263503,0.5,230.0
921,0.0,124.20000000000002,0.0,False,1.9732612599450032,0.0,230.0
922,0.0,124.20000000000002,0.0,False,1.9479630386636562,0.5,230.5
923,0.0,124.20000000000002,0.0,False,1.922664817382309,0.5,231.0
924,0.0,124.20000000000002,0.0,False,1.897366596100962,0.0,231.0
925,0.0,124.20000000000002,0.0,False,1.872068374819615,0.0,231.0
926,0.0,124.20000000000002,0.0,False,1.846770153538268,0.0,231.0
927,0.0,124.20000000000002,0.0,False,1.8214719322569208,0.5,231.5
928,0.0,124.20000000000002,0.0,False,1.7961737109755738,0.5,232.0
929,0.0,124.20000000000002,0.0,False,1.7708754896942267,0.0,232.0
930,0.0,124.20000000000002,0.0,False,1.7455772684128796,0.0,232.0
931,0.0,124.20000000000002,0.0,False,1.7202790471315326,0.5,232.5
932,0.0,124.20000000000002,0.0,False,1.6949808258501855,0.5,233.0
933,0.0,124.20000000000002,0.0,False,1.6696826045688384,0.5,233.5
934,0.0,124.20000000000002,0.0,False,1.6443843832874914,0.0,233.5
935,0.0,124.20000000000002,0.0,False,1.6190861620061443,0.0,233.5
936,0.0,124.20000000000002,0.0,False,1.5937879407247972,0.0,233.5
937,0.0,124.20000000000002,0.0,False,1.5684897194434502,0.5,234.0
938,0.0,124.20000000000002,0.0,False,1.543191498162103,0.0,234.0
939,0.0,124.20000000000002,0.0,False,1.517893276880756,0.5,234.5
940,0.0,124.20000000000002,0.0,False,1.492595055599409,0.0,234.5
941,0.0,124.20000000000002,0.0,False,1.467296834318062,0.5,235.0
942,0.0,124.20000000000002,0.0,False,1.4419986130367148,0.5,235.5
943,0.0,124.20000000000002,0.0,False,1.4167003917553678,0.5,236.0
944,0.0,124.20000000000002,0.0,False,1.3914021704740207,0.0,236.0
945,0.0,124.20000000000002,0.0,False,1.3661039491926736,0.0,236.0
946,0.0,124.20000000000002,0.0,False,1.3408057279113266,0.0,236.0
947,0.0,124.20000000000002,0.0,False,1.3155075066299795,0.5,236.5
948,0.0,124.20000000000002,0.0,False,1.2902092853486324,0.5,237.0
949,0.0,124.20000000000002,0.0,False,1.2649110640672854,0.5,237.5
950,0.0,124.20000000000002,0.0,False,1.2396128427859383,0.5,238.0
951,0.0,124.20000000000002,0.0,False,1.2143146215045912,0.5,238.5
952,0.0,124.20000000000002,0.0,False,1.1890164002232442,0.0,238.5
953,0.0,124.20000000000002,0.0,False,1.163718178941897,0.5,239.0
954,0.0,124.20000000000002,0.0,False,1.13841995766055,0.0,239.0
955,0.0,124.20000000000002,0.0,False,1.113121736379203,0.0,239.0
956,0.0,124.20000000000002,0.0,False,1.087823515097856,0.5,239.5
957,0.0,124.20000000000002,0.0,False,1.0625252938165088,0.0,239.5
958,0.0,124.20000000000002,0.0,False,1.0372270725351618,0.0,239.5
959,0.0,124.20000000000002,0.0,False,1.0119288512538147,0.5,240.0
960,0.0,124.20000000000002,0.0,False,0.9866306299724676,0.0,240.0
961,0.0,124.20000000000002,0.0,False,0.9613324086911206,0.5,240.5
962,0.0,124.20000000000002,0.0,False,0.9360341874097735,0.0,240.5
963,0.0,124.20000000000002,0.0,False,0.9107359661284264,0.0,240.5
964,0.0,124.20000000000002,0.0,False,0.8854377448470794,0.0,240.5
965,0.0,124.20000000000002,0.0,False,0.8601395235657323,0.0,240.5
966,0.0,124.20000000000002,0.0,False,0.8348413022843852,0.5,241.0
967,0.0,124.20000000000002,0.0,False,0.8095430810030382,0.0,241.0
968,0.0,124.20000000000002,0.0,False,0.7842448597216911,0.5,241.5
969,0.0,124.20000000000002,0.0,False,0.758946638440344,0.0,241.5
970,0.0,124.20000000000002,0.0,False,0.733648417158997,0.5,242.0
971,0.0,124.20000000000002,0.0,False,0.7083501958776499,0.5,242.5
972,0.0,124.20000000000002,0.0,False,0.6830519745963028,0.5,243.0
973,0.0,124.20000000000002,0.0,False,0.6577537533149558,0.0,243.0
974,0.0,124.20000000000002,0.0,False,0.6324555320336087,0.0,243.0
975,0.0,124.20000000000002,0.0,False,0.6071573107522616,0.0,243.0
976,0.0,124.20000000000002,0.0,False,0.5818590894709146,0.5,243.5
977,0.0,124.20000000000002,0.0,False,0.5565608681895675,0.0,243.5
978,0.0,124.20000000000002,0.0,False,0.5312626469082204,0.0,243.5
979,0.0,124.20000000000002,0.0,False,0.5059644256268734,0.5,244.0
980,0.0,124.20000000000002,0.0,False,0.48066620434552637,0.0,244.0
981,0.0,124.20000000000002,0.0,False,0.45536798306417936,0.5,244.5
982,0.0,124.20000000000002,0.0,False,0.43006976178283235,0.0,244.5
983,0.0,124.20000000000002,0.0,False,0.40477154050148534,0.0,244.5
984,0.0,124.20000000000002,0.0,False,0.3794733192201383,0.5,245.0
985,0.0,124.20000000000002,0.0,False,0.3541750979387913,0.0,245.0
986,0.0,124.20000000000002,0.0,False,0.3288768766574443,0.5,245.5
987,0.0,124.20000000000002,0.0,False,0.3035786553760973,0.0,245.5
988,0.0,124.20000000000002,0.0,False,0.2782804340947503,0.0,245.5
989,0.0,124.20000000000002,0.0,False,0.2529822128134033,0.5,246.0
990,0.0,124.20000000000002,0.0,False,0.22768399153205623,0.5,246.5
991,0.0,124.20000000000002,0.0,False,0.2023857702507092,0.5,247.0
992,0.0,124.20000000000002,0.0,False,0.17708754896936216,0.0,247.0
993,0.0,124.20000000000002,0.0,False,0.15178932768801512,0.5,247.5
994,0.0,124.20000000000002,0.0,False,0.12649110640666808,0.0,247.5
995,0.0,124.20000000000002,0.0,False,0.10119288512532104,0.0,247.5
996,0.0,124.20000000000002,0.0,False,0.075894663843974,0.5,248.0
997,0.0,124.20000000000002,0.0,False,0.050596442562626964,0.0,248.0
998,0.0,124.20000000000002,0.0,False,0.02529822128127993,0.5,248.5
999,0.0,124.20000000000002,0.0,False,0.0,0.0,248.5
