round,ucb_reward,pd_reward,ucb_cumulative,pd_cumulative,optimal_reward,optimal_cumulative,ucb_price,pd_price,ucb_produced,pd_produced,pd_lambda
0,0.1,0.0,0.1,0.0,0.0,0.0,0.1,0.4,True,True,0.0
1,0.2,0.0,0.30000000000000004,0.0,0.5,0.5,0.2,1.0,True,True,0.0
2,0.3,0.8,0.6000000000000001,0.8,0.5,1.0,0.3,0.8,True,True,0.0
3,0.4,0.0,1.0,0.8,0.5,1.5,0.4,0.7,True,True,0.0
4,0.5,0.2,1.5,1.0,0.0,1.5,0.5,0.2,True,True,0.0
5,0.6,0.2,2.1,1.2,0.0,1.5,0.6,0.2,True,True,0.0
6,0.0,0.1,2.1,1.3,0.0,1.5,0.7,0.1,True,True,0.0
7,0.8,0.0,2.9000000000000004,1.3,0.5,2.0,0.8,0.9,True,True,0.0
8,0.0,0.0,2.9000000000000004,1.3,0.5,2.5,0.9,0.7,True,True,0.0
9,0.0,0.0,2.9000000000000004,1.3,0.5,3.0,1.0,0.8,True,True,0.0
10,0.0,0.0,2.9000000000000004,1.3,0.0,3.0,0.8,0.1,True,True,0.0
11,0.6,0.0,3.5000000000000004,1.3,0.5,3.5,0.6,1.0,True,True,0.0
12,0.5,0.9,4.0,2.2,0.5,4.0,0.5,0.9,True,True,0.0
13,0.0,0.0,4.0,2.2,0.0,4.0,0.4,0.3,True,True,0.0
14,0.3,0.2,4.3,2.4000000000000004,0.0,4.0,0.3,0.2,True,True,0.0
15,0.2,0.2,4.5,2.6000000000000005,0.0,4.0,0.2,0.2,True,True,0.0
16,0.1,0.0,4.6,2.6000000000000005,0.0,4.0,0.1,0.4,True,True,0.0
17,0.0,0.6,4.6,3.2000000000000006,0.5,4.5,0.7,0.6,True,True,0.0
18,0.9,0.0,5.5,3.2000000000000006,0.0,4.5,0.9,0.5,True,True,0.0
19,0.0,0.3,5.5,3.5000000000000004,0.0,4.5,1.0,0.3,True,True,0.0
20,0.6,0.7,6.1,4.2,0.5,5.0,0.6,0.7,True,True,0.0
21,0.0,0.2,6.1,4.4,0.0,5.0,0.5,0.2,True,True,0.0
22,0.9,0.3,7.0,4.7,0.0,5.0,0.9,0.3,True,True,0.0
23,0.8,0.0,7.8,4.7,0.0,5.0,0.8,0.4,True,True,0.0
24,0.3,0.0,8.1,4.7,0.0,5.0,0.3,0.5,True,True,0.0
25,0.0,0.0,8.1,4.7,0.5,5.5,0.6,0.8,True,True,0.0
26,0.0,0.3,8.1,5.0,0.0,5.5,0.9,0.3,True,True,0.0
27,0.8,0.6,8.9,5.6,0.5,6.0,0.8,0.6,True,True,0.0
28,0.2,0.0,9.1,5.6,0.5,6.5,0.2,0.6,True,True,0.0
29,0.4,0.1,9.5,5.699999999999999,0.0,6.5,0.4,0.1,True,True,0.0
30,0.0,0.0,9.5,5.699999999999999,0.5,7.0,0.1,0.6,True,True,0.0
31,0.0,0.2,9.5,5.8999999999999995,0.0,7.0,0.8,0.2,True,True,0.0
32,0.0,0.1,9.5,5.999999999999999,0.0,7.0,0.7,0.1,True,True,0.0
33,0.0,0.0,9.5,5.999999999999999,0.5,7.5,1.0,1.0,True,True,0.0
34,0.0,0.0,9.5,5.999999999999999,0.5,8.0,0.5,1.0,True,True,0.0
35,0.3,0.0,9.8,5.999999999999999,0.5,8.5,0.3,0.8,True,True,0.0
36,0.0,0.0,9.8,5.999999999999999,0.0,8.5,0.4,0.4,True,True,0.0
37,0.6,0.0,10.4,5.999999999999999,0.0,8.5,0.6,0.2,True,True,0.0
38,0.0,0.0,10.4,5.999999999999999,0.5,9.0,0.9,0.7,True,True,0.0
39,0.2,0.0,10.6,5.999999999999999,0.0,9.0,0.2,0.5,True,True,0.0
40,0.0,0.2,10.6,6.199999999999999,0.0,9.0,0.6,0.2,True,True,0.0
41,0.0,0.5,10.6,6.699999999999999,0.0,9.0,0.8,0.5,True,True,0.0
42,0.3,0.1,10.9,6.799999999999999,0.0,9.0,0.3,0.1,True,True,0.0
43,0.1,0.0,11.0,6.799999999999999,0.5,9.5,0.1,0.9,True,True,0.0
44,0.5,0.3,11.5,7.099999999999999,0.0,9.5,0.5,0.3,True,True,0.0
45,0.0,0.7,11.5,7.799999999999999,0.5,10.0,0.9,0.7,True,True,0.0
46,0.0,0.0,11.5,7.799999999999999,0.0,10.0,0.7,0.4,True,True,0.0
47,0.0,0.6,11.5,8.399999999999999,0.5,10.5,1.0,0.6,True,True,0.0
48,0.2,0.0,11.7,8.399999999999999,0.5,11.0,0.2,0.6,True,True,0.0
49,0.0,0.0,11.7,8.399999999999999,0.0,11.0,0.4,0.2,True,True,0.0
50,0.3,0.0,12.0,8.399999999999999,0.5,11.5,0.3,1.0,True,True,0.0
51,0.5,0.0,12.5,8.399999999999999,0.5,12.0,0.5,0.8,True,True,0.0
52,0.8,0.0,13.3,8.399999999999999,0.5,12.5,0.8,1.0,True,True,0.0
53,0.6,0.9,13.9,9.299999999999999,0.5,13.0,0.6,0.9,True,True,0.0
54,0.8,0.6,14.700000000000001,9.899999999999999,0.5,13.5,0.8,0.6,True,True,0.0
55,0.0,0.0,14.700000000000001,9.899999999999999,0.5,14.0,0.8,0.9,True,True,0.0
56,0.6,0.2,15.3,10.099999999999998,0.0,14.0,0.6,0.2,True,True,0.0
57,0.1,0.3,15.4,10.399999999999999,0.0,14.0,0.1,0.3,True,True,0.0
58,0.0,0.1,15.4,10.499999999999998,0.0,14.0,0.5,0.1,True,True,0.0
59,0.2,0.4,15.6,10.899999999999999,0.0,14.0,0.2,0.4,True,True,0.0
60,0.3,0.0,15.9,10.899999999999999,0.0,14.0,0.3,0.4,True,True,0.0
61,0.9,0.3,16.8,11.2,0.0,14.0,0.9,0.3,True,True,0.0
62,0.0,0.8,16.8,12.0,0.5,14.5,0.9,0.8,True,True,0.0
63,0.0,0.4,16.8,12.4,0.0,14.5,0.6,0.4,True,True,0.0
64,0.4,0.0,17.2,12.4,0.0,14.5,0.4,0.3,True,True,0.0
65,0.7,0.6,17.9,13.0,0.5,15.0,0.7,0.6,True,True,0.0
66,0.0,0.2,17.9,13.2,0.0,15.0,1.0,0.2,True,True,0.0
67,0.0,0.0,17.9,13.2,0.5,15.5,0.7,0.8,True,True,0.0
68,0.0,0.0,17.9,13.2,0.0,15.5,0.8,0.2,True,True,0.0
69,0.0,0.0,17.9,13.2,0.5,16.0,0.3,1.0,True,True,0.0
70,0.2,0.0,18.099999999999998,13.2,0.5,16.5,0.2,0.8,True,True,0.0
71,0.0,0.3,18.099999999999998,13.5,0.0,16.5,0.4,0.3,True,True,0.0
72,0.0,0.1,18.099999999999998,13.6,0.0,16.5,0.5,0.1,True,True,0.0
73,0.0,0.8,18.099999999999998,14.4,0.5,17.0,0.1,0.8,True,True,0.0
74,0.6,0.7,18.7,15.1,0.5,17.5,0.6,0.7,True,True,0.0
75,0.0,0.7,18.7,15.799999999999999,0.5,18.0,0.9,0.7,True,True,0.0
76,0.0,0.0,18.7,15.799999999999999,0.5,18.5,0.6,0.8,True,True,0.0
77,0.0,0.2,18.7,15.999999999999998,0.0,18.5,0.8,0.2,True,True,0.0
78,0.0,0.4,18.7,16.4,0.0,18.5,0.7,0.4,True,True,0.0
79,0.0,0.2,18.7,16.599999999999998,0.0,18.5,1.0,0.2,True,True,0.0
80,0.2,0.0,18.9,16.599999999999998,0.5,19.0,0.2,0.8,True,True,0.0
81,0.0,0.0,18.9,16.599999999999998,0.5,19.5,0.3,0.6,True,True,0.0
82,0.0,0.4,18.9,16.999999999999996,0.0,19.5,0.5,0.4,True,True,0.0
83,0.4,0.1,19.299999999999997,17.099999999999998,0.0,19.5,0.4,0.1,True,True,0.0
84,0.9,0.4,20.199999999999996,17.499999999999996,0.0,19.5,0.9,0.4,True,True,0.0
85,0.0,0.4,20.199999999999996,17.899999999999995,0.0,19.5,0.9,0.4,True,True,0.0
86,0.1,0.0,20.299999999999997,17.899999999999995,0.5,20.0,0.1,0.7,True,True,0.0
87,0.0,0.6,20.299999999999997,18.499999999999996,0.5,20.5,0.6,0.6,True,True,0.0
88,0.8,0.0,21.099999999999998,18.499999999999996,0.5,21.0,0.8,0.9,True,True,0.0
89,0.0,0.0,21.099999999999998,18.499999999999996,0.0,21.0,0.8,0.5,True,True,0.0
90,0.2,0.2,21.299999999999997,18.699999999999996,0.0,21.0,0.2,0.2,True,True,0.0
91,0.4,0.7,21.699999999999996,19.399999999999995,0.5,21.5,0.4,0.7,True,True,0.0
92,0.0,0.0,21.699999999999996,19.399999999999995,0.5,22.0,0.7,0.7,True,True,0.0
93,0.3,0.0,21.999999999999996,19.399999999999995,0.5,22.5,0.3,0.6,True,True,0.0
94,0.0,0.0,21.999999999999996,19.399999999999995,0.5,23.0,0.9,0.7,True,True,0.0
95,0.0,0.5,21.999999999999996,19.899999999999995,0.0,23.0,1.0,0.5,True,True,0.0
96,0.0,0.0,21.999999999999996,19.899999999999995,0.5,23.5,0.4,0.6,True,True,0.0
97,0.0,0.5,21.999999999999996,20.399999999999995,0.0,23.5,0.5,0.5,True,True,0.0
98,0.6,0.1,22.599999999999998,20.499999999999996,0.0,23.5,0.6,0.1,True,True,0.0
99,0.1,0.2,22.7,20.699999999999996,0.0,23.5,0.1,0.2,True,True,0.0
100,0.0,0.1,22.7,20.799999999999997,0.0,23.5,0.2,0.1,True,True,0.0
101,0.6,0.0,23.3,20.799999999999997,0.5,24.0,0.6,0.6,True,True,0.0
102,0.8,0.0,24.1,20.799999999999997,0.0,24.0,0.8,0.4,True,True,0.0
103,0.8,0.5,24.900000000000002,21.299999999999997,0.5,24.5,0.8,0.5,True,True,0.0
104,0.8,0.0,25.700000000000003,21.299999999999997,0.5,25.0,0.8,0.9,True,True,0.0
105,0.0,0.3,25.700000000000003,21.599999999999998,0.0,25.0,0.8,0.3,True,True,0.0
106,0.3,0.5,26.000000000000004,22.099999999999998,0.0,25.0,0.3,0.5,True,True,0.0
107,0.6,0.7,26.600000000000005,22.799999999999997,0.5,25.5,0.6,0.7,True,True,0.0
108,0.6,0.0,27.200000000000006,22.799999999999997,0.0,25.5,0.6,0.3,True,True,0.0
109,0.0,0.2,27.200000000000006,22.999999999999996,0.0,25.5,0.9,0.2,True,True,0.0
110,0.6,0.0,27.800000000000008,22.999999999999996,0.0,25.5,0.6,0.4,True,True,0.0
111,0.0,0.0,27.800000000000008,22.999999999999996,0.0,25.5,0.7,0.3,True,True,0.0
112,0.0,0.0,27.800000000000008,22.999999999999996,0.5,26.0,0.3,0.9,True,True,0.0
113,0.4,0.8,28.200000000000006,23.799999999999997,0.5,26.5,0.4,0.8,True,True,0.0
114,0.5,0.6,28.700000000000006,24.4,0.5,27.0,0.5,0.6,True,True,0.0
115,0.0,0.0,28.700000000000006,24.4,0.5,27.5,0.6,0.8,True,True,0.0
116,0.0,0.0,28.700000000000006,24.4,0.5,28.0,0.8,0.8,True,True,0.0
117,0.0,0.3,28.700000000000006,24.7,0.0,28.0,1.0,0.3,True,True,0.0
118,0.1,0.0,28.800000000000008,24.7,0.5,28.5,0.1,0.8,True,True,0.0
119,0.0,0.6,28.800000000000008,25.3,0.5,29.0,0.5,0.6,True,True,0.0
120,0.2,0.8,29.000000000000007,26.1,0.5,29.5,0.2,0.8,True,True,0.0
121,0.4,0.0,29.400000000000006,26.1,0.5,30.0,0.4,0.8,True,True,0.0
122,0.0,0.4,29.400000000000006,26.5,0.0,30.0,0.9,0.4,True,True,0.0
123,0.6,0.2,30.000000000000007,26.7,0.0,30.0,0.6,0.2,True,True,0.0
124,0.0,0.3,30.000000000000007,27.0,0.0,30.0,0.8,0.3,True,True,0.0
125,0.4,0.5,30.400000000000006,27.5,0.0,30.0,0.4,0.5,True,True,0.0
126,0.0,0.0,30.400000000000006,27.5,0.5,30.5,0.6,0.8,True,True,0.0
127,0.3,0.0,30.700000000000006,27.5,0.5,31.0,0.3,0.8,True,True,0.0
128,0.2,0.1,30.900000000000006,27.6,0.0,31.0,0.2,0.1,True,True,0.0
129,0.1,0.0,31.000000000000007,27.6,0.5,31.5,0.1,0.6,True,True,0.0
130,0.7,0.0,31.700000000000006,27.6,0.0,31.5,0.7,0.5,True,True,0.0
131,0.0,0.0,31.700000000000006,27.6,0.0,31.5,0.7,0.3,True,True,0.0
132,0.0,0.2,31.700000000000006,27.8,0.0,31.5,0.4,0.2,True,True,0.0
133,0.0,0.4,31.700000000000006,28.2,0.0,31.5,0.5,0.4,True,True,0.0
134,0.0,0.0,31.700000000000006,28.2,0.5,32.0,1.0,0.9,True,True,0.0
135,0.0,0.4,31.700000000000006,28.599999999999998,0.0,32.0,0.3,0.4,True,True,0.0
136,0.8,0.0,32.50000000000001,28.599999999999998,0.5,32.5,0.8,0.5,True,True,0.0
137,0.0,0.7,32.50000000000001,29.299999999999997,0.5,33.0,0.8,0.7,True,True,0.0
138,0.0,0.0,32.50000000000001,29.299999999999997,0.0,33.0,0.9,0.4,True,True,0.0
139,0.0,0.0,32.50000000000001,29.299999999999997,0.5,33.5,0.6,0.9,True,True,0.0
140,0.2,0.0,32.70000000000001,29.299999999999997,0.5,34.0,0.2,0.9,True,True,0.0
141,0.0,0.4,32.70000000000001,29.699999999999996,0.0,34.0,0.7,0.4,True,True,0.0
142,0.1,0.5,32.80000000000001,30.199999999999996,0.0,34.0,0.1,0.5,True,True,0.0
143,0.4,0.0,33.20000000000001,30.199999999999996,0.0,34.0,0.4,0.4,True,True,0.0
144,0.0,0.4,33.20000000000001,30.599999999999994,0.0,34.0,0.8,0.4,True,True,0.0
145,0.5,0.1,33.70000000000001,30.699999999999996,0.0,34.0,0.5,0.1,True,True,0.0
146,0.6,0.0,34.30000000000001,30.699999999999996,0.5,34.5,0.6,0.6,True,True,0.0
147,0.2,0.0,34.500000000000014,30.699999999999996,0.5,35.0,0.2,0.5,True,True,0.0
148,0.3,0.2,34.80000000000001,30.899999999999995,0.0,35.0,0.3,0.2,True,True,0.0
149,0.5,0.4,35.30000000000001,31.299999999999994,0.0,35.0,0.5,0.4,True,True,0.0
150,0.4,0.0,35.70000000000001,31.299999999999994,0.5,35.5,0.4,0.8,True,True,0.0
151,0.0,0.0,35.70000000000001,31.299999999999994,0.0,35.5,0.9,0.4,True,True,0.0
152,0.6,0.3,36.30000000000001,31.599999999999994,0.0,35.5,0.6,0.3,True,True,0.0
153,0.0,0.5,36.30000000000001,32.099999999999994,0.0,35.5,1.0,0.5,True,True,0.0
154,0.6,0.0,36.90000000000001,32.099999999999994,0.5,36.0,0.6,1.0,True,True,0.0
155,0.5,0.0,37.40000000000001,32.099999999999994,0.0,36.0,0.5,0.4,True,True,0.0
156,0.0,0.0,37.40000000000001,32.099999999999994,0.5,36.5,0.6,0.6,True,True,0.0
157,0.5,0.0,37.90000000000001,32.099999999999994,0.5,37.0,0.5,0.7,True,True,0.0
158,0.4,0.4,38.30000000000001,32.49999999999999,0.0,37.0,0.4,0.4,True,True,0.0
159,0.0,0.7,38.30000000000001,33.199999999999996,0.5,37.5,0.8,0.7,True,True,0.0
160,0.3,0.4,38.60000000000001,33.599999999999994,0.0,37.5,0.3,0.4,True,True,0.0
161,0.1,0.6,38.70000000000001,34.199999999999996,0.5,38.0,0.1,0.6,True,True,0.0
162,0.0,0.0,38.70000000000001,34.199999999999996,0.5,38.5,0.5,0.6,True,True,0.0
163,0.2,0.6,38.90000000000001,34.8,0.5,39.0,0.2,0.6,True,True,0.0
164,0.0,0.2,38.90000000000001,35.0,0.0,39.0,0.7,0.2,True,True,0.0
165,0.4,0.7,39.30000000000001,35.7,0.5,39.5,0.4,0.7,True,True,0.0
166,0.0,0.4,39.30000000000001,36.1,0.0,39.5,0.9,0.4,True,True,0.0
167,0.3,0.0,39.60000000000001,36.1,0.0,39.5,0.3,0.3,True,True,0.0
168,0.0,0.2,39.60000000000001,36.300000000000004,0.0,39.5,0.6,0.2,True,True,0.0
169,0.0,0.0,39.60000000000001,36.300000000000004,0.5,40.0,0.4,0.6,True,True,0.0
170,0.0,0.6,39.60000000000001,36.900000000000006,0.5,40.5,0.8,0.6,True,True,0.0
171,0.2,0.0,39.80000000000001,36.900000000000006,0.0,40.5,0.2,0.1,True,True,0.0
172,0.0,0.0,39.80000000000001,36.900000000000006,0.5,41.0,1.0,0.5,True,True,0.0
173,0.1,0.4,39.90000000000001,37.300000000000004,0.0,41.0,0.1,0.4,True,True,0.0
174,0.3,0.0,40.20000000000001,37.300000000000004,0.5,41.5,0.3,0.6,True,True,0.0
175,0.5,0.3,40.70000000000001,37.6,0.0,41.5,0.5,0.3,True,True,0.0
176,0.5,0.0,41.20000000000001,37.6,0.5,42.0,0.5,0.6,True,True,0.0
177,0.0,0.4,41.20000000000001,38.0,0.0,42.0,0.6,0.4,True,True,0.0
178,0.7,0.0,41.90000000000001,38.0,0.5,42.5,0.7,0.8,True,True,0.0
179,0.0,0.3,41.90000000000001,38.3,0.0,42.5,0.7,0.3,True,True,0.0
180,0.5,0.0,42.40000000000001,38.3,0.0,42.5,0.5,0.4,True,True,0.0
181,0.0,0.0,42.40000000000001,38.3,0.0,42.5,0.9,0.3,True,True,0.0
182,0.2,0.0,42.600000000000016,38.3,0.5,43.0,0.2,0.8,True,True,0.0
183,0.3,0.0,42.90000000000001,38.3,0.5,43.5,0.3,0.8,True,True,0.0
184,0.0,0.4,42.90000000000001,38.699999999999996,0.0,43.5,0.4,0.4,True,True,0.0
185,0.8,0.6,43.70000000000001,39.3,0.5,44.0,0.8,0.6,True,True,0.0
186,0.0,0.7,43.70000000000001,40.0,0.5,44.5,0.8,0.7,True,True,0.0
187,0.0,0.6,43.70000000000001,40.6,0.5,45.0,0.5,0.6,True,True,0.0
188,0.1,0.6,43.80000000000001,41.2,0.5,45.5,0.1,0.6,True,True,0.0
189,0.3,0.4,44.10000000000001,41.6,0.0,45.5,0.3,0.4,True,True,0.0
190,0.0,0.2,44.10000000000001,41.800000000000004,0.0,45.5,0.6,0.2,True,True,0.0
191,0.0,0.8,44.10000000000001,42.6,0.5,46.0,1.0,0.8,True,True,0.0
192,0.0,0.0,44.10000000000001,42.6,0.5,46.5,0.7,0.8,True,True,0.0
193,0.2,0.0,44.30000000000001,42.6,0.5,47.0,0.2,0.6,True,True,0.0
194,0.0,0.0,44.30000000000001,42.6,0.0,47.0,0.8,0.4,True,True,0.0
195,0.3,0.4,44.60000000000001,43.0,0.0,47.0,0.3,0.4,True,True,0.0
196,0.4,0.0,45.00000000000001,43.0,0.5,47.5,0.4,0.7,True,True,0.0
197,0.9,0.8,45.900000000000006,43.8,0.5,48.0,0.9,0.8,True,True,0.0
198,0.0,0.0,45.900000000000006,43.8,0.5,48.5,0.9,0.8,True,True,0.0
199,0.0,0.0,45.900000000000006,43.8,0.5,49.0,0.5,0.7,True,True,0.0
200,0.6,0.6,46.50000000000001,44.4,0.5,49.5,0.6,0.6,True,True,0.0
201,0.0,0.0,46.50000000000001,44.4,0.0,49.5,0.4,0.2,True,True,0.0
202,0.0,0.3,46.50000000000001,44.699999999999996,0.0,49.5,0.2,0.3,True,True,0.0
203,0.0,0.0,46.50000000000001,44.699999999999996,0.5,50.0,0.6,0.8,True,True,0.0
204,0.1,0.6,46.60000000000001,45.3,0.5,50.5,0.1,0.6,True,True,0.0
205,0.3,0.1,46.900000000000006,45.4,0.0,50.5,0.3,0.1,True,True,0.0
206,0.0,0.0,46.900000000000006,45.4,0.0,50.5,0.9,0.3,True,True,0.0
207,0.0,0.6,46.900000000000006,46.0,0.5,51.0,0.8,0.6,True,True,0.0
208,0.0,0.1,46.900000000000006,46.1,0.0,51.0,0.7,0.1,True,True,0.0
209,0.0,0.3,46.900000000000006,46.4,0.0,51.0,1.0,0.3,True,True,0.0
210,0.0,0.6,46.900000000000006,47.0,0.5,51.5,0.5,0.6,True,True,0.0
211,0.3,0.6,47.2,47.6,0.5,52.0,0.3,0.6,True,True,0.0
212,0.0,0.0,47.2,47.6,0.5,52.5,0.6,0.6,True,True,0.0
213,0.4,0.4,47.6,48.0,0.0,52.5,0.4,0.4,True,True,0.0
214,0.0,0.6,47.6,48.6,0.5,53.0,0.8,0.6,True,True,0.0
215,0.1,0.0,47.7,48.6,0.0,53.0,0.1,0.4,True,True,0.0
216,0.0,0.4,47.7,49.0,0.0,53.0,0.3,0.4,True,True,0.0
217,0.2,0.0,47.900000000000006,49.0,0.5,53.5,0.2,0.7,True,True,0.0
218,0.0,0.6,47.900000000000006,49.6,0.5,54.0,0.9,0.6,True,True,0.0
219,0.0,0.0,47.900000000000006,49.6,0.5,54.5,0.4,0.7,True,True,0.0
220,0.5,0.6,48.400000000000006,50.2,0.5,55.0,0.5,0.6,True,True,0.0
221,0.0,0.0,48.400000000000006,50.2,0.5,55.5,0.7,0.6,True,True,0.0
222,0.0,0.0,48.400000000000006,50.2,0.0,55.5,0.6,0.3,True,True,0.0
223,0.5,0.0,48.900000000000006,50.2,0.0,55.5,0.5,0.5,True,True,0.0
224,0.2,0.0,49.10000000000001,50.2,0.0,55.5,0.2,0.4,True,True,0.0
225,0.5,0.4,49.60000000000001,50.6,0.0,55.5,0.5,0.4,True,True,0.0
226,0.0,0.0,49.60000000000001,50.6,0.5,56.0,0.8,0.9,True,True,0.0
227,0.0,0.5,49.60000000000001,51.1,0.0,56.0,1.0,0.5,True,True,0.0
228,0.5,0.0,50.10000000000001,51.1,0.5,56.5,0.5,0.8,True,True,0.0
229,0.1,0.0,50.20000000000001,51.1,0.5,57.0,0.1,0.6,True,True,0.0
230,0.3,0.7,50.50000000000001,51.800000000000004,0.5,57.5,0.3,0.7,True,True,0.0
231,0.0,0.0,50.50000000000001,51.800000000000004,0.5,58.0,0.5,0.6,True,True,0.0
232,0.0,0.6,50.50000000000001,52.400000000000006,0.5,58.5,0.9,0.6,True,True,0.0
233,0.0,0.6,50.50000000000001,53.00000000000001,0.0,58.5,0.4,0.6,True,True,0.0
234,0.6,0.4,51.10000000000001,53.400000000000006,0.0,58.5,0.6,0.4,True,True,0.0
235,0.0,0.0,51.10000000000001,53.400000000000006,0.5,59.0,0.6,0.6,True,True,0.0
236,0.2,0.4,51.30000000000001,53.800000000000004,0.0,59.0,0.2,0.4,True,True,0.0
237,0.3,0.1,51.60000000000001,53.900000000000006,0.0,59.0,0.3,0.1,True,True,0.0
238,0.8,0.0,52.400000000000006,53.900000000000006,0.5,59.5,0.8,0.6,True,True,0.0
239,0.0,0.0,52.400000000000006,53.900000000000006,0.0,59.5,0.8,0.4,True,True,0.0
240,0.7,0.0,53.10000000000001,53.900000000000006,0.5,60.0,0.7,0.8,True,True,0.0
241,0.7,0.0,53.80000000000001,53.900000000000006,0.5,60.5,0.7,0.8,True,True,0.0
242,0.7,0.0,54.500000000000014,53.900000000000006,0.5,61.0,0.7,0.8,True,True,0.0
243,0.7,0.5,55.20000000000002,54.400000000000006,0.0,61.0,0.7,0.5,True,True,0.0
244,0.7,0.1,55.90000000000002,54.50000000000001,0.0,61.0,0.7,0.1,True,True,0.0
245,0.0,0.0,55.90000000000002,54.50000000000001,0.5,61.5,0.7,0.8,True,True,0.0
246,0.0,0.0,55.90000000000002,54.50000000000001,0.0,61.5,0.7,0.5,True,True,0.0
247,0.0,0.0,55.90000000000002,54.50000000000001,0.5,62.0,0.1,0.9,True,True,0.0
248,0.3,0.0,56.20000000000002,54.50000000000001,0.5,62.5,0.3,0.9,True,True,0.0
249,0.5,0.0,56.70000000000002,54.50000000000001,0.5,63.0,0.5,0.7,True,True,0.0
250,0.2,0.0,56.90000000000002,54.50000000000001,0.0,63.0,0.2,0.4,True,True,0.0
251,0.0,0.5,56.90000000000002,55.00000000000001,0.0,63.0,0.5,0.5,True,True,0.0
252,0.0,0.0,56.90000000000002,55.00000000000001,0.5,63.5,0.4,0.7,True,True,0.0
253,0.0,0.4,56.90000000000002,55.400000000000006,0.0,63.5,0.7,0.4,True,True,0.0
254,0.0,0.4,56.90000000000002,55.800000000000004,0.0,63.5,0.9,0.4,True,True,0.0
255,0.0,0.0,56.90000000000002,55.800000000000004,0.5,64.0,1.0,0.6,True,True,0.0
256,0.0,0.0,56.90000000000002,55.800000000000004,0.5,64.5,0.6,0.8,True,True,0.0
257,0.0,0.0,56.90000000000002,55.800000000000004,0.5,65.0,0.8,0.6,True,True,0.0
258,0.0,0.0,56.90000000000002,55.800000000000004,0.5,65.5,0.3,0.6,True,True,0.0
259,0.2,0.3,57.10000000000002,56.1,0.0,65.5,0.2,0.3,True,True,0.0
260,0.0,0.6,57.10000000000002,56.7,0.5,66.0,0.5,0.6,True,True,0.0
261,0.6,0.0,57.700000000000024,56.7,0.5,66.5,0.6,1.0,True,True,0.0
262,0.0,0.3,57.700000000000024,57.0,0.0,66.5,0.6,0.3,True,True,0.0
263,0.0,0.0,57.700000000000024,57.0,0.5,67.0,0.8,0.6,True,True,0.0
264,0.0,0.0,57.700000000000024,57.0,0.5,67.5,0.1,0.7,True,True,0.0
265,0.0,0.6,57.700000000000024,57.6,0.5,68.0,0.4,0.6,True,True,0.0
266,0.0,0.0,57.700000000000024,57.6,0.5,68.5,0.7,0.6,True,True,0.0
267,0.0,0.6,57.700000000000024,58.2,0.5,69.0,0.9,0.6,True,True,0.0
268,0.3,0.0,58.00000000000002,58.2,0.0,69.0,0.3,0.5,True,True,0.0
269,0.2,0.4,58.200000000000024,58.6,0.0,69.0,0.2,0.4,True,True,0.0
270,0.0,0.0,58.200000000000024,58.6,0.5,69.5,1.0,0.7,True,True,0.0
271,0.3,0.0,58.50000000000002,58.6,0.5,70.0,0.3,0.7,True,True,0.0
272,0.6,0.0,59.10000000000002,58.6,0.5,70.5,0.6,0.7,True,True,0.0
273,0.0,0.0,59.10000000000002,58.6,0.5,71.0,0.6,0.8,True,True,0.0
274,0.0,0.6,59.10000000000002,59.2,0.5,71.5,0.5,0.6,True,True,0.0
275,0.0,0.6,59.10000000000002,59.800000000000004,0.5,72.0,0.8,0.6,True,True,0.0
276,0.2,0.7,59.300000000000026,60.50000000000001,0.5,72.5,0.2,0.7,True,True,0.0
277,0.4,0.0,59.700000000000024,60.50000000000001,0.5,73.0,0.4,0.6,True,True,0.0
278,0.0,0.6,59.700000000000024,61.10000000000001,0.5,73.5,0.7,0.6,True,True,0.0
279,0.3,0.0,60.00000000000002,61.10000000000001,0.5,74.0,0.3,0.7,True,True,0.0
280,0.0,0.0,60.00000000000002,61.10000000000001,0.5,74.5,0.9,0.7,True,True,0.0
281,0.1,0.0,60.10000000000002,61.10000000000001,0.0,74.5,0.1,0.4,True,True,0.0
282,0.4,0.0,60.50000000000002,61.10000000000001,0.0,74.5,0.4,0.5,True,True,0.0
283,0.0,0.0,60.50000000000002,61.10000000000001,0.0,74.5,0.6,0.3,True,True,0.0
284,0.3,0.0,60.80000000000002,61.10000000000001,0.5,75.0,0.3,0.6,True,True,0.0
285,0.4,0.2,61.20000000000002,61.30000000000001,0.0,75.0,0.4,0.2,True,True,0.0
286,0.0,0.5,61.20000000000002,61.80000000000001,0.0,75.0,0.2,0.5,True,True,0.0
287,0.0,0.0,61.20000000000002,61.80000000000001,0.5,75.5,0.5,0.6,True,True,0.0
288,0.0,0.4,61.20000000000002,62.20000000000001,0.0,75.5,0.8,0.4,True,True,0.0
289,0.0,0.0,61.20000000000002,62.20000000000001,0.5,76.0,1.0,0.6,True,True,0.0
290,0.0,0.2,61.20000000000002,62.40000000000001,0.0,76.0,0.4,0.2,True,True,0.0
291,0.0,0.2,61.20000000000002,62.600000000000016,0.0,76.0,0.3,0.2,True,True,0.0
292,0.0,0.0,61.20000000000002,62.600000000000016,0.5,76.5,0.7,0.7,True,True,0.0
293,0.0,0.5,61.20000000000002,63.100000000000016,0.0,76.5,0.9,0.5,True,True,0.0
294,0.1,0.0,61.30000000000002,63.100000000000016,0.0,76.5,0.1,0.3,True,True,0.0
295,0.0,0.0,61.30000000000002,63.100000000000016,0.5,77.0,0.6,0.6,True,True,0.0
296,0.0,0.0,61.30000000000002,63.100000000000016,0.5,77.5,0.8,0.6,True,True,0.0
297,0.0,0.0,61.30000000000002,63.100000000000016,0.0,77.5,0.5,0.4,True,True,0.0
298,0.2,0.0,61.50000000000002,63.100000000000016,0.5,78.0,0.2,0.6,True,True,0.0
299,0.4,0.3,61.90000000000002,63.40000000000001,0.0,78.0,0.4,0.3,True,True,0.0
300,0.0,0.2,61.90000000000002,63.600000000000016,0.0,78.0,0.3,0.2,True,True,0.0
301,0.4,0.0,62.30000000000002,63.600000000000016,0.5,78.5,0.4,0.6,True,True,0.0
302,0.0,0.0,62.30000000000002,63.600000000000016,0.5,79.0,0.7,0.6,True,True,0.0
303,0.0,0.0,62.30000000000002,63.600000000000016,0.5,79.5,0.6,0.6,True,True,0.0
304,0.0,0.6,62.30000000000002,64.20000000000002,0.5,80.0,1.0,0.6,True,True,0.0
305,0.4,0.0,62.70000000000002,64.20000000000002,0.5,80.5,0.4,0.9,True,True,0.0
306,0.1,0.0,62.80000000000002,64.20000000000002,0.5,81.0,0.1,0.6,True,True,0.0
307,0.2,0.4,63.00000000000002,64.60000000000002,0.0,81.0,0.2,0.4,True,True,0.0
308,0.0,0.0,63.00000000000002,64.60000000000002,0.5,81.5,0.9,0.6,True,True,0.0
309,0.8,0.0,63.80000000000002,64.60000000000002,0.0,81.5,0.8,0.4,True,True,0.0
310,0.0,0.5,63.80000000000002,65.10000000000002,0.0,81.5,0.8,0.5,True,True,0.0
311,0.4,0.3,64.20000000000002,65.40000000000002,0.0,81.5,0.4,0.3,True,True,0.0
312,0.5,0.2,64.70000000000002,65.60000000000002,0.0,81.5,0.5,0.2,True,True,0.0
313,0.5,0.0,65.20000000000002,65.60000000000002,0.5,82.0,0.5,0.8,True,True,0.0
314,0.0,0.7,65.20000000000002,66.30000000000003,0.5,82.5,0.5,0.7,True,True,0.0
315,0.4,0.0,65.60000000000002,66.30000000000003,0.5,83.0,0.4,0.6,True,True,0.0
316,0.3,0.0,65.90000000000002,66.30000000000003,0.0,83.0,0.3,0.5,True,True,0.0
317,0.0,0.0,65.90000000000002,66.30000000000003,0.0,83.0,0.8,0.4,True,True,0.0
318,0.0,0.3,65.90000000000002,66.60000000000002,0.0,83.0,0.4,0.3,True,True,0.0
319,0.0,0.4,65.90000000000002,67.00000000000003,0.0,83.0,0.2,0.4,True,True,0.0
320,0.0,0.6,65.90000000000002,67.60000000000002,0.5,83.5,0.6,0.6,True,True,0.0
321,0.0,0.6,65.90000000000002,68.20000000000002,0.5,84.0,0.7,0.6,True,True,0.0
322,0.1,0.6,66.00000000000001,68.80000000000001,0.5,84.5,0.1,0.6,True,True,0.0
323,0.0,0.0,66.00000000000001,68.80000000000001,0.0,84.5,0.3,0.4,True,True,0.0
324,0.9,0.8,66.90000000000002,69.60000000000001,0.5,85.0,0.9,0.8,True,True,0.0
325,0.0,0.6,66.90000000000002,70.2,0.5,85.5,0.9,0.6,True,True,0.0
326,0.0,0.6,66.90000000000002,70.8,0.5,86.0,0.5,0.6,True,True,0.0
327,0.0,0.0,66.90000000000002,70.8,0.5,86.5,1.0,0.6,True,True,0.0
328,0.0,0.5,66.90000000000002,71.3,0.0,86.5,0.9,0.5,True,True,0.0
329,0.0,0.0,66.90000000000002,71.3,0.0,86.5,0.8,0.4,True,True,0.0
330,0.0,0.0,66.90000000000002,71.3,0.0,86.5,0.6,0.5,True,True,0.0
331,0.4,0.0,67.30000000000003,71.3,0.5,87.0,0.4,0.6,True,True,0.0
332,0.2,0.1,67.50000000000003,71.39999999999999,0.0,87.0,0.2,0.1,True,True,0.0
333,0.4,0.3,67.90000000000003,71.69999999999999,0.0,87.0,0.4,0.3,True,True,0.0
334,0.1,0.0,68.00000000000003,71.69999999999999,0.0,87.0,0.1,0.2,True,True,0.0
335,0.3,0.2,68.30000000000003,71.89999999999999,0.0,87.0,0.3,0.2,True,True,0.0
336,0.0,0.0,68.30000000000003,71.89999999999999,0.5,87.5,0.7,0.7,True,True,0.0
337,0.4,0.0,68.70000000000003,71.89999999999999,0.5,88.0,0.4,0.6,True,True,0.0
338,0.0,0.0,68.70000000000003,71.89999999999999,0.0,88.0,0.5,0.5,True,True,0.0
339,0.0,0.3,68.70000000000003,72.19999999999999,0.0,88.0,0.4,0.3,True,True,0.0
340,0.0,0.5,68.70000000000003,72.69999999999999,0.0,88.0,0.3,0.5,True,True,0.0
341,0.0,0.0,68.70000000000003,72.69999999999999,0.0,88.0,0.6,0.5,True,True,0.0
342,0.2,0.0,68.90000000000003,72.69999999999999,0.0,88.0,0.2,0.4,True,True,0.0
343,0.0,0.0,68.90000000000003,72.69999999999999,0.0,88.0,0.9,0.5,True,True,0.0
344,0.0,0.5,68.90000000000003,73.19999999999999,0.0,88.0,0.8,0.5,True,True,0.0
345,0.0,0.6,68.90000000000003,73.79999999999998,0.5,88.5,1.0,0.6,True,True,0.0
346,0.1,0.6,69.00000000000003,74.39999999999998,0.5,89.0,0.1,0.6,True,True,0.0
347,0.2,0.2,69.20000000000003,74.59999999999998,0.0,89.0,0.2,0.2,True,True,0.0
348,0.7,0.5,69.90000000000003,75.09999999999998,0.0,89.0,0.7,0.5,True,True,0.0
349,0.0,0.0,69.90000000000003,75.09999999999998,0.5,89.5,0.7,0.6,True,True,0.0
350,0.5,0.5,70.40000000000003,75.59999999999998,0.5,90.0,0.5,0.5,True,True,0.0
351,0.4,0.7,70.80000000000004,76.29999999999998,0.5,90.5,0.4,0.7,True,True,0.0
352,0.0,0.6,70.80000000000004,76.89999999999998,0.5,91.0,0.5,0.6,True,True,0.0
353,0.6,0.4,71.40000000000003,77.29999999999998,0.0,91.0,0.6,0.4,True,True,0.0
354,0.0,0.3,71.40000000000003,77.59999999999998,0.0,91.0,0.6,0.3,True,True,0.0
355,0.3,0.0,71.70000000000003,77.59999999999998,0.5,91.5,0.3,0.6,True,True,0.0
356,0.4,0.2,72.10000000000004,77.79999999999998,0.0,91.5,0.4,0.2,True,True,0.0
357,0.0,0.0,72.10000000000004,77.79999999999998,0.5,92.0,0.8,0.6,True,True,0.0
358,0.0,0.0,72.10000000000004,77.79999999999998,0.5,92.5,0.9,0.8,True,True,0.0
359,0.4,0.0,72.50000000000004,77.79999999999998,0.5,93.0,0.4,0.6,True,True,0.0
360,0.7,0.0,73.20000000000005,77.79999999999998,0.0,93.0,0.7,0.5,True,True,0.0
361,0.0,0.0,73.20000000000005,77.79999999999998,0.5,93.5,0.7,0.6,True,True,0.0
362,0.2,0.0,73.40000000000005,77.79999999999998,0.0,93.5,0.2,0.5,True,True,0.0
363,0.3,0.0,73.70000000000005,77.79999999999998,0.5,94.0,0.3,0.6,True,True,0.0
364,0.4,0.0,74.10000000000005,77.79999999999998,0.5,94.5,0.4,0.8,True,True,0.0
365,0.1,0.0,74.20000000000005,77.79999999999998,0.0,94.5,0.1,0.5,True,True,0.0
366,0.4,0.0,74.60000000000005,77.79999999999998,0.5,95.0,0.4,0.8,True,True,0.0
367,0.6,0.0,75.20000000000005,77.79999999999998,0.5,95.5,0.6,0.7,True,True,0.0
368,0.0,0.0,75.20000000000005,77.79999999999998,0.0,95.5,0.6,0.4,True,True,0.0
369,0.0,0.2,75.20000000000005,77.99999999999999,0.0,95.5,1.0,0.2,True,True,0.0
370,0.3,0.3,75.50000000000004,78.29999999999998,0.0,95.5,0.3,0.3,True,True,0.0
371,0.0,0.1,75.50000000000004,78.39999999999998,0.0,95.5,0.5,0.1,True,True,0.0
372,0.4,0.3,75.90000000000005,78.69999999999997,0.0,95.5,0.4,0.3,True,True,0.0
373,0.0,0.0,75.90000000000005,78.69999999999997,0.5,96.0,0.7,0.6,True,True,0.0
374,0.2,0.2,76.10000000000005,78.89999999999998,0.0,96.0,0.2,0.2,True,True,0.0
375,0.8,0.0,76.90000000000005,78.89999999999998,0.0,96.0,0.8,0.4,True,True,0.0
376,0.0,0.0,76.90000000000005,78.89999999999998,0.5,96.5,0.8,0.7,True,True,0.0
377,0.4,0.2,77.30000000000005,79.09999999999998,0.0,96.5,0.4,0.2,True,True,0.0
378,0.3,0.0,77.60000000000005,79.09999999999998,0.5,97.0,0.3,0.6,True,True,0.0
379,0.4,0.4,78.00000000000006,79.49999999999999,0.0,97.0,0.4,0.4,True,True,0.0
380,0.0,0.3,78.00000000000006,79.79999999999998,0.0,97.0,0.9,0.3,True,True,0.0
381,0.0,0.6,78.00000000000006,80.39999999999998,0.5,97.5,0.8,0.6,True,True,0.0
382,0.4,0.6,78.40000000000006,80.99999999999997,0.5,98.0,0.4,0.6,True,True,0.0
383,0.0,0.0,78.40000000000006,80.99999999999997,0.5,98.5,0.6,0.7,True,True,0.0
384,0.1,0.0,78.50000000000006,80.99999999999997,0.5,99.0,0.1,0.6,True,True,0.0
385,0.3,0.0,78.80000000000005,80.99999999999997,0.5,99.5,0.3,0.6,True,True,0.0
386,0.2,0.0,79.00000000000006,80.99999999999997,0.0,99.5,0.2,0.4,True,True,0.0
387,0.0,0.3,79.00000000000006,81.29999999999997,0.0,99.5,0.4,0.3,True,True,0.0
388,0.5,0.6,79.50000000000006,81.89999999999996,0.5,100.0,0.5,0.6,True,True,0.0
389,0.0,0.6,79.50000000000006,82.49999999999996,0.5,100.5,0.5,0.6,True,True,0.0
390,0.0,0.0,79.50000000000006,82.49999999999996,0.5,101.0,0.7,1.0,True,True,0.0
391,0.0,0.0,79.50000000000006,82.49999999999996,0.0,101.0,0.3,0.5,True,True,0.0
392,0.0,0.0,79.50000000000006,82.49999999999996,0.0,101.0,1.0,0.5,True,True,0.0
393,0.2,0.0,79.70000000000006,82.49999999999996,0.5,101.5,0.2,0.6,True,True,0.0
394,0.0,0.4,79.70000000000006,82.89999999999996,0.0,101.5,0.8,0.4,True,True,0.0
395,0.6,0.0,80.30000000000005,82.89999999999996,0.5,102.0,0.6,0.8,True,True,0.0
396,0.0,0.0,80.30000000000005,82.89999999999996,0.5,102.5,0.6,0.7,True,True,0.0
397,0.0,0.0,80.30000000000005,82.89999999999996,0.0,102.5,0.9,0.5,True,True,0.0
398,0.4,0.6,80.70000000000006,83.49999999999996,0.5,103.0,0.4,0.6,True,True,0.0
399,0.1,0.6,80.80000000000005,84.09999999999995,0.5,103.5,0.1,0.6,True,True,0.0
400,0.0,0.3,80.80000000000005,84.39999999999995,0.0,103.5,0.5,0.3,True,True,0.0
401,0.0,0.0,80.80000000000005,84.39999999999995,0.5,104.0,0.4,0.7,True,True,0.0
402,0.0,0.0,80.80000000000005,84.39999999999995,0.5,104.5,0.2,0.5,True,True,0.0
403,0.3,0.0,81.10000000000005,84.39999999999995,0.5,105.0,0.3,0.6,True,True,0.0
404,0.0,0.4,81.10000000000005,84.79999999999995,0.0,105.0,0.7,0.4,True,True,0.0
405,0.0,0.0,81.10000000000005,84.79999999999995,0.5,105.5,0.6,0.7,True,True,0.0
406,0.8,0.0,81.90000000000005,84.79999999999995,0.0,105.5,0.8,0.5,True,True,0.0
407,0.8,0.1,82.70000000000005,84.89999999999995,0.0,105.5,0.8,0.1,True,True,0.0
408,0.0,0.7,82.70000000000005,85.59999999999995,0.5,106.0,0.8,0.7,True,True,0.0
409,0.8,0.3,83.50000000000004,85.89999999999995,0.0,106.0,0.8,0.3,True,True,0.0
410,0.0,0.4,83.50000000000004,86.29999999999995,0.0,106.0,0.8,0.4,True,True,0.0
411,0.0,0.0,83.50000000000004,86.29999999999995,0.5,106.5,0.3,0.8,True,True,0.0
412,0.0,0.0,83.50000000000004,86.29999999999995,0.5,107.0,0.8,0.8,True,True,0.0
413,0.0,0.0,83.50000000000004,86.29999999999995,0.5,107.5,0.1,0.6,True,True,0.0
414,0.0,0.0,83.50000000000004,86.29999999999995,0.5,108.0,0.9,0.6,True,True,0.0
415,0.4,0.5,83.90000000000005,86.79999999999995,0.0,108.0,0.4,0.5,True,True,0.0
416,0.0,0.0,83.90000000000005,86.79999999999995,0.0,108.0,1.0,0.4,True,True,0.0
417,0.0,0.0,83.90000000000005,86.79999999999995,0.0,108.0,0.5,0.4,True,True,0.0
418,0.4,0.0,84.30000000000005,86.79999999999995,0.5,108.5,0.4,0.6,True,True,0.0
419,0.6,0.0,84.90000000000005,86.79999999999995,0.5,109.0,0.6,0.6,True,True,0.0
420,0.0,0.0,84.90000000000005,86.79999999999995,0.5,109.5,0.6,0.6,True,True,0.0
421,0.4,0.0,85.30000000000005,86.79999999999995,0.5,110.0,0.4,0.6,True,True,0.0
422,0.0,0.3,85.30000000000005,87.09999999999995,0.0,110.0,0.2,0.3,True,True,0.0
423,0.0,0.0,85.30000000000005,87.09999999999995,0.0,110.0,0.7,0.5,True,True,0.0
424,0.4,0.2,85.70000000000006,87.29999999999995,0.0,110.0,0.4,0.2,True,True,0.0
425,0.3,0.6,86.00000000000006,87.89999999999995,0.5,110.5,0.3,0.6,True,True,0.0
426,0.0,0.0,86.00000000000006,87.89999999999995,0.0,110.5,0.4,0.5,True,True,0.0
427,0.8,0.7,86.80000000000005,88.59999999999995,0.5,111.0,0.8,0.7,True,True,0.0
428,0.0,0.0,86.80000000000005,88.59999999999995,0.0,111.0,0.8,0.4,True,True,0.0
429,0.8,0.3,87.60000000000005,88.89999999999995,0.0,111.0,0.8,0.3,True,True,0.0
430,0.0,0.3,87.60000000000005,89.19999999999995,0.0,111.0,0.8,0.3,True,True,0.0
431,0.0,0.6,87.60000000000005,89.79999999999994,0.5,111.5,0.6,0.6,True,True,0.0
432,0.3,0.6,87.90000000000005,90.39999999999993,0.5,112.0,0.3,0.6,True,True,0.0
433,0.5,0.0,88.40000000000005,90.39999999999993,0.0,112.0,0.5,0.3,True,True,0.0
434,0.0,0.3,88.40000000000005,90.69999999999993,0.0,112.0,0.5,0.3,True,True,0.0
435,0.0,0.0,88.40000000000005,90.69999999999993,0.5,112.5,0.9,0.6,True,True,0.0
436,0.1,0.3,88.50000000000004,90.99999999999993,0.0,112.5,0.1,0.3,True,True,0.0
437,0.0,0.0,88.50000000000004,90.99999999999993,0.5,113.0,0.8,0.6,True,True,0.0
438,0.0,0.0,88.50000000000004,90.99999999999993,0.5,113.5,0.3,0.6,True,True,0.0
439,0.2,0.0,88.70000000000005,90.99999999999993,0.0,113.5,0.2,0.3,True,True,0.0
440,0.0,0.3,88.70000000000005,91.29999999999993,0.0,113.5,1.0,0.3,True,True,0.0
441,0.0,0.0,88.70000000000005,91.29999999999993,0.5,114.0,0.4,1.0,True,True,0.0
442,0.0,0.5,88.70000000000005,91.79999999999993,0.0,114.0,0.7,0.5,True,True,0.0
443,0.0,0.5,88.70000000000005,92.29999999999993,0.0,114.0,0.6,0.5,True,True,0.0
444,0.5,0.0,89.20000000000005,92.29999999999993,0.5,114.5,0.5,0.6,True,True,0.0
445,0.0,0.0,89.20000000000005,92.29999999999993,0.5,115.0,0.5,0.8,True,True,0.0
446,0.2,0.0,89.40000000000005,92.29999999999993,0.5,115.5,0.2,1.0,True,True,0.0
447,0.1,0.0,89.50000000000004,92.29999999999993,0.5,116.0,0.1,0.6,True,True,0.0
448,0.8,0.0,90.30000000000004,92.29999999999993,0.0,116.0,0.8,0.5,True,True,0.0
449,0.0,0.3,90.30000000000004,92.59999999999992,0.0,116.0,0.8,0.3,True,True,0.0
450,0.0,0.0,90.30000000000004,92.59999999999992,0.5,116.5,0.9,0.6,True,True,0.0
451,0.3,0.6,90.60000000000004,93.19999999999992,0.5,117.0,0.3,0.6,True,True,0.0
452,0.4,0.5,91.00000000000004,93.69999999999992,0.0,117.0,0.4,0.5,True,True,0.0
453,0.4,0.0,91.40000000000005,93.69999999999992,0.5,117.5,0.4,0.7,True,True,0.0
454,0.0,0.3,91.40000000000005,93.99999999999991,0.0,117.5,0.8,0.3,True,True,0.0
455,0.2,0.0,91.60000000000005,93.99999999999991,0.0,117.5,0.2,0.5,True,True,0.0
456,0.0,0.1,91.60000000000005,94.09999999999991,0.0,117.5,0.7,0.1,True,True,0.0
457,0.4,0.5,92.00000000000006,94.59999999999991,0.0,117.5,0.4,0.5,True,True,0.0
458,0.0,0.2,92.00000000000006,94.79999999999991,0.0,117.5,0.3,0.2,True,True,0.0
459,0.6,0.3,92.60000000000005,95.09999999999991,0.0,117.5,0.6,0.3,True,True,0.0
460,0.0,0.3,92.60000000000005,95.3999999999999,0.0,117.5,0.6,0.3,True,True,0.0
461,0.5,0.6,93.10000000000005,95.9999999999999,0.5,118.0,0.5,0.6,True,True,0.0
462,0.0,0.6,93.10000000000005,96.5999999999999,0.5,118.5,0.5,0.6,True,True,0.0
463,0.4,0.0,93.50000000000006,96.5999999999999,0.5,119.0,0.4,0.6,True,True,0.0
464,0.0,0.0,93.50000000000006,96.5999999999999,0.5,119.5,1.0,0.8,True,True,0.0
465,0.0,0.0,93.50000000000006,96.5999999999999,0.0,119.5,0.4,0.5,True,True,0.0
466,0.1,0.0,93.60000000000005,96.5999999999999,0.0,119.5,0.1,0.4,True,True,0.0
467,0.2,0.0,93.80000000000005,96.5999999999999,0.5,120.0,0.2,0.7,True,True,0.0
468,0.8,0.4,94.60000000000005,96.9999999999999,0.0,120.0,0.8,0.4,True,True,0.0
469,0.0,0.0,94.60000000000005,96.9999999999999,0.5,120.5,0.8,0.8,True,True,0.0
470,0.0,0.1,94.60000000000005,97.0999999999999,0.0,120.5,0.9,0.1,True,True,0.0
471,0.6,0.9,95.20000000000005,97.9999999999999,0.5,121.0,0.6,0.9,True,True,0.0
472,0.6,0.2,95.80000000000004,98.1999999999999,0.0,121.0,0.6,0.2,True,True,0.0
473,0.0,0.7,95.80000000000004,98.8999999999999,0.5,121.5,0.6,0.7,True,True,0.0
474,0.3,0.5,96.10000000000004,99.3999999999999,0.5,122.0,0.3,0.5,True,True,0.0
475,0.0,0.0,96.10000000000004,99.3999999999999,0.5,122.5,0.8,1.0,True,True,0.0
476,0.5,0.0,96.60000000000004,99.3999999999999,0.0,122.5,0.5,0.3,True,True,0.0
477,0.5,0.6,97.10000000000004,99.9999999999999,0.5,123.0,0.5,0.6,True,True,0.0
478,0.5,0.0,97.60000000000004,99.9999999999999,0.5,123.5,0.5,0.9,True,True,0.0
479,0.0,0.5,97.60000000000004,100.4999999999999,0.5,124.0,0.5,0.5,True,True,0.0
480,0.7,0.0,98.30000000000004,100.4999999999999,0.5,124.5,0.7,0.6,True,True,0.0
481,0.0,0.6,98.30000000000004,101.0999999999999,0.5,125.0,0.7,0.6,True,True,0.0
482,0.2,0.5,98.50000000000004,101.5999999999999,0.0,125.0,0.2,0.5,True,True,0.0
483,0.0,0.0,98.50000000000004,101.5999999999999,0.5,125.5,0.4,0.6,True,True,0.0
484,0.0,0.0,98.50000000000004,101.5999999999999,0.5,126.0,0.6,0.6,True,True,0.0
485,0.3,0.7,98.80000000000004,102.2999999999999,0.5,126.5,0.3,0.7,True,True,0.0
486,0.1,0.2,98.90000000000003,102.4999999999999,0.0,126.5,0.1,0.2,True,True,0.0
487,0.0,0.4,98.90000000000003,102.8999999999999,0.0,126.5,0.7,0.4,True,True,0.0
488,0.3,0.0,99.20000000000003,102.8999999999999,0.5,127.0,0.3,0.8,True,True,0.0
489,0.0,0.0,99.20000000000003,102.8999999999999,0.5,127.5,1.0,0.7,True,True,0.0
490,0.2,0.0,99.40000000000003,102.8999999999999,0.0,127.5,0.2,0.5,True,True,0.0
491,0.0,0.0,99.40000000000003,102.8999999999999,0.5,128.0,0.5,0.6,True,True,0.0
492,0.0,0.4,99.40000000000003,103.29999999999991,0.0,128.0,0.8,0.4,True,True,0.0
493,0.0,0.3,99.40000000000003,103.59999999999991,0.0,128.0,0.9,0.3,True,True,0.0
494,0.3,0.5,99.70000000000003,104.09999999999991,0.0,128.0,0.3,0.5,True,True,0.0
495,0.4,0.4,100.10000000000004,104.49999999999991,0.0,128.0,0.4,0.4,True,True,0.0
496,0.6,0.0,100.70000000000003,104.49999999999991,0.5,128.5,0.6,0.6,True,True,0.0
497,0.0,0.3,100.70000000000003,104.79999999999991,0.0,128.5,0.6,0.3,True,True,0.0
498,0.0,0.9,100.70000000000003,105.69999999999992,0.5,129.0,0.4,0.9,True,True,0.0
499,0.3,0.0,101.00000000000003,105.69999999999992,0.5,129.5,0.3,1.0,True,True,0.0
500,0.2,0.6,101.20000000000003,106.29999999999991,0.5,130.0,0.2,0.6,True,True,0.0
501,0.1,0.5,101.30000000000003,106.79999999999991,0.5,130.5,0.1,0.5,True,True,0.0
502,0.0,0.4,101.30000000000003,107.19999999999992,0.0,130.5,0.7,0.4,True,True,0.0
503,0.3,0.6,101.60000000000002,107.79999999999991,0.5,131.0,0.3,0.6,True,True,0.0
504,0.0,0.0,101.60000000000002,107.79999999999991,0.5,131.5,0.8,0.6,True,True,0.0
505,0.0,0.0,101.60000000000002,107.79999999999991,0.0,131.5,0.6,0.3,True,True,0.0
506,0.5,0.7,102.10000000000002,108.49999999999991,0.5,132.0,0.5,0.7,True,True,0.0
507,0.5,0.0,102.60000000000002,108.49999999999991,0.5,132.5,0.5,0.6,True,True,0.0
508,0.5,0.8,103.10000000000002,109.29999999999991,0.5,133.0,0.5,0.8,True,True,0.0
509,0.5,0.6,103.60000000000002,109.8999999999999,0.5,133.5,0.5,0.6,True,True,0.0
510,0.5,0.0,104.10000000000002,109.8999999999999,0.5,134.0,0.5,0.6,True,True,0.0
511,0.5,0.5,104.60000000000002,110.3999999999999,0.0,134.0,0.5,0.5,True,True,0.0
512,0.5,0.0,105.10000000000002,110.3999999999999,0.5,134.5,0.5,0.8,True,True,0.0
513,0.0,0.0,105.10000000000002,110.3999999999999,0.5,135.0,0.5,0.7,True,True,0.0
514,0.0,0.2,105.10000000000002,110.59999999999991,0.0,135.0,0.2,0.2,True,True,0.0
515,0.0,0.2,105.10000000000002,110.79999999999991,0.0,135.0,0.4,0.2,True,True,0.0
516,0.3,0.0,105.40000000000002,110.79999999999991,0.0,135.0,0.3,0.5,True,True,0.0
517,0.0,0.0,105.40000000000002,110.79999999999991,0.5,135.5,0.9,0.6,True,True,0.0
518,0.0,0.0,105.40000000000002,110.79999999999991,0.5,136.0,1.0,1.0,True,True,0.0
519,0.5,0.3,105.90000000000002,111.09999999999991,0.0,136.0,0.5,0.3,True,True,0.0
520,0.0,0.6,105.90000000000002,111.6999999999999,0.5,136.5,0.5,0.6,True,True,0.0
521,0.3,0.0,106.20000000000002,111.6999999999999,0.0,136.5,0.3,0.5,True,True,0.0
522,0.1,0.0,106.30000000000001,111.6999999999999,0.5,137.0,0.1,0.9,True,True,0.0
523,0.0,0.0,106.30000000000001,111.6999999999999,0.5,137.5,0.8,0.7,True,True,0.0
524,0.0,0.7,106.30000000000001,112.3999999999999,0.5,138.0,0.6,0.7,True,True,0.0
525,0.0,0.0,106.30000000000001,112.3999999999999,0.0,138.0,0.3,0.5,True,True,0.0
526,0.0,0.0,106.30000000000001,112.3999999999999,0.0,138.0,0.7,0.5,True,True,0.0
527,0.0,0.4,106.30000000000001,112.79999999999991,0.0,138.0,0.4,0.4,True,True,0.0
528,0.5,0.0,106.80000000000001,112.79999999999991,0.0,138.0,0.5,0.2,True,True,0.0
529,0.5,0.7,107.30000000000001,113.49999999999991,0.5,138.5,0.5,0.7,True,True,0.0
530,0.0,0.0,107.30000000000001,113.49999999999991,0.5,139.0,0.5,0.7,True,True,0.0
531,0.2,0.0,107.50000000000001,113.49999999999991,0.5,139.5,0.2,1.0,True,True,0.0
532,0.0,0.0,107.50000000000001,113.49999999999991,0.5,140.0,0.9,1.0,True,True,0.0
533,0.1,0.0,107.60000000000001,113.49999999999991,0.5,140.5,0.1,0.6,True,True,0.0
534,0.0,0.6,107.60000000000001,114.09999999999991,0.5,141.0,0.8,0.6,True,True,0.0
535,0.0,0.8,107.60000000000001,114.8999999999999,0.5,141.5,0.6,0.8,True,True,0.0
536,0.0,0.7,107.60000000000001,115.59999999999991,0.5,142.0,0.3,0.7,True,True,0.0
537,0.2,0.0,107.80000000000001,115.59999999999991,0.0,142.0,0.2,0.4,True,True,0.0
538,0.0,0.5,107.80000000000001,116.09999999999991,0.0,142.0,1.0,0.5,True,True,0.0
539,0.4,0.3,108.20000000000002,116.3999999999999,0.0,142.0,0.4,0.3,True,True,0.0
540,0.5,0.0,108.70000000000002,116.3999999999999,0.5,142.5,0.5,0.8,True,True,0.0
541,0.0,0.6,108.70000000000002,116.9999999999999,0.5,143.0,0.5,0.6,True,True,0.0
542,0.0,0.4,108.70000000000002,117.3999999999999,0.0,143.0,0.7,0.4,True,True,0.0
543,0.0,0.6,108.70000000000002,117.9999999999999,0.5,143.5,0.4,0.6,True,True,0.0
544,0.2,0.0,108.90000000000002,117.9999999999999,0.5,144.0,0.2,0.6,True,True,0.0
545,0.1,0.0,109.00000000000001,117.9999999999999,0.0,144.0,0.1,0.5,True,True,0.0
546,0.8,0.0,109.80000000000001,117.9999999999999,0.0,144.0,0.8,0.3,True,True,0.0
547,0.0,0.0,109.80000000000001,117.9999999999999,0.5,144.5,0.8,0.6,True,True,0.0
548,0.0,0.0,109.80000000000001,117.9999999999999,0.5,145.0,0.6,0.6,True,True,0.0
549,0.0,0.0,109.80000000000001,117.9999999999999,0.5,145.5,0.9,0.6,True,True,0.0
550,0.3,0.0,110.10000000000001,117.9999999999999,0.5,146.0,0.3,0.6,True,True,0.0
551,0.5,0.0,110.60000000000001,117.9999999999999,0.5,146.5,0.5,0.7,True,True,0.0
552,0.5,0.6,111.10000000000001,118.5999999999999,0.5,147.0,0.5,0.6,True,True,0.0
553,0.5,0.6,111.60000000000001,119.19999999999989,0.5,147.5,0.5,0.6,True,True,0.0
554,0.0,0.0,111.60000000000001,119.19999999999989,0.5,148.0,0.5,0.7,True,True,0.0
555,0.0,0.5,111.60000000000001,119.69999999999989,0.0,148.0,0.8,0.5,True,True,0.0
556,0.4,0.3,112.00000000000001,119.99999999999989,0.0,148.0,0.4,0.3,True,True,0.0
557,0.2,0.2,112.20000000000002,120.19999999999989,0.0,148.0,0.2,0.2,True,True,0.0
558,0.4,0.0,112.60000000000002,120.19999999999989,0.5,148.5,0.4,0.6,True,True,0.0
559,0.3,0.0,112.90000000000002,120.19999999999989,0.5,149.0,0.3,0.6,True,True,0.0
560,0.0,0.6,112.90000000000002,120.79999999999988,0.5,149.5,0.4,0.6,True,True,0.0
561,0.0,0.4,112.90000000000002,121.19999999999989,0.0,149.5,0.7,0.4,True,True,0.0
562,0.0,0.0,112.90000000000002,121.19999999999989,0.0,149.5,1.0,0.3,True,True,0.0
563,0.0,0.0,112.90000000000002,121.19999999999989,0.0,149.5,0.3,0.1,True,True,0.0
564,0.6,0.0,113.50000000000001,121.19999999999989,0.0,149.5,0.6,0.5,True,True,0.0
565,0.0,0.0,113.50000000000001,121.19999999999989,0.5,150.0,0.6,0.6,True,True,0.0
566,0.5,0.0,114.00000000000001,121.19999999999989,0.0,150.0,0.5,0.5,True,True,0.0
567,0.0,0.0,114.00000000000001,121.19999999999989,0.0,150.0,0.5,0.5,True,True,0.0
568,0.1,0.7,114.10000000000001,121.89999999999989,0.5,150.5,0.1,0.7,True,True,0.0
569,0.2,0.5,114.30000000000001,122.39999999999989,0.0,150.5,0.2,0.5,True,True,0.0
570,0.0,0.0,114.30000000000001,122.39999999999989,0.5,151.0,0.8,0.6,True,True,0.0
571,0.0,0.6,114.30000000000001,122.99999999999989,0.5,151.5,0.9,0.6,True,True,0.0
572,0.4,0.0,114.70000000000002,122.99999999999989,0.0,151.5,0.4,0.5,True,True,0.0
573,0.6,0.0,115.30000000000001,122.99999999999989,0.5,152.0,0.6,0.6,True,True,0.0
574,0.0,0.0,115.30000000000001,122.99999999999989,0.5,152.5,0.6,0.7,True,True,0.0
575,0.0,0.0,115.30000000000001,122.99999999999989,0.5,153.0,0.4,0.8,True,True,0.0
576,0.0,0.3,115.30000000000001,123.29999999999988,0.0,153.0,0.2,0.3,True,True,0.0
577,0.5,0.0,115.80000000000001,123.29999999999988,0.5,153.5,0.5,0.8,True,True,0.0
578,0.5,0.0,116.30000000000001,123.29999999999988,0.0,153.5,0.5,0.6,True,True,0.0
579,0.5,0.4,116.80000000000001,123.69999999999989,0.0,153.5,0.5,0.4,True,True,0.0
580,0.0,0.0,116.80000000000001,123.69999999999989,0.0,153.5,0.5,0.5,True,True,0.0
581,0.0,0.0,116.80000000000001,123.69999999999989,0.5,154.0,0.7,0.9,True,True,0.0
582,0.3,0.0,117.10000000000001,123.69999999999989,0.0,154.0,0.3,0.6,True,True,0.0
583,0.1,0.0,117.2,123.69999999999989,0.0,154.0,0.1,0.5,True,True,0.0
584,0.8,0.0,118.0,123.69999999999989,0.5,154.5,0.8,0.6,True,True,0.0
585,0.0,0.4,118.0,124.0999999999999,0.0,154.5,0.8,0.4,True,True,0.0
586,0.6,0.0,118.6,124.0999999999999,0.0,154.5,0.6,0.3,True,True,0.0
587,0.0,0.3,118.6,124.39999999999989,0.0,154.5,0.6,0.3,True,True,0.0
588,0.3,0.0,118.89999999999999,124.39999999999989,0.0,154.5,0.3,0.3,True,True,0.0
589,0.0,0.3,118.89999999999999,124.69999999999989,0.0,154.5,0.8,0.3,True,True,0.0
590,0.0,0.3,118.89999999999999,124.99999999999989,0.0,154.5,1.0,0.3,True,True,0.0
591,0.5,0.6,119.39999999999999,125.59999999999988,0.5,155.0,0.5,0.6,True,True,0.0
592,0.0,0.4,119.39999999999999,125.99999999999989,0.0,155.0,0.5,0.4,True,True,0.0
593,0.0,0.5,119.39999999999999,126.49999999999989,0.0,155.0,0.3,0.5,True,True,0.0
594,0.4,0.0,119.8,126.49999999999989,0.5,155.5,0.4,0.7,True,True,0.0
595,0.4,0.5,120.2,126.99999999999989,0.0,155.5,0.4,0.5,True,True,0.0
596,0.0,0.0,120.2,126.99999999999989,0.5,156.0,0.9,0.6,True,True,0.0
597,0.0,0.4,120.2,127.39999999999989,0.0,156.0,0.4,0.4,True,True,0.0
598,0.0,0.0,120.2,127.39999999999989,0.0,156.0,0.2,0.4,True,True,0.0
599,0.6,0.0,120.8,127.39999999999989,0.0,156.0,0.6,0.2,True,True,0.0
600,0.0,0.4,120.8,127.7999999999999,0.0,156.0,0.6,0.4,True,True,0.0
601,0.1,0.0,120.89999999999999,127.7999999999999,0.0,156.0,0.1,0.4,True,True,0.0
602,0.0,0.4,120.89999999999999,128.1999999999999,0.0,156.0,0.7,0.4,True,True,0.0
603,0.0,0.3,120.89999999999999,128.49999999999991,0.0,156.0,0.5,0.3,True,True,0.0
604,0.0,0.0,120.89999999999999,128.49999999999991,0.0,156.0,0.8,0.3,True,True,0.0
605,0.0,0.5,120.89999999999999,128.99999999999991,0.0,156.0,0.6,0.5,True,True,0.0
606,0.0,0.0,120.89999999999999,128.99999999999991,0.0,156.0,0.3,0.4,True,True,0.0
607,0.4,0.0,121.3,128.99999999999991,0.0,156.0,0.4,0.5,True,True,0.0
608,0.0,0.5,121.3,129.49999999999991,0.5,156.5,0.4,0.5,True,True,0.0
609,0.2,0.0,121.5,129.49999999999991,0.5,157.0,0.2,0.6,True,True,0.0
610,0.0,0.2,121.5,129.6999999999999,0.0,157.0,0.9,0.2,True,True,0.0
611,0.0,0.0,121.5,129.6999999999999,0.5,157.5,1.0,0.6,True,True,0.0
612,0.1,0.0,121.6,129.6999999999999,0.5,158.0,0.1,0.6,True,True,0.0
613,0.0,0.3,121.6,129.99999999999991,0.0,158.0,0.5,0.3,True,True,0.0
614,0.0,0.0,121.6,129.99999999999991,0.5,158.5,0.8,0.7,True,True,0.0
615,0.0,0.0,121.6,129.99999999999991,0.5,159.0,0.7,0.7,True,True,0.0
616,0.6,0.3,122.19999999999999,130.29999999999993,0.0,159.0,0.6,0.3,True,True,0.0
617,0.6,0.0,122.79999999999998,130.29999999999993,0.0,159.0,0.6,0.4,True,True,0.0
618,0.0,0.6,122.79999999999998,130.89999999999992,0.5,159.5,0.6,0.6,True,True,0.0
619,0.3,0.0,123.09999999999998,130.89999999999992,0.5,160.0,0.3,0.6,True,True,0.0
620,0.2,0.4,123.29999999999998,131.29999999999993,0.0,160.0,0.2,0.4,True,True,0.0
621,0.0,0.4,123.29999999999998,131.69999999999993,0.0,160.0,0.6,0.4,True,True,0.0
622,0.4,0.0,123.69999999999999,131.69999999999993,0.0,160.0,0.4,0.5,True,True,0.0
623,0.4,0.5,124.1,132.19999999999993,0.0,160.0,0.4,0.5,True,True,0.0
624,0.0,0.0,124.1,132.19999999999993,0.5,160.5,0.3,0.6,True,True,0.0
625,0.4,0.5,124.5,132.69999999999993,0.0,160.5,0.4,0.5,True,True,0.0
626,0.0,0.0,124.5,132.69999999999993,0.0,160.5,0.5,0.5,True,True,0.0
627,0.4,0.6,124.9,133.29999999999993,0.5,161.0,0.4,0.6,True,True,0.0
628,0.0,0.2,124.9,133.49999999999991,0.0,161.0,0.1,0.2,True,True,0.0
629,0.4,0.0,125.30000000000001,133.49999999999991,0.0,161.0,0.4,0.4,True,True,0.0
630,0.0,0.6,125.30000000000001,134.0999999999999,0.5,161.5,0.8,0.6,True,True,0.0
631,0.2,0.7,125.50000000000001,134.7999999999999,0.5,162.0,0.2,0.7,True,True,0.0
632,0.4,0.0,125.90000000000002,134.7999999999999,0.5,162.5,0.4,0.5,True,True,0.0
633,0.4,0.0,126.30000000000003,134.7999999999999,0.5,163.0,0.4,0.6,True,True,0.0
634,0.9,0.3,127.20000000000003,135.0999999999999,0.0,163.0,0.9,0.3,True,True,0.0
635,0.0,0.5,127.20000000000003,135.5999999999999,0.0,163.0,0.9,0.5,True,True,0.0
636,0.0,0.5,127.20000000000003,136.0999999999999,0.5,163.5,0.9,0.5,True,True,0.0
637,0.0,0.4,127.20000000000003,136.49999999999991,0.0,163.5,0.4,0.4,True,True,0.0
638,0.7,0.4,127.90000000000003,136.89999999999992,0.0,163.5,0.7,0.4,True,True,0.0
639,0.7,0.5,128.60000000000002,137.39999999999992,0.0,163.5,0.7,0.5,True,True,0.0
640,0.0,0.2,128.60000000000002,137.5999999999999,0.0,163.5,0.7,0.2,True,True,0.0
641,0.7,0.0,129.3,137.5999999999999,0.0,163.5,0.7,0.4,True,True,0.0
642,0.0,0.4,129.3,137.99999999999991,0.0,163.5,0.7,0.4,True,True,0.0
643,0.0,0.4,129.3,138.39999999999992,0.0,163.5,0.7,0.4,True,True,0.0
644,0.0,0.0,129.3,138.39999999999992,0.0,163.5,1.0,0.3,True,True,0.0
645,0.6,0.0,129.9,138.39999999999992,0.5,164.0,0.6,0.7,True,True,0.0
646,0.0,0.6,129.9,138.99999999999991,0.5,164.5,0.6,0.6,True,True,0.0
647,0.2,0.0,130.1,138.99999999999991,0.5,165.0,0.2,0.6,True,True,0.0
648,0.5,0.0,130.6,138.99999999999991,0.5,165.5,0.5,0.6,True,True,0.0
649,0.5,0.0,131.1,138.99999999999991,0.0,165.5,0.5,0.5,True,True,0.0
650,0.0,0.0,131.1,138.99999999999991,0.0,165.5,0.5,0.3,True,True,0.0
651,0.3,0.0,131.4,138.99999999999991,0.5,166.0,0.3,0.5,True,True,0.0
652,0.0,0.0,131.4,138.99999999999991,0.5,166.5,0.8,0.6,True,True,0.0
653,0.0,0.0,131.4,138.99999999999991,0.5,167.0,0.9,0.6,True,True,0.0
654,0.0,0.5,131.4,139.49999999999991,0.0,167.0,0.6,0.5,True,True,0.0
655,0.3,0.3,131.70000000000002,139.79999999999993,0.0,167.0,0.3,0.3,True,True,0.0
656,0.4,0.4,132.10000000000002,140.19999999999993,0.0,167.0,0.4,0.4,True,True,0.0
657,0.0,0.5,132.10000000000002,140.69999999999993,0.0,167.0,0.7,0.5,True,True,0.0
658,0.2,0.0,132.3,140.69999999999993,0.5,167.5,0.2,0.6,True,True,0.0
659,0.4,0.6,132.70000000000002,141.29999999999993,0.5,168.0,0.4,0.6,True,True,0.0
660,0.1,0.0,132.8,141.29999999999993,0.0,168.0,0.1,0.5,True,True,0.0
661,0.5,0.0,133.3,141.29999999999993,0.5,168.5,0.5,1.0,True,True,0.0
662,0.5,0.0,133.8,141.29999999999993,0.5,169.0,0.5,0.6,True,True,0.0
663,0.0,0.4,133.8,141.69999999999993,0.0,169.0,0.5,0.4,True,True,0.0
664,0.4,0.3,134.20000000000002,141.99999999999994,0.0,169.0,0.4,0.3,True,True,0.0
665,0.3,0.0,134.50000000000003,141.99999999999994,0.0,169.0,0.3,0.3,True,True,0.0
666,0.0,0.0,134.50000000000003,141.99999999999994,0.0,169.0,0.4,0.4,True,True,0.0
667,0.3,0.4,134.80000000000004,142.39999999999995,0.0,169.0,0.3,0.4,True,True,0.0
668,0.0,0.4,134.80000000000004,142.79999999999995,0.0,169.0,0.2,0.4,True,True,0.0
669,0.8,0.0,135.60000000000005,142.79999999999995,0.0,169.0,0.8,0.4,True,True,0.0
670,0.0,0.4,135.60000000000005,143.19999999999996,0.0,169.0,0.8,0.4,True,True,0.0
671,0.6,0.0,136.20000000000005,143.19999999999996,0.5,169.5,0.6,0.7,True,True,0.0
672,0.6,0.3,136.80000000000004,143.49999999999997,0.0,169.5,0.6,0.3,True,True,0.0
673,0.6,0.0,137.40000000000003,143.49999999999997,0.5,170.0,0.6,0.5,True,True,0.0
674,0.6,0.5,138.00000000000003,143.99999999999997,0.0,170.0,0.6,0.5,True,True,0.0
675,0.0,0.0,138.00000000000003,143.99999999999997,0.5,170.5,0.6,0.9,True,True,0.0
676,0.0,0.3,138.00000000000003,144.29999999999998,0.0,170.5,0.6,0.3,True,True,0.0
677,0.3,0.0,138.30000000000004,144.29999999999998,0.0,170.5,0.3,0.5,True,True,0.0
678,0.0,0.0,138.30000000000004,144.29999999999998,0.5,171.0,0.5,0.9,True,True,0.0
679,0.0,0.0,138.30000000000004,144.29999999999998,0.5,171.5,1.0,0.7,True,True,0.0
680,0.0,0.0,138.30000000000004,144.29999999999998,0.5,172.0,0.8,0.6,True,True,0.0
681,0.3,0.4,138.60000000000005,144.7,0.0,172.0,0.3,0.4,True,True,0.0
682,0.4,0.0,139.00000000000006,144.7,0.0,172.0,0.4,0.4,True,True,0.0
683,0.1,0.0,139.10000000000005,144.7,0.5,172.5,0.1,0.6,True,True,0.0
684,0.0,0.0,139.10000000000005,144.7,0.5,173.0,0.9,0.7,True,True,0.0
685,0.7,0.0,139.80000000000004,144.7,0.5,173.5,0.7,0.5,True,True,0.0
686,0.7,0.0,140.50000000000003,144.7,0.5,174.0,0.7,0.5,True,True,0.0
687,0.0,0.4,140.50000000000003,145.1,0.0,174.0,0.7,0.4,True,True,0.0
688,0.0,0.0,140.50000000000003,145.1,0.5,174.5,0.7,0.6,True,True,0.0
689,0.4,0.4,140.90000000000003,145.5,0.0,174.5,0.4,0.4,True,True,0.0
690,0.0,0.4,140.90000000000003,145.9,0.0,174.5,0.4,0.4,True,True,0.0
691,0.0,0.5,140.90000000000003,146.4,0.0,174.5,0.6,0.5,True,True,0.0
692,0.3,0.0,141.20000000000005,146.4,0.5,175.0,0.3,0.5,True,True,0.0
693,0.0,0.4,141.20000000000005,146.8,0.0,175.0,0.3,0.4,True,True,0.0
694,0.0,0.3,141.20000000000005,147.10000000000002,0.0,175.0,0.5,0.3,True,True,0.0
695,0.0,0.0,141.20000000000005,147.10000000000002,0.5,175.5,0.2,0.6,True,True,0.0
696,0.0,0.4,141.20000000000005,147.50000000000003,0.0,175.5,0.8,0.4,True,True,0.0
697,0.0,0.0,141.20000000000005,147.50000000000003,0.5,176.0,0.7,0.5,True,True,0.0
698,0.1,0.3,141.30000000000004,147.80000000000004,0.0,176.0,0.1,0.3,True,True,0.0
699,0.4,0.5,141.70000000000005,148.30000000000004,0.0,176.0,0.4,0.5,True,True,0.0
700,0.6,0.5,142.30000000000004,148.80000000000004,0.5,176.5,0.6,0.5,True,True,0.0
701,0.0,0.3,142.30000000000004,149.10000000000005,0.0,176.5,0.6,0.3,True,True,0.0
702,0.0,0.0,142.30000000000004,149.10000000000005,0.0,176.5,0.4,0.4,True,True,0.0
703,0.0,0.0,142.30000000000004,149.10000000000005,0.0,176.5,0.9,0.3,True,True,0.0
704,0.0,0.3,142.30000000000004,149.40000000000006,0.0,176.5,1.0,0.3,True,True,0.0
705,0.0,0.0,142.30000000000004,149.40000000000006,0.5,177.0,0.5,1.0,True,True,0.0
706,0.3,0.0,142.60000000000005,149.40000000000006,0.0,177.0,0.3,0.4,True,True,0.0
707,0.0,0.0,142.60000000000005,149.40000000000006,0.5,177.5,0.6,0.6,True,True,0.0
708,0.0,0.0,142.60000000000005,149.40000000000006,0.0,177.5,0.8,0.4,True,True,0.0
709,0.0,0.0,142.60000000000005,149.40000000000006,0.5,178.0,0.7,0.6,True,True,0.0
710,0.0,0.6,142.60000000000005,150.00000000000006,0.5,178.5,0.3,0.6,True,True,0.0
711,0.0,0.5,142.60000000000005,150.50000000000006,0.5,179.0,0.2,0.5,True,True,0.0
712,0.4,0.0,143.00000000000006,150.50000000000006,0.0,179.0,0.4,0.5,True,True,0.0
713,0.1,0.0,143.10000000000005,150.50000000000006,0.0,179.0,0.1,0.5,True,True,0.0
714,0.0,0.0,143.10000000000005,150.50000000000006,0.0,179.0,0.4,0.4,True,True,0.0
715,0.5,0.0,143.60000000000005,150.50000000000006,0.5,179.5,0.5,0.7,True,True,0.0
716,0.0,0.6,143.60000000000005,151.10000000000005,0.5,180.0,0.5,0.6,True,True,0.0
717,0.6,0.8,144.20000000000005,151.90000000000006,0.5,180.5,0.6,0.8,True,True,0.0
718,0.6,0.3,144.80000000000004,152.20000000000007,0.0,180.5,0.6,0.3,True,True,0.0
719,0.0,0.0,144.80000000000004,152.20000000000007,0.5,181.0,0.6,0.6,True,True,0.0
720,0.0,0.8,144.80000000000004,153.00000000000009,0.5,181.5,0.8,0.8,True,True,0.0
721,0.0,0.4,144.80000000000004,153.4000000000001,0.0,181.5,0.9,0.4,True,True,0.0
722,0.0,0.3,144.80000000000004,153.7000000000001,0.0,181.5,0.6,0.3,True,True,0.0
723,0.0,0.0,144.80000000000004,153.7000000000001,0.5,182.0,0.3,0.6,True,True,0.0
724,0.4,0.0,145.20000000000005,153.7000000000001,0.5,182.5,0.4,0.5,True,True,0.0
725,0.0,0.0,145.20000000000005,153.7000000000001,0.5,183.0,0.4,0.6,True,True,0.0
726,0.0,0.0,145.20000000000005,153.7000000000001,0.0,183.0,0.7,0.3,True,True,0.0
727,0.0,0.0,145.20000000000005,153.7000000000001,0.5,183.5,1.0,0.6,True,True,0.0
728,0.5,0.0,145.70000000000005,153.7000000000001,0.0,183.5,0.5,0.4,True,True,0.0
729,0.5,0.3,146.20000000000005,154.0000000000001,0.0,183.5,0.5,0.3,True,True,0.0
730,0.0,0.3,146.20000000000005,154.30000000000013,0.0,183.5,0.5,0.3,True,True,0.0
731,0.2,0.0,146.40000000000003,154.30000000000013,0.5,184.0,0.2,0.6,True,True,0.0
732,0.1,0.0,146.50000000000003,154.30000000000013,0.5,184.5,0.1,0.6,True,True,0.0
733,0.0,0.5,146.50000000000003,154.80000000000013,0.5,185.0,0.8,0.5,True,True,0.0
734,0.0,0.4,146.50000000000003,155.20000000000013,0.0,185.0,0.6,0.4,True,True,0.0
735,0.2,0.7,146.70000000000002,155.90000000000012,0.5,185.5,0.2,0.7,True,True,0.0
736,0.0,0.5,146.70000000000002,156.40000000000012,0.0,185.5,0.5,0.5,True,True,0.0
737,0.0,0.0,146.70000000000002,156.40000000000012,0.5,186.0,0.4,0.6,True,True,0.0
738,0.3,0.5,147.00000000000003,156.90000000000012,0.0,186.0,0.3,0.5,True,True,0.0
739,0.0,0.0,147.00000000000003,156.90000000000012,0.0,186.0,0.9,0.5,True,True,0.0
740,0.1,0.0,147.10000000000002,156.90000000000012,0.0,186.0,0.1,0.5,True,True,0.0
741,0.3,0.0,147.40000000000003,156.90000000000012,0.0,186.0,0.3,0.4,True,True,0.0
742,0.7,0.0,148.10000000000002,156.90000000000012,0.5,186.5,0.7,0.6,True,True,0.0
743,0.0,0.0,148.10000000000002,156.90000000000012,0.5,187.0,0.7,0.5,True,True,0.0
744,0.2,0.4,148.3,157.30000000000013,0.0,187.0,0.2,0.4,True,True,0.0
745,0.3,0.7,148.60000000000002,158.0000000000001,0.5,187.5,0.3,0.7,True,True,0.0
746,0.0,0.5,148.60000000000002,158.5000000000001,0.0,187.5,0.7,0.5,True,True,0.0
747,0.0,0.0,148.60000000000002,158.5000000000001,0.5,188.0,0.6,0.5,True,True,0.0
748,0.5,0.7,149.10000000000002,159.2000000000001,0.5,188.5,0.5,0.7,True,True,0.0
749,0.0,0.6,149.10000000000002,159.8000000000001,0.5,189.0,0.5,0.6,True,True,0.0
750,0.0,0.3,149.10000000000002,160.1000000000001,0.0,189.0,0.8,0.3,True,True,0.0
751,0.0,0.0,149.10000000000002,160.1000000000001,0.5,189.5,1.0,0.8,True,True,0.0
752,0.0,0.0,149.10000000000002,160.1000000000001,0.5,190.0,0.3,0.6,True,True,0.0
753,0.0,0.0,149.10000000000002,160.1000000000001,0.0,190.0,0.4,0.4,True,True,0.0
754,0.2,0.3,149.3,160.40000000000012,0.0,190.0,0.2,0.3,True,True,0.0
755,0.1,0.0,149.4,160.40000000000012,0.5,190.5,0.1,0.6,True,True,0.0
756,0.5,0.0,149.9,160.40000000000012,0.5,191.0,0.5,0.6,True,True,0.0
757,0.0,0.5,149.9,160.90000000000012,0.5,191.5,0.5,0.5,True,True,0.0
758,0.0,0.7,149.9,161.6000000000001,0.5,192.0,0.9,0.7,True,True,0.0
759,0.2,0.0,150.1,161.6000000000001,0.5,192.5,0.2,0.6,True,True,0.0
760,0.0,0.0,150.1,161.6000000000001,0.0,192.5,0.6,0.3,True,True,0.0
761,0.8,0.0,150.9,161.6000000000001,0.0,192.5,0.8,0.4,True,True,0.0
762,0.0,0.4,150.9,162.0000000000001,0.0,192.5,0.8,0.4,True,True,0.0
763,0.4,0.0,151.3,162.0000000000001,0.5,193.0,0.4,0.6,True,True,0.0
764,0.0,0.0,151.3,162.0000000000001,0.0,193.0,0.7,0.2,True,True,0.0
765,0.0,0.5,151.3,162.5000000000001,0.5,193.5,0.8,0.5,True,True,0.0
766,0.4,0.0,151.70000000000002,162.5000000000001,0.5,194.0,0.4,0.6,True,True,0.0
767,0.3,0.0,152.00000000000003,162.5000000000001,0.5,194.5,0.3,0.7,True,True,0.0
768,0.0,0.4,152.00000000000003,162.90000000000012,0.0,194.5,0.4,0.4,True,True,0.0
769,0.2,0.6,152.20000000000002,163.5000000000001,0.5,195.0,0.2,0.6,True,True,0.0
770,0.0,0.0,152.20000000000002,163.5000000000001,0.0,195.0,0.5,0.3,True,True,0.0
771,0.3,0.0,152.50000000000003,163.5000000000001,0.5,195.5,0.3,0.7,True,True,0.0
772,0.1,0.3,152.60000000000002,163.80000000000013,0.0,195.5,0.1,0.3,True,True,0.0
773,0.3,0.0,152.90000000000003,163.80000000000013,0.0,195.5,0.3,0.5,True,True,0.0
774,0.6,0.0,153.50000000000003,163.80000000000013,0.5,196.0,0.6,0.6,True,True,0.0
775,0.0,0.3,153.50000000000003,164.10000000000014,0.0,196.0,0.6,0.3,True,True,0.0
776,0.0,0.0,153.50000000000003,164.10000000000014,0.0,196.0,1.0,0.4,True,True,0.0
777,0.2,0.0,153.70000000000002,164.10000000000014,0.5,196.5,0.2,0.6,True,True,0.0
778,0.0,0.0,153.70000000000002,164.10000000000014,0.5,197.0,0.3,0.6,True,True,0.0
779,0.4,0.0,154.10000000000002,164.10000000000014,0.5,197.5,0.4,0.6,True,True,0.0
780,0.0,0.0,154.10000000000002,164.10000000000014,0.5,198.0,0.8,0.6,True,True,0.0
781,0.4,0.5,154.50000000000003,164.60000000000014,0.5,198.5,0.4,0.5,True,True,0.0
782,0.0,0.4,154.50000000000003,165.00000000000014,0.0,198.5,0.9,0.4,True,True,0.0
783,0.4,0.4,154.90000000000003,165.40000000000015,0.0,198.5,0.4,0.4,True,True,0.0
784,0.0,0.4,154.90000000000003,165.80000000000015,0.0,198.5,0.7,0.4,True,True,0.0
785,0.4,0.0,155.30000000000004,165.80000000000015,0.5,199.0,0.4,0.7,True,True,0.0
786,0.6,0.5,155.90000000000003,166.30000000000015,0.5,199.5,0.6,0.5,True,True,0.0
787,0.6,0.0,156.50000000000003,166.30000000000015,0.0,199.5,0.6,0.5,True,True,0.0
788,0.0,0.5,156.50000000000003,166.80000000000015,0.0,199.5,0.6,0.5,True,True,0.0
789,0.4,0.8,156.90000000000003,167.60000000000016,0.5,200.0,0.4,0.8,True,True,0.0
790,0.0,0.3,156.90000000000003,167.90000000000018,0.0,200.0,0.5,0.3,True,True,0.0
791,0.4,0.5,157.30000000000004,168.40000000000018,0.5,200.5,0.4,0.5,True,True,0.0
792,0.4,0.5,157.70000000000005,168.90000000000018,0.5,201.0,0.4,0.5,True,True,0.0
793,0.6,0.0,158.30000000000004,168.90000000000018,0.5,201.5,0.6,0.5,True,True,0.0
794,0.0,0.2,158.30000000000004,169.10000000000016,0.0,201.5,0.6,0.2,True,True,0.0
795,0.0,0.0,158.30000000000004,169.10000000000016,0.5,202.0,0.4,0.7,True,True,0.0
796,0.2,0.0,158.50000000000003,169.10000000000016,0.5,202.5,0.2,0.8,True,True,0.0
797,0.0,0.5,158.50000000000003,169.60000000000016,0.5,203.0,0.1,0.5,True,True,0.0
798,0.0,0.6,158.50000000000003,170.20000000000016,0.5,203.5,0.6,0.6,True,True,0.0
799,0.0,0.0,158.50000000000003,170.20000000000016,0.5,204.0,0.3,0.7,True,True,0.0
800,0.8,0.6,159.30000000000004,170.80000000000015,0.5,204.5,0.8,0.6,True,True,0.0
801,0.0,0.4,159.30000000000004,171.20000000000016,0.0,204.5,0.8,0.4,True,True,0.0
802,0.0,0.5,159.30000000000004,171.70000000000016,0.5,205.0,0.8,0.5,True,True,0.0
803,0.2,0.5,159.50000000000003,172.20000000000016,0.5,205.5,0.2,0.5,True,True,0.0
804,0.0,0.5,159.50000000000003,172.70000000000016,0.0,205.5,0.5,0.5,True,True,0.0
805,0.4,0.6,159.90000000000003,173.30000000000015,0.5,206.0,0.4,0.6,True,True,0.0
806,0.0,0.0,159.90000000000003,173.30000000000015,0.5,206.5,0.7,0.8,True,True,0.0
807,0.0,0.0,159.90000000000003,173.30000000000015,0.5,207.0,0.4,0.7,True,True,0.0
808,0.0,0.0,159.90000000000003,173.30000000000015,0.0,207.0,1.0,0.5,True,True,0.0
809,0.0,0.3,159.90000000000003,173.60000000000016,0.0,207.0,0.9,0.3,True,True,0.0
810,0.2,0.0,160.10000000000002,173.60000000000016,0.5,207.5,0.2,1.0,True,True,0.0
811,0.6,0.0,160.70000000000002,173.60000000000016,0.5,208.0,0.6,0.7,True,True,0.0
812,0.0,0.3,160.70000000000002,173.90000000000018,0.0,208.0,0.6,0.3,True,True,0.0
813,0.0,0.0,160.70000000000002,173.90000000000018,0.5,208.5,0.3,0.7,True,True,0.0
814,0.0,0.0,160.70000000000002,173.90000000000018,0.5,209.0,0.5,0.7,True,True,0.0
815,0.1,0.5,160.8,174.40000000000018,0.5,209.5,0.1,0.5,True,True,0.0
816,0.0,0.0,160.8,174.40000000000018,0.5,210.0,0.8,0.5,True,True,0.0
817,0.4,0.0,161.20000000000002,174.40000000000018,0.0,210.0,0.4,0.5,True,True,0.0
818,0.2,0.0,161.4,174.40000000000018,0.0,210.0,0.2,0.3,True,True,0.0
819,0.0,0.0,161.4,174.40000000000018,0.0,210.0,0.4,0.4,True,True,0.0
820,0.0,0.6,161.4,175.00000000000017,0.5,210.5,0.6,0.6,True,True,0.0
821,0.0,0.1,161.4,175.10000000000016,0.0,210.5,0.7,0.1,True,True,0.0
822,0.2,0.4,161.6,175.50000000000017,0.0,210.5,0.2,0.4,True,True,0.0
823,0.0,0.0,161.6,175.50000000000017,0.0,210.5,0.9,0.5,True,True,0.0
824,0.5,0.0,162.1,175.50000000000017,0.5,211.0,0.5,0.5,True,True,0.0
825,0.5,0.7,162.6,176.20000000000016,0.5,211.5,0.5,0.7,True,True,0.0
826,0.0,0.5,162.6,176.70000000000016,0.0,211.5,0.5,0.5,True,True,0.0
827,0.3,0.0,162.9,176.70000000000016,0.0,211.5,0.3,0.5,True,True,0.0
828,0.0,0.0,162.9,176.70000000000016,0.5,212.0,0.8,0.6,True,True,0.0
829,0.1,0.0,163.0,176.70000000000016,0.0,212.0,0.1,0.5,True,True,0.0
830,0.4,0.4,163.4,177.10000000000016,0.0,212.0,0.4,0.4,True,True,0.0
831,0.0,0.5,163.4,177.60000000000016,0.0,212.0,1.0,0.5,True,True,0.0
832,0.4,0.0,163.8,177.60000000000016,0.0,212.0,0.4,0.3,True,True,0.0
833,0.6,0.0,164.4,177.60000000000016,0.0,212.0,0.6,0.4,True,True,0.0
834,0.6,0.0,165.0,177.60000000000016,0.0,212.0,0.6,0.5,True,True,0.0
835,0.6,0.5,165.6,178.10000000000016,0.0,212.0,0.6,0.5,True,True,0.0
836,0.0,0.7,165.6,178.80000000000015,0.5,212.5,0.6,0.7,True,True,0.0
837,0.0,0.0,165.6,178.80000000000015,0.0,212.5,0.6,0.5,True,True,0.0
838,0.4,0.5,166.0,179.30000000000015,0.5,213.0,0.4,0.5,True,True,0.0
839,0.0,0.0,166.0,179.30000000000015,0.5,213.5,0.3,0.6,True,True,0.0
840,0.0,0.1,166.0,179.40000000000015,0.0,213.5,0.4,0.1,True,True,0.0
841,0.2,0.6,166.2,180.00000000000014,0.5,214.0,0.2,0.6,True,True,0.0
842,0.0,0.4,166.2,180.40000000000015,0.0,214.0,0.5,0.4,True,True,0.0
843,0.0,0.8,166.2,181.20000000000016,0.5,214.5,0.7,0.8,True,True,0.0
844,0.6,0.4,166.79999999999998,181.60000000000016,0.0,214.5,0.6,0.4,True,True,0.0
845,0.0,0.0,166.79999999999998,181.60000000000016,0.0,214.5,0.6,0.5,True,True,0.0
846,0.0,0.3,166.79999999999998,181.90000000000018,0.0,214.5,0.2,0.3,True,True,0.0
847,0.0,0.0,166.79999999999998,181.90000000000018,0.5,215.0,0.8,1.0,True,True,0.0
848,0.4,0.5,167.2,182.40000000000018,0.5,215.5,0.4,0.5,True,True,0.0
849,0.1,0.0,167.29999999999998,182.40000000000018,0.5,216.0,0.1,0.5,True,True,0.0
850,0.0,0.3,167.29999999999998,182.7000000000002,0.0,216.0,0.4,0.3,True,True,0.0
851,0.0,0.0,167.29999999999998,182.7000000000002,0.5,216.5,0.9,0.6,True,True,0.0
852,0.3,0.0,167.6,182.7000000000002,0.0,216.5,0.3,0.4,True,True,0.0
853,0.5,0.7,168.1,183.40000000000018,0.5,217.0,0.5,0.7,True,True,0.0
854,0.5,0.0,168.6,183.40000000000018,0.0,217.0,0.5,0.4,True,True,0.0
855,0.0,0.4,168.6,183.80000000000018,0.0,217.0,0.5,0.4,True,True,0.0
856,0.6,0.0,169.2,183.80000000000018,0.0,217.0,0.6,0.3,True,True,0.0
857,0.0,0.0,169.2,183.80000000000018,0.0,217.0,0.6,0.5,True,True,0.0
858,0.3,0.0,169.5,183.80000000000018,0.5,217.5,0.3,0.5,True,True,0.0
859,0.3,0.0,169.8,183.80000000000018,0.0,217.5,0.3,0.3,True,True,0.0
860,0.0,0.6,169.8,184.40000000000018,0.5,218.0,1.0,0.6,True,True,0.0
861,0.6,0.0,170.4,184.40000000000018,0.0,218.0,0.6,0.5,True,True,0.0
862,0.0,0.5,170.4,184.90000000000018,0.5,218.5,0.6,0.5,True,True,0.0
863,0.5,0.5,170.9,185.40000000000018,0.0,218.5,0.5,0.5,True,True,0.0
864,0.5,0.0,171.4,185.40000000000018,0.0,218.5,0.5,0.5,True,True,0.0
865,0.5,0.5,171.9,185.90000000000018,0.5,219.0,0.5,0.5,True,True,0.0
866,0.0,0.4,171.9,186.30000000000018,0.0,219.0,0.5,0.4,True,True,0.0
867,0.0,0.4,171.9,186.7000000000002,0.0,219.0,0.7,0.4,True,True,0.0
868,0.0,0.0,171.9,186.7000000000002,0.5,219.5,0.4,0.7,True,True,0.0
869,0.3,0.0,172.20000000000002,186.7000000000002,0.5,220.0,0.3,0.8,True,True,0.0
870,0.8,0.5,173.00000000000003,187.2000000000002,0.0,220.0,0.8,0.5,True,True,0.0
871,0.0,0.4,173.00000000000003,187.6000000000002,0.0,220.0,0.8,0.4,True,True,0.0
872,0.0,0.6,173.00000000000003,188.2000000000002,0.5,220.5,0.8,0.6,True,True,0.0
873,0.2,0.0,173.20000000000002,188.2000000000002,0.0,220.5,0.2,0.5,True,True,0.0
874,0.1,0.2,173.3,188.40000000000018,0.0,220.5,0.1,0.2,True,True,0.0
875,0.5,0.4,173.8,188.80000000000018,0.0,220.5,0.5,0.4,True,True,0.0
876,0.5,0.0,174.3,188.80000000000018,0.5,221.0,0.5,0.6,True,True,0.0
877,0.5,0.0,174.8,188.80000000000018,0.5,221.5,0.5,0.6,True,True,0.0
878,0.0,0.2,174.8,189.00000000000017,0.0,221.5,0.5,0.2,True,True,0.0
879,0.3,0.0,175.10000000000002,189.00000000000017,0.0,221.5,0.3,0.4,True,True,0.0
880,0.6,0.0,175.70000000000002,189.00000000000017,0.0,221.5,0.6,0.4,True,True,0.0
881,0.6,0.6,176.3,189.60000000000016,0.5,222.0,0.6,0.6,True,True,0.0
882,0.6,0.2,176.9,189.80000000000015,0.0,222.0,0.6,0.2,True,True,0.0
883,0.6,0.0,177.5,189.80000000000015,0.0,222.0,0.6,0.3,True,True,0.0
884,0.0,0.0,177.5,189.80000000000015,0.5,222.5,0.6,0.6,True,True,0.0
885,0.0,0.4,177.5,190.20000000000016,0.0,222.5,0.6,0.4,True,True,0.0
886,0.0,0.0,177.5,190.20000000000016,0.5,223.0,0.3,0.6,True,True,0.0
887,0.0,0.4,177.5,190.60000000000016,0.0,223.0,0.9,0.4,True,True,0.0
888,0.6,0.3,178.1,190.90000000000018,0.0,223.0,0.6,0.3,True,True,0.0
889,0.6,0.4,178.7,191.30000000000018,0.0,223.0,0.6,0.4,True,True,0.0
890,0.0,0.0,178.7,191.30000000000018,0.5,223.5,0.6,0.6,True,True,0.0
891,0.0,0.0,178.7,191.30000000000018,0.5,224.0,0.5,0.7,True,True,0.0
892,0.2,0.6,178.89999999999998,191.90000000000018,0.5,224.5,0.2,0.6,True,True,0.0
893,0.0,0.5,178.89999999999998,192.40000000000018,0.0,224.5,0.6,0.5,True,True,0.0
894,0.4,0.0,179.29999999999998,192.40000000000018,0.5,225.0,0.4,0.6,True,True,0.0
895,0.4,0.4,179.7,192.80000000000018,0.0,225.0,0.4,0.4,True,True,0.0
896,0.4,0.4,180.1,193.2000000000002,0.0,225.0,0.4,0.4,True,True,0.0
897,0.0,0.0,180.1,193.2000000000002,0.5,225.5,0.4,0.7,True,True,0.0
898,0.0,0.1,180.1,193.30000000000018,0.0,225.5,0.8,0.1,True,True,0.0
899,0.1,0.0,180.2,193.30000000000018,0.0,225.5,0.1,0.3,True,True,0.0
900,0.0,0.0,180.2,193.30000000000018,0.0,225.5,0.7,0.4,True,True,0.0
901,0.0,0.2,180.2,193.50000000000017,0.0,225.5,0.2,0.2,True,True,0.0
902,0.0,0.0,180.2,193.50000000000017,0.0,225.5,1.0,0.4,True,True,0.0
903,0.0,0.0,180.2,193.50000000000017,0.5,226.0,0.5,0.5,True,True,0.0
904,0.3,0.5,180.5,194.00000000000017,0.0,226.0,0.3,0.5,True,True,0.0
905,0.0,0.0,180.5,194.00000000000017,0.5,226.5,0.6,0.7,True,True,0.0
906,0.4,0.6,180.9,194.60000000000016,0.5,227.0,0.4,0.6,True,True,0.0
907,0.3,0.0,181.20000000000002,194.60000000000016,0.0,227.0,0.3,0.4,True,True,0.0
908,0.0,0.0,181.20000000000002,194.60000000000016,0.0,227.0,0.4,0.4,True,True,0.0
909,0.0,0.0,181.20000000000002,194.60000000000016,0.0,227.0,0.9,0.5,True,True,0.0
910,0.3,0.0,181.50000000000003,194.60000000000016,0.5,227.5,0.3,0.5,True,True,0.0
911,0.8,0.0,182.30000000000004,194.60000000000016,0.0,227.5,0.8,0.4,True,True,0.0
912,0.8,0.5,183.10000000000005,195.10000000000016,0.5,228.0,0.8,0.5,True,True,0.0
913,0.0,0.5,183.10000000000005,195.60000000000016,0.0,228.0,0.8,0.5,True,True,0.0
914,0.0,0.0,183.10000000000005,195.60000000000016,0.5,228.5,0.8,0.5,True,True,0.0
915,0.0,0.5,183.10000000000005,196.10000000000016,0.0,228.5,0.8,0.5,True,True,0.0
916,0.1,0.4,183.20000000000005,196.50000000000017,0.0,228.5,0.1,0.4,True,True,0.0
917,0.3,0.8,183.50000000000006,197.30000000000018,0.5,229.0,0.3,0.8,True,True,0.0
918,0.0,0.0,183.50000000000006,197.30000000000018,0.5,229.5,0.5,0.6,True,True,0.0
919,0.0,0.0,183.50000000000006,197.30000000000018,0.0,229.5,0.7,0.4,True,True,0.0
920,0.2,0.0,183.70000000000005,197.30000000000018,0.5,230.0,0.2,0.7,True,True,0.0
921,0.0,0.5,183.70000000000005,197.80000000000018,0.0,230.0,0.6,0.5,True,True,0.0
922,0.3,0.7,184.00000000000006,198.50000000000017,0.5,230.5,0.3,0.7,True,True,0.0
923,0.0,0.0,184.00000000000006,198.50000000000017,0.5,231.0,0.4,0.6,True,True,0.0
924,0.3,0.0,184.30000000000007,198.50000000000017,0.0,231.0,0.3,0.5,True,True,0.0
925,0.0,0.2,184.30000000000007,198.70000000000016,0.0,231.0,0.2,0.2,True,True,0.0
926,0.0,0.4,184.30000000000007,199.10000000000016,0.0,231.0,0.8,0.4,True,True,0.0
927,0.3,0.5,184.60000000000008,199.60000000000016,0.5,231.5,0.3,0.5,True,True,0.0
928,0.5,0.6,185.10000000000008,200.20000000000016,0.5,232.0,0.5,0.6,True,True,0.0
929,0.0,0.0,185.10000000000008,200.20000000000016,0.0,232.0,0.5,0.4,True,True,0.0
930,0.1,0.4,185.20000000000007,200.60000000000016,0.0,232.0,0.1,0.4,True,True,0.0
931,0.0,0.0,185.20000000000007,200.60000000000016,0.5,232.5,1.0,0.7,True,True,0.0
932,0.0,0.0,185.20000000000007,200.60000000000016,0.5,233.0,0.6,0.9,True,True,0.0
933,0.3,0.5,185.50000000000009,201.10000000000016,0.5,233.5,0.3,0.5,True,True,0.0
934,0.0,0.4,185.50000000000009,201.50000000000017,0.0,233.5,0.9,0.4,True,True,0.0
935,0.4,0.0,185.9000000000001,201.50000000000017,0.0,233.5,0.4,0.4,True,True,0.0
936,0.0,0.2,185.9000000000001,201.70000000000016,0.0,233.5,0.3,0.2,True,True,0.0
937,0.4,0.0,186.3000000000001,201.70000000000016,0.5,234.0,0.4,0.7,True,True,0.0
938,0.4,0.4,186.7000000000001,202.10000000000016,0.0,234.0,0.4,0.4,True,True,0.0
939,0.0,0.0,186.7000000000001,202.10000000000016,0.5,234.5,0.7,0.5,True,True,0.0
940,0.0,0.0,186.7000000000001,202.10000000000016,0.0,234.5,0.4,0.4,True,True,0.0
941,0.0,0.5,186.7000000000001,202.60000000000016,0.5,235.0,0.5,0.5,True,True,0.0
942,0.0,0.0,186.7000000000001,202.60000000000016,0.5,235.5,0.8,0.6,True,True,0.0
943,0.6,0.6,187.3000000000001,203.20000000000016,0.5,236.0,0.6,0.6,True,True,0.0
944,0.6,0.4,187.9000000000001,203.60000000000016,0.0,236.0,0.6,0.4,True,True,0.0
945,0.0,0.1,187.9000000000001,203.70000000000016,0.0,236.0,0.6,0.1,True,True,0.0
946,0.0,0.4,187.9000000000001,204.10000000000016,0.0,236.0,0.6,0.4,True,True,0.0
947,0.0,0.0,187.9000000000001,204.10000000000016,0.5,236.5,0.2,0.7,True,True,0.0
948,0.1,0.0,188.00000000000009,204.10000000000016,0.5,237.0,0.1,0.7,True,True,0.0
949,0.4,0.5,188.4000000000001,204.60000000000016,0.5,237.5,0.4,0.5,True,True,0.0
950,0.0,0.5,188.4000000000001,205.10000000000016,0.5,238.0,0.4,0.5,True,True,0.0
951,0.0,0.6,188.4000000000001,205.70000000000016,0.5,238.5,0.3,0.6,True,True,0.0
952,0.5,0.4,188.9000000000001,206.10000000000016,0.0,238.5,0.5,0.4,True,True,0.0
953,0.5,0.0,189.4000000000001,206.10000000000016,0.5,239.0,0.5,0.7,True,True,0.0
954,0.5,0.5,189.9000000000001,206.60000000000016,0.0,239.0,0.5,0.5,True,True,0.0
955,0.5,0.5,190.4000000000001,207.10000000000016,0.0,239.0,0.5,0.5,True,True,0.0
956,0.5,0.5,190.9000000000001,207.60000000000016,0.5,239.5,0.5,0.5,True,True,0.0
957,0.0,0.3,190.9000000000001,207.90000000000018,0.0,239.5,0.5,0.3,True,True,0.0
958,0.5,0.0,191.4000000000001,207.90000000000018,0.0,239.5,0.5,0.4,True,True,0.0
959,0.5,0.6,191.9000000000001,208.50000000000017,0.5,240.0,0.5,0.6,True,True,0.0
960,0.0,0.0,191.9000000000001,208.50000000000017,0.0,240.0,0.5,0.3,True,True,0.0
961,0.0,0.0,191.9000000000001,208.50000000000017,0.5,240.5,0.9,0.5,True,True,0.0
962,0.7,0.0,192.60000000000008,208.50000000000017,0.0,240.5,0.7,0.4,True,True,0.0
963,0.0,0.5,192.60000000000008,209.00000000000017,0.0,240.5,0.7,0.5,True,True,0.0
964,0.0,0.4,192.60000000000008,209.40000000000018,0.0,240.5,1.0,0.4,True,True,0.0
965,0.0,0.5,192.60000000000008,209.90000000000018,0.0,240.5,0.7,0.5,True,True,0.0
966,0.0,0.6,192.60000000000008,210.50000000000017,0.5,241.0,0.6,0.6,True,True,0.0
967,0.0,0.4,192.60000000000008,210.90000000000018,0.0,241.0,0.8,0.4,True,True,0.0
968,0.0,0.5,192.60000000000008,211.40000000000018,0.5,241.5,0.5,0.5,True,True,0.0
969,0.0,0.0,192.60000000000008,211.40000000000018,0.0,241.5,0.1,0.5,True,True,0.0
970,0.0,0.0,192.60000000000008,211.40000000000018,0.5,242.0,0.4,0.6,True,True,0.0
971,0.2,0.0,192.80000000000007,211.40000000000018,0.5,242.5,0.2,0.8,True,True,0.0
972,0.0,0.6,192.80000000000007,212.00000000000017,0.5,243.0,0.3,0.6,True,True,0.0
973,0.0,0.4,192.80000000000007,212.40000000000018,0.0,243.0,0.6,0.4,True,True,0.0
974,0.2,0.2,193.00000000000006,212.60000000000016,0.0,243.0,0.2,0.2,True,True,0.0
975,0.5,0.0,193.50000000000006,212.60000000000016,0.0,243.0,0.5,0.4,True,True,0.0
976,0.0,0.5,193.50000000000006,213.10000000000016,0.5,243.5,0.5,0.5,True,True,0.0
977,0.0,0.0,193.50000000000006,213.10000000000016,0.0,243.5,0.8,0.3,True,True,0.0
978,0.4,0.5,193.90000000000006,213.60000000000016,0.0,243.5,0.4,0.5,True,True,0.0
979,0.7,0.5,194.60000000000005,214.10000000000016,0.5,244.0,0.7,0.5,True,True,0.0
980,0.0,0.0,194.60000000000005,214.10000000000016,0.0,244.0,0.7,0.5,True,True,0.0
981,0.4,0.0,195.00000000000006,214.10000000000016,0.5,244.5,0.4,0.6,True,True,0.0
982,0.4,0.4,195.40000000000006,214.50000000000017,0.0,244.5,0.4,0.4,True,True,0.0
983,0.4,0.3,195.80000000000007,214.80000000000018,0.0,244.5,0.4,0.3,True,True,0.0
984,0.0,0.0,195.80000000000007,214.80000000000018,0.5,245.0,0.7,0.6,True,True,0.0
985,0.0,0.5,195.80000000000007,215.30000000000018,0.0,245.0,0.9,0.5,True,True,0.0
986,0.4,0.0,196.20000000000007,215.30000000000018,0.5,245.5,0.4,0.6,True,True,0.0
987,0.4,0.5,196.60000000000008,215.80000000000018,0.0,245.5,0.4,0.5,True,True,0.0
988,0.4,0.4,197.00000000000009,216.2000000000002,0.0,245.5,0.4,0.4,True,True,0.0
989,0.4,0.6,197.4000000000001,216.80000000000018,0.5,246.0,0.4,0.6,True,True,0.0
990,0.4,0.0,197.8000000000001,216.80000000000018,0.5,246.5,0.4,0.6,True,True,0.0
991,0.0,0.6,197.8000000000001,217.40000000000018,0.5,247.0,0.4,0.6,True,True,0.0
992,0.2,0.4,198.00000000000009,217.80000000000018,0.0,247.0,0.2,0.4,True,True,0.0
993,0.0,0.0,198.00000000000009,217.80000000000018,0.5,247.5,0.3,0.5,True,True,0.0
994,0.6,0.0,198.60000000000008,217.80000000000018,0.0,247.5,0.6,0.5,True,True,0.0
995,0.6,0.3,199.20000000000007,218.1000000000002,0.0,247.5,0.6,0.3,True,True,0.0
996,0.6,0.0,199.80000000000007,218.1000000000002,0.5,248.0,0.6,0.7,True,True,0.0
997,0.0,0.0,199.80000000000007,218.1000000000002,0.0,248.0,0.6,0.4,True,True,0.0
998,0.0,0.0,199.80000000000007,218.1000000000002,0.5,248.5,0.6,0.8,True,True,0.0
999,0.0,0.5,199.80000000000007,218.6000000000002,0.0,248.5,1.0,0.5,True,True,0.0
