round,reward,cumulative_reward,price_selected,produced,lambda_value,distribution_changed
0,0.0,0.0,0.8,True,0.01897366596101028,False
1,0.2,0.2,0.2,True,0.03794733192202056,False
2,0.5,0.7,0.5,True,0.05692099788303084,False
3,0.0,0.7,0.7,True,0.07589466384404112,False
4,0.1,0.7999999999999999,0.1,True,0.09486832980505139,False
5,0.1,0.8999999999999999,0.1,True,0.11384199576606166,False
6,0.0,0.8999999999999999,1.0,True,0.13281566172707193,False
7,0.1,0.9999999999999999,0.1,True,0.1517893276880822,False
8,0.1,1.0999999999999999,0.1,True,0.17076299364909248,False
9,0.1,1.2,0.1,True,0.18973665961010275,False
10,0.0,1.2,1.0,True,0.20871032557111302,False
11,0.6,1.7999999999999998,0.6,True,0.2276839915321233,False
12,0.4,2.1999999999999997,0.4,True,0.24665765749313356,False
13,0.0,2.1999999999999997,0.9,True,0.26563132345414386,False
14,0.0,2.1999999999999997,0.7,True,0.28460498941515416,False
15,0.0,2.1999999999999997,1.0,True,0.30357865537616446,False
16,0.6,2.8,0.6,True,0.32255232133717476,False
17,0.3,3.0999999999999996,0.3,True,0.34152598729818506,False
18,0.3,3.3999999999999995,0.3,True,0.36049965325919536,False
19,0.8,4.199999999999999,0.8,True,0.37947331922020566,False
20,0.3,4.499999999999999,0.3,True,0.39844698518121596,False
21,0.0,4.499999999999999,0.8,True,0.41742065114222626,False
22,0.5,4.999999999999999,0.5,True,0.43639431710323656,False
23,0.1,5.099999999999999,0.1,True,0.45536798306424686,False
24,0.0,5.099999999999999,0.9,True,0.47434164902525716,False
25,0.0,5.099999999999999,1.0,True,0.49331531498626746,False
26,0.7,5.799999999999999,0.7,True,0.5122889809472777,False
27,0.0,5.799999999999999,0.6,True,0.531262646908288,False
28,0.0,5.799999999999999,1.0,True,0.5502363128692982,False
29,0.6,6.399999999999999,0.6,True,0.5692099788303084,False
30,0.6,6.999999999999998,0.6,True,0.5881836447913187,False
31,0.4,7.399999999999999,0.4,True,0.6071573107523289,False
32,0.4,7.799999999999999,0.4,True,0.6261309767133392,False
33,0.4,8.2,0.4,True,0.6451046426743494,False
34,0.1,8.299999999999999,0.1,True,0.6640783086353597,False
35,0.0,8.299999999999999,0.8,True,0.6830519745963699,False
36,0.6,8.899999999999999,0.6,True,0.7020256405573801,False
37,0.0,8.899999999999999,0.9,True,0.7209993065183904,False
38,0.0,8.899999999999999,0.9,True,0.7399729724794006,False
39,0.5,9.399999999999999,0.5,True,0.7589466384404109,False
40,0.7,10.099999999999998,0.7,True,0.7779203044014211,False
41,0.4,10.499999999999998,0.4,True,0.7968939703624314,False
42,0.6,11.099999999999998,0.6,True,0.8158676363234416,False
43,0.0,11.099999999999998,0.9,True,0.8348413022844519,False
44,0.0,11.099999999999998,0.7,True,0.8538149682454621,False
45,0.1,11.199999999999998,0.1,True,0.8727886342064723,False
46,0.0,11.199999999999998,0.7,True,0.8917623001674826,False
47,0.4,11.599999999999998,0.4,True,0.9107359661284928,False
48,0.9,12.499999999999998,0.9,True,0.9297096320895031,False
49,0.0,12.499999999999998,0.7,True,0.9486832980505133,False
50,0.3,12.799999999999999,0.3,True,0.9676569640115236,False
51,0.4,13.2,0.4,True,0.9866306299725338,False
52,0.0,13.2,1.0,True,1.005604295933544,False
53,0.0,13.2,0.9,True,1.0245779618945543,False
54,0.0,13.2,0.7,True,1.0435516278555645,False
55,0.6,13.799999999999999,0.6,True,1.0625252938165748,False
56,0.4,14.2,0.4,True,1.081498959777585,False
57,0.5,14.7,0.5,True,1.1004726257385953,False
58,0.3,15.0,0.3,True,1.1194462916996055,False
59,0.5,15.5,0.5,True,1.1384199576606158,False
60,0.0,15.5,0.7,True,1.157393623621626,False
61,0.6,16.1,0.6,True,1.1763672895826363,False
62,0.0,16.1,0.6,True,1.1953409555436465,False
63,0.5,16.6,0.5,True,1.2143146215046567,False
64,0.4,17.0,0.4,True,1.233288287465667,False
65,0.0,17.0,0.6,True,1.2522619534266772,False
66,0.3,17.3,0.3,True,1.2712356193876875,False
67,0.0,17.3,0.8,True,1.2902092853486977,False
68,0.0,17.3,0.8,True,1.309182951309708,False
69,0.6,17.900000000000002,0.6,True,1.3281566172707182,False
70,0.7,18.6,0.7,True,1.3471302832317285,False
71,0.6,19.200000000000003,0.6,True,1.3661039491927387,False
72,0.0,19.200000000000003,0.7,True,1.385077615153749,False
73,0.6,19.800000000000004,0.6,True,1.4040512811147592,False
74,0.5,20.300000000000004,0.5,True,1.4230249470757694,False
75,0.0,20.300000000000004,1.0,True,1.4419986130367797,True
76,0.2,20.500000000000004,0.2,True,1.46097227899779,False
77,0.0,20.500000000000004,0.8,True,1.4799459449588002,False
78,0.0,20.500000000000004,1.0,True,1.4989196109198104,False
79,0.0,20.500000000000004,0.5,True,1.5178932768808207,False
80,0.0,20.500000000000004,0.7,True,1.536866942841831,False
81,0.6,21.100000000000005,0.6,True,1.5558406088028411,False
82,0.9,22.000000000000004,0.9,True,1.5748142747638514,False
83,0.8,22.800000000000004,0.8,True,1.5937879407248616,False
84,0.1,22.900000000000006,0.1,True,1.6127616066858719,False
85,0.0,22.900000000000006,0.9,True,1.6317352726468821,False
86,0.8,23.700000000000006,0.8,True,1.6507089386078924,False
87,0.0,23.700000000000006,0.6,True,1.6696826045689026,False
88,0.0,23.700000000000006,1.0,True,1.6886562705299129,False
89,0.5,24.200000000000006,0.5,True,1.707629936490923,False
90,0.0,24.200000000000006,1.0,True,1.7266036024519333,False
91,0.6,24.800000000000008,0.6,True,1.7455772684129436,False
92,0.5,25.300000000000008,0.5,True,1.7645509343739538,False
93,0.8,26.10000000000001,0.8,True,1.783524600334964,False
94,0.0,26.10000000000001,1.0,True,1.8024982662959743,False
95,0.0,26.10000000000001,0.9,True,1.8214719322569846,False
96,0.8,26.90000000000001,0.8,True,1.8404455982179948,False
97,0.0,26.90000000000001,1.0,True,1.859419264179005,False
98,0.8,27.70000000000001,0.8,True,1.8783929301400153,False
99,0.2,27.90000000000001,0.2,True,1.8973665961010255,False
100,0.5,28.40000000000001,0.5,True,1.9163402620620358,False
101,0.3,28.70000000000001,0.3,True,1.935313928023046,False
102,0.0,28.70000000000001,0.9,True,1.9542875939840563,False
103,0.8,29.50000000000001,0.8,True,1.9732612599450665,False
104,0.9,30.40000000000001,0.9,True,1.9922349259060768,False
105,0.8,31.20000000000001,0.8,True,2.0112085918670872,False
106,0.0,31.20000000000001,1.0,True,2.0301822578280975,False
107,0.7,31.90000000000001,0.7,True,2.0491559237891077,False
108,0.3,32.20000000000001,0.3,True,2.068129589750118,False
109,0.6,32.80000000000001,0.6,True,2.087103255711128,False
110,0.0,32.80000000000001,0.9,True,2.1060769216721384,False
111,0.9,33.70000000000001,0.9,True,2.1250505876331487,False
112,0.2,33.90000000000001,0.2,True,2.144024253594159,False
113,0.0,33.90000000000001,0.8,True,2.162997919555169,False
114,0.0,33.90000000000001,1.0,True,2.1819715855161794,False
115,0.5,34.40000000000001,0.5,True,2.2009452514771897,False
116,0.0,34.40000000000001,0.9,True,2.2199189174382,False
117,0.0,34.40000000000001,1.0,True,2.23889258339921,False
118,0.8,35.20000000000001,0.8,True,2.2578662493602204,False
119,0.8,36.00000000000001,0.8,True,2.2768399153212306,False
120,0.0,36.00000000000001,0.8,True,2.295813581282241,False
121,0.0,36.00000000000001,0.9,True,2.314787247243251,False
122,0.9,36.900000000000006,0.9,True,2.3337609132042614,False
123,0.4,37.300000000000004,0.4,True,2.3527345791652716,False
124,0.8,38.1,0.8,True,2.371708245126282,False
125,0.4,38.5,0.4,True,2.390681911087292,False
126,0.0,38.5,0.5,True,2.4096555770483024,False
127,0.0,38.5,0.8,True,2.4286292430093126,False
128,0.8,39.3,0.8,True,2.447602908970323,False
129,0.6,39.9,0.6,True,2.466576574931333,False
130,0.0,39.9,1.0,True,2.4855502408923433,False
131,0.1,40.0,0.1,True,2.5045239068533536,False
132,0.0,40.0,0.9,True,2.523497572814364,False
133,0.0,40.0,0.9,True,2.542471238775374,False
134,0.3,40.3,0.3,True,2.5614449047363843,False
135,0.0,40.3,0.9,True,2.5804185706973946,False
136,0.0,40.3,1.0,True,2.599392236658405,False
137,0.0,40.3,1.0,True,2.618365902619415,False
138,0.9,41.199999999999996,0.9,True,2.6373395685804253,False
139,0.0,41.199999999999996,0.8,True,2.6563132345414355,False
140,0.0,41.199999999999996,1.0,True,2.6752869005024458,False
141,0.4,41.599999999999994,0.4,True,2.694260566463456,False
142,0.0,41.599999999999994,1.0,True,2.7132342324244663,False
143,0.0,41.599999999999994,0.9,True,2.7322078983854765,False
144,0.8,42.39999999999999,0.8,True,2.7511815643464868,False
145,0.9,43.29999999999999,0.9,True,2.770155230307497,False
146,0.0,43.29999999999999,0.9,True,2.7891288962685072,False
147,0.0,43.29999999999999,1.0,True,2.8081025622295175,False
148,0.0,43.29999999999999,0.9,True,2.8270762281905277,False
149,0.0,43.29999999999999,0.9,True,2.846049894151538,False
150,0.0,43.29999999999999,0.7,True,2.865023560112548,True
151,0.0,43.29999999999999,1.0,True,2.8839972260735585,False
152,0.0,43.29999999999999,0.8,True,2.9029708920345687,False
153,0.0,43.29999999999999,0.8,True,2.921944557995579,False
154,0.0,43.29999999999999,0.7,True,2.940918223956589,False
155,0.0,43.29999999999999,0.7,True,2.9598918899175994,False
156,0.0,43.29999999999999,1.0,True,2.9788655558786097,False
157,0.0,43.29999999999999,0.9,True,2.99783922183962,False
158,0.0,43.29999999999999,0.9,True,3.01681288780063,False
159,0.0,43.29999999999999,0.8,True,3.0357865537616404,False
160,0.0,43.29999999999999,0.3,True,3.0547602197226507,False
161,0.0,43.29999999999999,0.8,True,3.073733885683661,False
162,0.0,43.29999999999999,0.6,True,3.092707551644671,False
163,0.0,43.29999999999999,0.9,True,3.1116812176056814,False
164,0.0,43.29999999999999,0.9,True,3.1306548835666916,False
165,0.0,43.29999999999999,1.0,True,3.149628549527702,False
166,0.0,43.29999999999999,1.0,True,3.168602215488712,False
167,0.5,43.79999999999999,0.5,True,3.1875758814497224,False
168,0.0,43.79999999999999,1.0,True,3.2065495474107326,False
169,0.0,43.79999999999999,0.8,True,3.225523213371743,False
170,0.0,43.79999999999999,1.0,True,3.244496879332753,False
171,0.0,43.79999999999999,0.8,True,3.2634705452937633,False
172,0.0,43.79999999999999,0.9,True,3.2824442112547736,False
173,0.0,43.79999999999999,0.9,True,3.301417877215784,False
174,0.0,43.79999999999999,1.0,True,3.320391543176794,False
175,0.0,43.79999999999999,0.8,True,3.3393652091378043,False
176,0.0,43.79999999999999,1.0,True,3.3583388750988146,False
177,0.0,43.79999999999999,0.9,True,3.377312541059825,False
178,0.0,43.79999999999999,0.9,True,3.396286207020835,False
179,0.0,43.79999999999999,0.8,True,3.4152598729818453,False
180,0.0,43.79999999999999,0.9,True,3.4342335389428555,False
181,0.0,43.79999999999999,0.8,True,3.453207204903866,False
182,0.0,43.79999999999999,0.8,True,3.472180870864876,False
183,0.0,43.79999999999999,1.0,True,3.4911545368258863,False
184,0.0,43.79999999999999,1.0,True,3.5101282027868965,False
185,0.0,43.79999999999999,0.9,True,3.5291018687479068,False
186,0.0,43.79999999999999,0.9,True,3.548075534708917,False
187,0.0,43.79999999999999,1.0,True,3.5670492006699273,False
188,0.0,43.79999999999999,0.6,True,3.5860228666309375,False
189,0.0,43.79999999999999,0.8,True,3.6049965325919477,False
190,0.0,43.79999999999999,0.9,True,3.623970198552958,False
191,0.0,43.79999999999999,1.0,True,3.6429438645139682,False
192,0.0,43.79999999999999,0.8,True,3.6619175304749785,False
193,0.0,43.79999999999999,0.7,True,3.6808911964359887,False
194,0.0,43.79999999999999,0.7,True,3.699864862396999,False
195,0.0,43.79999999999999,0.8,True,3.718838528358009,False
196,0.0,43.79999999999999,1.0,True,3.7378121943190195,False
197,0.0,43.79999999999999,0.9,True,3.7567858602800297,False
198,0.0,43.79999999999999,1.0,True,3.77575952624104,False
199,0.0,43.79999999999999,0.9,True,3.79473319220205,False
200,0.0,43.79999999999999,1.0,True,3.8137068581630604,False
201,0.0,43.79999999999999,0.8,True,3.8326805241240707,False
202,0.0,43.79999999999999,1.0,True,3.851654190085081,False
203,0.0,43.79999999999999,0.9,True,3.870627856046091,False
204,0.0,43.79999999999999,0.8,True,3.8896015220071014,False
205,0.0,43.79999999999999,0.7,True,3.9085751879681117,False
206,0.0,43.79999999999999,0.9,True,3.927548853929122,False
207,0.0,43.79999999999999,0.8,True,3.946522519890132,False
208,0.0,43.79999999999999,1.0,True,3.9654961858511424,False
209,0.0,43.79999999999999,0.9,True,3.9844698518121526,False
210,0.0,43.79999999999999,0.9,True,4.003443517773163,False
211,0.0,43.79999999999999,0.4,True,4.022417183734174,False
212,0.0,43.79999999999999,0.7,True,4.041390849695184,False
213,0.0,43.79999999999999,1.0,True,4.060364515656195,False
214,0.0,43.79999999999999,1.0,True,4.079338181617206,False
215,0.0,43.79999999999999,1.0,True,4.098311847578216,False
216,0.0,43.79999999999999,0.9,True,4.117285513539227,False
217,0.0,43.79999999999999,0.8,True,4.136259179500238,False
218,0.0,43.79999999999999,1.0,True,4.155232845461248,False
219,0.0,43.79999999999999,1.0,True,4.174206511422259,False
220,0.0,43.79999999999999,1.0,True,4.19318017738327,False
221,0.0,43.79999999999999,0.7,True,4.2121538433442804,False
222,0.0,43.79999999999999,1.0,True,4.231127509305291,False
223,0.0,43.79999999999999,1.0,True,4.250101175266302,False
224,0.0,43.79999999999999,1.0,True,4.2690748412273125,False
225,0.0,43.79999999999999,0.7,True,4.288048507188323,True
226,0.0,43.79999999999999,1.0,True,4.307022173149334,False
227,0.0,43.79999999999999,0.9,True,4.325995839110345,False
228,0.0,43.79999999999999,0.8,True,4.344969505071355,False
229,0.0,43.79999999999999,1.0,True,4.363943171032366,False
230,0.0,43.79999999999999,0.9,True,4.382916836993377,False
231,0.0,43.79999999999999,0.9,True,4.401890502954387,False
232,0.0,43.79999999999999,0.8,True,4.420864168915398,False
233,0.0,43.79999999999999,0.5,True,4.439837834876409,False
234,0.0,43.79999999999999,0.9,True,4.458811500837419,False
235,0.0,43.79999999999999,0.8,True,4.47778516679843,False
236,0.0,43.79999999999999,0.9,True,4.496758832759441,False
237,0.0,43.79999999999999,1.0,True,4.5157324987204515,False
238,0.0,43.79999999999999,0.9,True,4.534706164681462,False
239,0.0,43.79999999999999,1.0,True,4.553679830642473,False
240,0.0,43.79999999999999,0.9,True,4.5726534966034835,False
241,0.0,43.79999999999999,0.6,True,4.591627162564494,False
242,0.0,43.79999999999999,0.9,True,4.610600828525505,False
243,0.0,43.79999999999999,0.9,True,4.629574494486516,False
244,0.0,43.79999999999999,0.8,True,4.648548160447526,False
245,0.0,43.79999999999999,0.8,True,4.667521826408537,False
246,0.0,43.79999999999999,0.8,True,4.686495492369548,False
247,0.0,43.79999999999999,0.8,True,4.705469158330558,False
248,0.0,43.79999999999999,1.0,True,4.724442824291569,False
249,0.0,43.79999999999999,0.9,True,4.74341649025258,False
250,0.0,43.79999999999999,0.9,True,4.76239015621359,False
251,0.0,43.79999999999999,1.0,True,4.781363822174601,False
252,0.0,43.79999999999999,0.8,True,4.800337488135612,False
253,0.0,43.79999999999999,0.8,True,4.8193111540966225,False
254,0.0,43.79999999999999,0.9,True,4.838284820057633,False
255,0.0,43.79999999999999,0.6,True,4.857258486018644,False
256,0.0,43.79999999999999,0.7,True,4.8762321519796545,False
257,0.0,43.79999999999999,0.9,True,4.895205817940665,False
258,0.0,43.79999999999999,1.0,True,4.914179483901676,False
259,0.2,43.99999999999999,0.2,True,4.933153149862687,False
260,0.0,43.99999999999999,1.0,True,4.952126815823697,False
261,0.0,43.99999999999999,0.5,True,4.971100481784708,False
262,0.0,43.99999999999999,0.6,True,4.990074147745719,False
263,0.0,43.99999999999999,1.0,True,5.009047813706729,False
264,0.0,43.99999999999999,0.7,True,5.02802147966774,False
265,0.0,43.99999999999999,0.7,True,5.046995145628751,False
266,0.0,43.99999999999999,0.8,True,5.065968811589761,False
267,0.0,43.99999999999999,0.7,True,5.084942477550772,False
268,0.0,43.99999999999999,0.8,True,5.103916143511783,False
269,0.0,43.99999999999999,0.7,True,5.1228898094727935,False
270,0.0,43.99999999999999,0.9,True,5.141863475433804,False
271,0.0,43.99999999999999,0.8,True,5.160837141394815,False
272,0.0,43.99999999999999,1.0,True,5.1798108073558256,False
273,0.0,43.99999999999999,0.8,True,5.198784473316836,False
274,0.0,43.99999999999999,0.9,True,5.217758139277847,False
275,0.0,43.99999999999999,1.0,True,5.236731805238858,False
276,0.0,43.99999999999999,0.9,True,5.255705471199868,False
277,0.0,43.99999999999999,0.3,True,5.274679137160879,False
278,0.0,43.99999999999999,1.0,True,5.29365280312189,False
279,0.0,43.99999999999999,0.7,True,5.3126264690829,False
280,0.0,43.99999999999999,0.8,True,5.331600135043911,False
281,0.0,43.99999999999999,0.8,True,5.350573801004922,False
282,0.0,43.99999999999999,1.0,True,5.369547466965932,False
283,0.0,43.99999999999999,0.7,True,5.388521132926943,False
284,0.0,43.99999999999999,0.7,True,5.407494798887954,False
285,0.0,43.99999999999999,0.8,True,5.4264684648489645,False
286,0.0,43.99999999999999,0.8,True,5.445442130809975,False
287,0.0,43.99999999999999,0.9,True,5.464415796770986,False
288,0.0,43.99999999999999,1.0,True,5.483389462731997,False
289,0.0,43.99999999999999,0.7,True,5.502363128693007,False
290,0.0,43.99999999999999,0.9,True,5.521336794654018,False
291,0.0,43.99999999999999,0.8,True,5.540310460615029,False
292,0.0,43.99999999999999,1.0,True,5.559284126576039,False
293,0.0,43.99999999999999,0.7,True,5.57825779253705,False
294,0.0,43.99999999999999,1.0,True,5.597231458498061,False
295,0.0,43.99999999999999,1.0,True,5.616205124459071,False
296,0.0,43.99999999999999,1.0,True,5.635178790420082,False
297,0.0,43.99999999999999,1.0,True,5.654152456381093,False
298,0.0,43.99999999999999,0.8,True,5.6731261223421035,False
299,0.0,43.99999999999999,0.7,True,5.692099788303114,False
300,0.0,43.99999999999999,0.8,True,5.711073454264125,True
301,0.0,43.99999999999999,1.0,True,5.7300471202251355,False
302,0.0,43.99999999999999,0.6,True,5.749020786186146,False
303,0.0,43.99999999999999,0.9,True,5.767994452147157,False
304,0.0,43.99999999999999,0.9,True,5.786968118108168,False
305,0.0,43.99999999999999,1.0,True,5.805941784069178,False
306,0.0,43.99999999999999,0.7,True,5.824915450030189,False
307,0.7,44.699999999999996,0.7,True,5.8438891159912,False
308,0.0,44.699999999999996,0.8,True,5.86286278195221,False
309,0.0,44.699999999999996,1.0,True,5.881836447913221,False
310,0.0,44.699999999999996,0.8,True,5.900810113874232,False
311,0.0,44.699999999999996,0.7,True,5.919783779835242,False
312,0.0,44.699999999999996,0.8,True,5.938757445796253,False
313,0.0,44.699999999999996,0.8,True,5.957731111757264,False
314,0.0,44.699999999999996,1.0,True,5.9767047777182745,False
315,0.0,44.699999999999996,1.0,True,5.995678443679285,False
316,0.0,44.699999999999996,0.6,True,6.014652109640296,False
317,0.0,44.699999999999996,0.7,True,6.0336257756013065,False
318,0.0,44.699999999999996,0.8,True,6.052599441562317,False
319,0.0,44.699999999999996,1.0,True,6.071573107523328,False
320,0.0,44.699999999999996,1.0,True,6.090546773484339,False
321,0.0,44.699999999999996,0.9,True,6.109520439445349,False
322,0.4,45.099999999999994,0.4,True,6.12849410540636,False
323,0.0,45.099999999999994,0.8,True,6.147467771367371,False
324,0.0,45.099999999999994,0.6,True,6.166441437328381,False
325,0.0,45.099999999999994,0.4,True,6.185415103289392,False
326,0.0,45.099999999999994,0.7,True,6.204388769250403,False
327,0.0,45.099999999999994,0.7,True,6.223362435211413,False
328,0.0,45.099999999999994,0.9,True,6.242336101172424,False
329,0.0,45.099999999999994,0.8,True,6.261309767133435,False
330,0.1,45.199999999999996,0.1,True,6.2802834330944455,False
331,0.0,45.199999999999996,0.7,True,6.299257099055456,False
332,0.0,45.199999999999996,0.1,True,6.318230765016467,False
333,0.0,45.199999999999996,0.8,True,6.3372044309774775,False
334,0.0,45.199999999999996,0.7,True,6.356178096938488,False
335,0.0,45.199999999999996,1.0,True,6.375151762899499,False
336,0.5,45.699999999999996,0.5,True,6.39412542886051,False
337,0.0,45.699999999999996,0.6,True,6.41309909482152,False
338,0.0,45.699999999999996,1.0,True,6.432072760782531,False
339,0.0,45.699999999999996,0.8,True,6.451046426743542,False
340,0.0,45.699999999999996,1.0,True,6.470020092704552,False
341,0.0,45.699999999999996,0.3,True,6.488993758665563,False
342,0.3,45.99999999999999,0.3,True,6.507967424626574,False
343,0.0,45.99999999999999,0.6,True,6.526941090587584,False
344,0.0,45.99999999999999,1.0,True,6.545914756548595,False
345,0.0,45.99999999999999,0.9,True,6.564888422509606,False
346,0.0,45.99999999999999,1.0,True,6.5838620884706165,False
347,0.0,45.99999999999999,0.6,True,6.602835754431627,False
348,0.0,45.99999999999999,0.8,True,6.621809420392638,False
349,0.0,45.99999999999999,0.8,True,6.640783086353649,False
350,0.0,45.99999999999999,0.7,True,6.659756752314659,False
351,0.0,45.99999999999999,0.9,True,6.67873041827567,False
352,0.0,45.99999999999999,1.0,True,6.697704084236681,False
353,0.0,45.99999999999999,0.6,True,6.716677750197691,False
354,0.4,46.39999999999999,0.4,True,6.735651416158702,False
355,0.0,46.39999999999999,0.5,True,6.754625082119713,False
356,0.1,46.49999999999999,0.1,True,6.773598748080723,False
357,0.0,46.49999999999999,1.0,True,6.792572414041734,False
358,0.0,46.49999999999999,0.9,True,6.811546080002745,False
359,0.3,46.79999999999999,0.3,True,6.830519745963755,False
360,0.0,46.79999999999999,0.9,True,6.849493411924766,False
361,0.0,46.79999999999999,0.9,True,6.868467077885777,False
362,0.0,46.79999999999999,0.7,True,6.8874407438467875,False
363,0.5,47.29999999999999,0.5,True,6.906414409807798,False
364,0.6,47.89999999999999,0.6,True,6.925388075768809,False
365,0.6,48.49999999999999,0.6,True,6.94436174172982,False
366,0.0,48.49999999999999,0.7,True,6.96333540769083,False
367,0.0,48.49999999999999,0.7,True,6.982309073651841,False
368,0.0,48.49999999999999,1.0,True,7.001282739612852,False
369,0.5,48.99999999999999,0.5,True,7.020256405573862,False
370,0.0,48.99999999999999,0.7,True,7.039230071534873,False
371,0.0,48.99999999999999,0.9,True,7.058203737495884,False
372,0.0,48.99999999999999,0.3,True,7.077177403456894,False
373,0.0,48.99999999999999,0.8,True,7.096151069417905,False
374,0.0,48.99999999999999,0.7,True,7.115124735378916,False
375,0.7,49.699999999999996,0.7,True,7.1340984013399265,True
376,0.0,49.699999999999996,0.5,True,7.153072067300937,False
377,0.0,49.699999999999996,0.9,True,7.172045733261948,False
378,0.8,50.49999999999999,0.8,True,7.1910193992229585,False
379,0.0,50.49999999999999,0.9,True,7.209993065183969,False
380,0.0,50.49999999999999,0.6,True,7.22896673114498,False
381,0.0,50.49999999999999,0.8,True,7.247940397105991,False
382,0.5,50.99999999999999,0.5,True,7.266914063067001,False
383,0.0,50.99999999999999,0.9,True,7.285887729028012,False
384,0.0,50.99999999999999,0.9,True,7.304861394989023,False
385,0.0,50.99999999999999,0.6,True,7.323835060950033,False
386,0.0,50.99999999999999,1.0,True,7.342808726911044,False
387,0.9,51.89999999999999,0.9,True,7.361782392872055,False
388,0.0,51.89999999999999,0.7,True,7.380756058833065,False
389,0.0,51.89999999999999,0.8,True,7.399729724794076,False
390,0.0,51.89999999999999,1.0,True,7.418703390755087,False
391,0.0,51.89999999999999,0.8,True,7.4376770567160975,False
392,0.0,51.89999999999999,0.9,True,7.456650722677108,False
393,0.0,51.89999999999999,1.0,True,7.475624388638119,False
394,0.5,52.39999999999999,0.5,True,7.4945980545991295,False
395,0.0,52.39999999999999,0.7,True,7.51357172056014,False
396,0.0,52.39999999999999,0.6,True,7.532545386521151,False
397,0.7,53.099999999999994,0.7,True,7.551519052482162,False
398,0.0,53.099999999999994,0.6,True,7.570492718443172,False
399,0.0,53.099999999999994,0.7,True,7.589466384404183,False
400,0.0,53.099999999999994,1.0,True,7.608440050365194,False
401,0.0,53.099999999999994,0.6,True,7.627413716326204,False
402,0.0,53.099999999999994,0.9,True,7.646387382287215,False
403,0.0,53.099999999999994,0.5,True,7.665361048248226,False
404,0.0,53.099999999999994,0.5,True,7.684334714209236,False
405,0.0,53.099999999999994,0.9,True,7.703308380170247,False
406,0.0,53.099999999999994,0.7,True,7.722282046131258,False
407,0.0,53.099999999999994,0.9,True,7.7412557120922685,False
408,0.5,53.599999999999994,0.5,True,7.760229378053279,False
409,0.7,54.3,0.7,True,7.77920304401429,False
410,0.0,54.3,1.0,True,7.7981767099753005,False
411,0.0,54.3,1.0,True,7.817150375936311,False
412,0.0,54.3,0.5,True,7.836124041897322,False
413,0.4,54.699999999999996,0.4,True,7.855097707858333,False
414,0.0,54.699999999999996,0.8,True,7.874071373819343,False
415,0.0,54.699999999999996,1.0,True,7.893045039780354,False
416,0.0,54.699999999999996,0.6,True,7.912018705741365,False
417,0.5,55.199999999999996,0.5,True,7.930992371702375,False
418,0.0,55.199999999999996,1.0,True,7.949966037663386,False
419,0.0,55.199999999999996,1.0,True,7.968939703624397,False
420,0.0,55.199999999999996,0.7,True,7.987913369585407,False
421,0.8,55.99999999999999,0.8,True,8.006887035546418,False
422,0.0,55.99999999999999,0.5,True,8.025860701507428,False
423,0.0,55.99999999999999,0.8,True,8.044834367468438,False
424,0.0,55.99999999999999,1.0,True,8.063808033429448,False
425,0.0,55.99999999999999,0.7,True,8.082781699390457,False
426,0.0,55.99999999999999,1.0,True,8.101755365351467,False
427,0.0,55.99999999999999,0.9,True,8.120729031312477,False
428,0.0,55.99999999999999,1.0,True,8.139702697273487,False
429,0.8,56.79999999999999,0.8,True,8.158676363234497,False
430,0.0,56.79999999999999,1.0,True,8.177650029195506,False
431,0.0,56.79999999999999,1.0,True,8.196623695156516,False
432,0.0,56.79999999999999,0.9,True,8.215597361117526,False
433,0.0,56.79999999999999,0.8,True,8.234571027078536,False
434,0.0,56.79999999999999,0.7,True,8.253544693039546,False
435,0.0,56.79999999999999,0.8,True,8.272518359000555,False
436,0.0,56.79999999999999,1.0,True,8.291492024961565,False
437,0.0,56.79999999999999,0.9,True,8.310465690922575,False
438,0.0,56.79999999999999,0.8,True,8.329439356883585,False
439,0.0,56.79999999999999,0.7,True,8.348413022844595,False
440,0.6,57.39999999999999,0.6,True,8.367386688805604,False
441,0.0,57.39999999999999,0.9,True,8.386360354766614,False
442,0.0,57.39999999999999,0.9,True,8.405334020727624,False
443,0.0,57.39999999999999,0.5,True,8.424307686688634,False
444,0.0,57.39999999999999,0.8,True,8.443281352649644,False
445,0.0,57.39999999999999,0.9,True,8.462255018610653,False
446,0.0,57.39999999999999,0.7,True,8.481228684571663,False
447,0.0,57.39999999999999,0.6,True,8.500202350532673,False
448,0.0,57.39999999999999,0.6,True,8.519176016493683,False
449,0.0,57.39999999999999,0.8,True,8.538149682454693,False
450,0.0,57.39999999999999,0.8,True,8.557123348415702,True
451,0.0,57.39999999999999,0.8,True,8.576097014376712,False
452,0.0,57.39999999999999,0.7,True,8.595070680337722,False
453,0.0,57.39999999999999,0.7,True,8.614044346298732,False
454,0.0,57.39999999999999,0.8,True,8.633018012259742,False
455,0.0,57.39999999999999,0.9,True,8.651991678220751,False
456,0.0,57.39999999999999,0.5,True,8.670965344181761,False
457,0.0,57.39999999999999,0.9,True,8.689939010142771,False
458,0.0,57.39999999999999,0.7,True,8.70891267610378,False
459,0.0,57.39999999999999,0.8,True,8.72788634206479,False
460,0.0,57.39999999999999,0.8,True,8.7468600080258,False
461,0.0,57.39999999999999,0.8,True,8.76583367398681,False
462,0.5,57.89999999999999,0.5,True,8.78480733994782,False
463,0.0,57.89999999999999,0.5,True,8.80378100590883,False
464,0.0,57.89999999999999,0.6,True,8.82275467186984,False
465,0.0,57.89999999999999,0.8,True,8.84172833783085,False
466,0.2,58.099999999999994,0.2,True,8.86070200379186,False
467,0.0,58.099999999999994,1.0,True,8.879675669752869,False
468,0.0,58.099999999999994,0.7,True,8.898649335713879,False
469,0.0,58.099999999999994,0.9,True,8.917623001674889,False
470,0.0,58.099999999999994,0.8,True,8.936596667635898,False
471,0.0,58.099999999999994,0.4,True,8.955570333596908,False
472,0.0,58.099999999999994,1.0,True,8.974543999557918,False
473,0.0,58.099999999999994,0.7,True,8.993517665518928,False
474,0.5,58.599999999999994,0.5,True,9.012491331479938,False
475,0.5,59.099999999999994,0.5,True,9.031464997440947,False
476,0.0,59.099999999999994,0.7,True,9.050438663401957,False
477,0.0,59.099999999999994,0.6,True,9.069412329362967,False
478,0.0,59.099999999999994,1.0,True,9.088385995323977,False
479,0.8,59.89999999999999,0.8,True,9.107359661284987,False
480,0.0,59.89999999999999,0.8,True,9.126333327245996,False
481,0.5,60.39999999999999,0.5,True,9.145306993207006,False
482,0.0,60.39999999999999,0.8,True,9.164280659168016,False
483,0.0,60.39999999999999,0.8,True,9.183254325129026,False
484,0.0,60.39999999999999,0.8,True,9.202227991090036,False
485,0.5,60.89999999999999,0.5,True,9.221201657051045,False
486,0.0,60.89999999999999,0.6,True,9.240175323012055,False
487,0.0,60.89999999999999,0.8,True,9.259148988973065,False
488,0.0,60.89999999999999,0.8,True,9.278122654934075,False
489,0.0,60.89999999999999,0.9,True,9.297096320895085,False
490,0.0,60.89999999999999,0.8,True,9.316069986856094,False
491,0.0,60.89999999999999,0.8,True,9.335043652817104,False
492,0.8,61.69999999999999,0.8,True,9.354017318778114,False
493,0.0,61.69999999999999,0.7,True,9.372990984739124,False
494,0.0,61.69999999999999,0.8,True,9.391964650700134,False
495,0.0,61.69999999999999,0.8,True,9.410938316661143,False
496,0.0,61.69999999999999,0.7,True,9.429911982622153,False
497,0.0,61.69999999999999,0.6,True,9.448885648583163,False
498,0.0,61.69999999999999,0.7,True,9.467859314544173,False
499,0.5,62.19999999999999,0.5,True,9.486832980505183,False
500,0.0,62.19999999999999,0.9,True,9.505806646466192,False
501,0.0,62.19999999999999,1.0,True,9.524780312427202,False
502,0.0,62.19999999999999,0.7,True,9.543753978388212,False
503,0.0,62.19999999999999,0.3,True,9.562727644349222,False
504,0.0,62.19999999999999,1.0,True,9.581701310310232,False
505,0.0,62.19999999999999,0.5,True,9.600674976271241,False
506,0.0,62.19999999999999,0.9,True,9.619648642232251,False
507,0.0,62.19999999999999,0.7,True,9.638622308193261,False
508,0.5,62.69999999999999,0.5,True,9.65759597415427,False
509,0.0,62.69999999999999,0.5,True,9.67656964011528,False
510,0.0,62.69999999999999,0.7,True,9.69554330607629,False
511,0.0,62.69999999999999,0.7,True,9.7145169720373,False
512,0.0,62.69999999999999,0.8,True,9.73349063799831,False
513,0.0,62.69999999999999,0.8,True,9.75246430395932,False
514,0.0,62.69999999999999,0.9,True,9.77143796992033,False
515,0.0,62.69999999999999,0.7,True,9.79041163588134,False
516,0.0,62.69999999999999,0.9,True,9.80938530184235,False
517,0.0,62.69999999999999,0.8,True,9.828358967803359,False
518,0.0,62.69999999999999,0.9,True,9.847332633764369,False
519,0.0,62.69999999999999,1.0,True,9.866306299725379,False
520,0.0,62.69999999999999,0.8,True,9.885279965686388,False
521,0.0,62.69999999999999,1.0,True,9.904253631647398,False
522,0.0,62.69999999999999,0.9,True,9.923227297608408,False
523,0.0,62.69999999999999,0.7,True,9.942200963569418,False
524,0.5,63.19999999999999,0.5,True,9.961174629530428,False
525,0.2,63.39999999999999,0.2,True,9.980148295491437,True
526,0.0,63.39999999999999,0.5,True,9.999121961452447,False
527,0.0,63.39999999999999,0.8,True,10.018095627413457,False
528,0.0,63.39999999999999,0.5,True,10.037069293374467,False
529,0.0,63.39999999999999,0.9,True,10.056042959335477,False
530,0.0,63.39999999999999,0.7,True,10.075016625296486,False
531,0.0,63.39999999999999,1.0,True,10.093990291257496,False
532,0.0,63.39999999999999,0.9,True,10.112963957218506,False
533,0.0,63.39999999999999,0.8,True,10.131937623179516,False
534,0.2,63.599999999999994,0.2,True,10.150911289140526,False
535,0.0,63.599999999999994,0.6,True,10.169884955101535,False
536,0.0,63.599999999999994,0.9,True,10.188858621062545,False
537,0.0,63.599999999999994,0.9,True,10.207832287023555,False
538,0.0,63.599999999999994,0.9,True,10.226805952984565,False
539,0.0,63.599999999999994,0.6,True,10.245779618945575,False
540,0.0,63.599999999999994,0.7,True,10.264753284906584,False
541,0.0,63.599999999999994,0.5,True,10.283726950867594,False
542,0.0,63.599999999999994,0.6,True,10.302700616828604,False
543,0.0,63.599999999999994,0.4,True,10.321674282789614,False
544,0.0,63.599999999999994,0.6,True,10.340647948750624,False
545,0.0,63.599999999999994,1.0,True,10.359621614711633,False
546,0.0,63.599999999999994,0.6,True,10.378595280672643,False
547,0.5,64.1,0.5,True,10.397568946633653,False
548,0.0,64.1,0.8,True,10.416542612594663,False
549,0.0,64.1,1.0,True,10.435516278555673,False
550,0.0,64.1,0.8,True,10.454489944516682,False
551,0.0,64.1,0.4,True,10.473463610477692,False
552,0.0,64.1,0.6,True,10.492437276438702,False
553,0.0,64.1,1.0,True,10.511410942399712,False
554,0.0,64.1,0.9,True,10.530384608360722,False
555,0.0,64.1,0.5,True,10.549358274321731,False
556,0.0,64.1,1.0,True,10.568331940282741,False
557,0.0,64.1,0.8,True,10.587305606243751,False
558,0.0,64.1,0.8,True,10.60627927220476,False
559,0.0,64.1,1.0,True,10.62525293816577,False
560,0.0,64.1,0.5,True,10.64422660412678,False
561,0.0,64.1,0.5,True,10.66320027008779,False
562,0.0,64.1,0.7,True,10.6821739360488,False
563,0.0,64.1,0.5,True,10.70114760200981,False
564,0.0,64.1,1.0,True,10.72012126797082,False
565,0.0,64.1,0.9,True,10.73909493393183,False
566,0.0,64.1,0.9,True,10.75806859989284,False
567,0.0,64.1,0.6,True,10.777042265853849,False
568,0.0,64.1,0.6,True,10.796015931814859,False
569,0.0,64.1,0.8,True,10.814989597775869,False
570,0.0,64.1,1.0,True,10.833963263736878,False
571,0.0,64.1,0.8,True,10.852936929697888,False
572,0.0,64.1,0.8,True,10.871910595658898,False
573,0.3,64.39999999999999,0.3,True,10.890884261619908,False
574,0.0,64.39999999999999,0.9,True,10.909857927580918,False
575,0.0,64.39999999999999,0.8,True,10.928831593541927,False
576,0.0,64.39999999999999,1.0,True,10.947805259502937,False
577,0.0,64.39999999999999,1.0,True,10.966778925463947,False
578,0.0,64.39999999999999,0.9,True,10.985752591424957,False
579,0.0,64.39999999999999,0.6,True,11.004726257385967,False
580,0.0,64.39999999999999,0.5,True,11.023699923346976,False
581,0.0,64.39999999999999,0.8,True,11.042673589307986,False
582,0.0,64.39999999999999,1.0,True,11.061647255268996,False
583,0.5,64.89999999999999,0.5,True,11.080620921230006,False
584,0.0,64.89999999999999,0.8,True,11.099594587191016,False
585,0.0,64.89999999999999,0.9,True,11.118568253152025,False
586,0.0,64.89999999999999,1.0,True,11.137541919113035,False
587,0.0,64.89999999999999,0.7,True,11.156515585074045,False
588,0.0,64.89999999999999,0.8,True,11.175489251035055,False
589,0.0,64.89999999999999,0.7,True,11.194462916996065,False
590,0.0,64.89999999999999,1.0,True,11.213436582957074,False
591,0.5,65.39999999999999,0.5,True,11.232410248918084,False
592,0.0,65.39999999999999,0.5,True,11.251383914879094,False
593,0.0,65.39999999999999,0.6,True,11.270357580840104,False
594,0.0,65.39999999999999,0.5,True,11.289331246801114,False
595,0.0,65.39999999999999,0.8,True,11.308304912762123,False
596,0.0,65.39999999999999,0.4,True,11.327278578723133,False
597,0.0,65.39999999999999,1.0,True,11.346252244684143,False
598,0.0,65.39999999999999,0.7,True,11.365225910645153,False
599,0.0,65.39999999999999,0.6,True,11.384199576606163,False
600,0.0,65.39999999999999,0.0,False,11.355739077664648,False
601,0.0,65.39999999999999,0.0,False,11.327278578723133,False
602,0.0,65.39999999999999,0.0,False,11.298818079781618,False
603,0.0,65.39999999999999,0.0,False,11.270357580840104,False
604,0.0,65.39999999999999,0.0,False,11.241897081898589,False
605,0.0,65.39999999999999,0.0,False,11.213436582957074,False
606,0.0,65.39999999999999,0.0,False,11.18497608401556,False
607,0.0,65.39999999999999,0.0,False,11.156515585074045,False
608,0.0,65.39999999999999,0.0,False,11.12805508613253,False
609,0.0,65.39999999999999,0.0,False,11.099594587191016,False
610,0.0,65.39999999999999,0.0,False,11.0711340882495,False
611,0.0,65.39999999999999,0.0,False,11.042673589307986,False
612,0.0,65.39999999999999,0.0,False,11.014213090366471,False
613,0.0,65.39999999999999,0.0,False,10.985752591424957,False
614,0.0,65.39999999999999,0.0,False,10.957292092483442,False
615,0.0,65.39999999999999,0.0,False,10.928831593541927,False
616,0.0,65.39999999999999,0.0,False,10.900371094600413,False
617,0.0,65.39999999999999,0.0,False,10.871910595658898,False
618,0.0,65.39999999999999,0.0,False,10.843450096717383,False
619,0.0,65.39999999999999,0.0,False,10.814989597775869,False
620,0.0,65.39999999999999,0.0,False,10.786529098834354,False
621,0.0,65.39999999999999,0.0,False,10.75806859989284,False
622,0.0,65.39999999999999,0.0,False,10.729608100951324,False
623,0.0,65.39999999999999,0.0,False,10.70114760200981,False
624,0.0,65.39999999999999,0.0,False,10.672687103068295,False
625,0.0,65.39999999999999,0.0,False,10.64422660412678,False
626,0.0,65.39999999999999,0.0,False,10.615766105185266,False
627,0.0,65.39999999999999,0.0,False,10.587305606243751,False
628,0.0,65.39999999999999,0.0,False,10.558845107302236,False
629,0.0,65.39999999999999,0.0,False,10.530384608360722,False
630,0.0,65.39999999999999,0.0,False,10.501924109419207,False
631,0.0,65.39999999999999,0.0,False,10.473463610477692,False
632,0.0,65.39999999999999,0.0,False,10.445003111536177,False
633,0.0,65.39999999999999,0.0,False,10.416542612594663,False
634,0.0,65.39999999999999,0.0,False,10.388082113653148,False
635,0.0,65.39999999999999,0.0,False,10.359621614711633,False
636,0.0,65.39999999999999,0.0,False,10.331161115770119,False
637,0.0,65.39999999999999,0.0,False,10.302700616828604,False
638,0.0,65.39999999999999,0.0,False,10.27424011788709,False
639,0.0,65.39999999999999,0.0,False,10.245779618945575,False
640,0.0,65.39999999999999,0.0,False,10.21731912000406,False
641,0.0,65.39999999999999,0.0,False,10.188858621062545,False
642,0.0,65.39999999999999,0.0,False,10.16039812212103,False
643,0.0,65.39999999999999,0.0,False,10.131937623179516,False
644,0.0,65.39999999999999,0.0,False,10.103477124238001,False
645,0.0,65.39999999999999,0.0,False,10.075016625296486,False
646,0.0,65.39999999999999,0.0,False,10.046556126354972,False
647,0.0,65.39999999999999,0.0,False,10.018095627413457,False
648,0.0,65.39999999999999,0.0,False,9.989635128471942,False
649,0.0,65.39999999999999,0.0,False,9.961174629530428,False
650,0.0,65.39999999999999,0.0,False,9.932714130588913,False
651,0.0,65.39999999999999,0.0,False,9.904253631647398,False
652,0.0,65.39999999999999,0.0,False,9.875793132705883,False
653,0.0,65.39999999999999,0.0,False,9.847332633764369,False
654,0.0,65.39999999999999,0.0,False,9.818872134822854,False
655,0.0,65.39999999999999,0.0,False,9.79041163588134,False
656,0.0,65.39999999999999,0.0,False,9.761951136939825,False
657,0.0,65.39999999999999,0.0,False,9.73349063799831,False
658,0.0,65.39999999999999,0.0,False,9.705030139056795,False
659,0.0,65.39999999999999,0.0,False,9.67656964011528,False
660,0.0,65.39999999999999,0.0,False,9.648109141173766,False
661,0.0,65.39999999999999,0.0,False,9.619648642232251,False
662,0.0,65.39999999999999,0.0,False,9.591188143290736,False
663,0.0,65.39999999999999,0.0,False,9.562727644349222,False
664,0.0,65.39999999999999,0.0,False,9.534267145407707,False
665,0.0,65.39999999999999,0.0,False,9.505806646466192,False
666,0.0,65.39999999999999,0.0,False,9.477346147524678,False
667,0.0,65.39999999999999,0.0,False,9.448885648583163,False
668,0.0,65.39999999999999,0.0,False,9.420425149641648,False
669,0.0,65.39999999999999,0.0,False,9.391964650700134,False
670,0.0,65.39999999999999,0.0,False,9.363504151758619,False
671,0.0,65.39999999999999,0.0,False,9.335043652817104,False
672,0.0,65.39999999999999,0.0,False,9.30658315387559,False
673,0.0,65.39999999999999,0.0,False,9.278122654934075,False
674,0.0,65.39999999999999,0.0,False,9.24966215599256,False
675,0.0,65.39999999999999,0.0,False,9.221201657051045,False
676,0.0,65.39999999999999,0.0,False,9.19274115810953,False
677,0.0,65.39999999999999,0.0,False,9.164280659168016,False
678,0.0,65.39999999999999,0.0,False,9.135820160226501,False
679,0.0,65.39999999999999,0.0,False,9.107359661284987,False
680,0.0,65.39999999999999,0.0,False,9.078899162343472,False
681,0.0,65.39999999999999,0.0,False,9.050438663401957,False
682,0.0,65.39999999999999,0.0,False,9.021978164460442,False
683,0.0,65.39999999999999,0.0,False,8.993517665518928,False
684,0.0,65.39999999999999,0.0,False,8.965057166577413,False
685,0.0,65.39999999999999,0.0,False,8.936596667635898,False
686,0.0,65.39999999999999,0.0,False,8.908136168694384,False
687,0.0,65.39999999999999,0.0,False,8.879675669752869,False
688,0.0,65.39999999999999,0.0,False,8.851215170811354,False
689,0.0,65.39999999999999,0.0,False,8.82275467186984,False
690,0.0,65.39999999999999,0.0,False,8.794294172928325,False
691,0.0,65.39999999999999,0.0,False,8.76583367398681,False
692,0.0,65.39999999999999,0.0,False,8.737373175045295,False
693,0.0,65.39999999999999,0.0,False,8.70891267610378,False
694,0.0,65.39999999999999,0.0,False,8.680452177162266,False
695,0.0,65.39999999999999,0.0,False,8.651991678220751,False
696,0.0,65.39999999999999,0.0,False,8.623531179279237,False
697,0.0,65.39999999999999,0.0,False,8.595070680337722,False
698,0.0,65.39999999999999,0.0,False,8.566610181396207,False
699,0.0,65.39999999999999,0.0,False,8.538149682454693,False
700,0.0,65.39999999999999,0.0,False,8.509689183513178,False
701,0.0,65.39999999999999,0.0,False,8.481228684571663,False
702,0.0,65.39999999999999,0.0,False,8.452768185630148,False
703,0.0,65.39999999999999,0.0,False,8.424307686688634,False
704,0.0,65.39999999999999,0.0,False,8.395847187747119,False
705,0.0,65.39999999999999,0.0,False,8.367386688805604,False
706,0.0,65.39999999999999,0.0,False,8.33892618986409,False
707,0.0,65.39999999999999,0.0,False,8.310465690922575,False
708,0.0,65.39999999999999,0.0,False,8.28200519198106,False
709,0.0,65.39999999999999,0.0,False,8.253544693039546,False
710,0.0,65.39999999999999,0.0,False,8.22508419409803,False
711,0.0,65.39999999999999,0.0,False,8.196623695156516,False
712,0.0,65.39999999999999,0.0,False,8.168163196215001,False
713,0.0,65.39999999999999,0.0,False,8.139702697273487,False
714,0.0,65.39999999999999,0.0,False,8.111242198331972,False
715,0.0,65.39999999999999,0.0,False,8.082781699390457,False
716,0.0,65.39999999999999,0.0,False,8.054321200448943,False
717,0.0,65.39999999999999,0.0,False,8.025860701507428,False
718,0.0,65.39999999999999,0.0,False,7.997400202565912,False
719,0.0,65.39999999999999,0.0,False,7.968939703624397,False
720,0.0,65.39999999999999,0.0,False,7.940479204682881,False
721,0.0,65.39999999999999,0.0,False,7.912018705741366,False
722,0.0,65.39999999999999,0.0,False,7.88355820679985,False
723,0.0,65.39999999999999,0.0,False,7.855097707858334,False
724,0.0,65.39999999999999,0.0,False,7.826637208916819,False
725,0.0,65.39999999999999,0.0,False,7.798176709975303,False
726,0.0,65.39999999999999,0.0,False,7.769716211033788,False
727,0.0,65.39999999999999,0.0,False,7.741255712092272,False
728,0.0,65.39999999999999,0.0,False,7.7127952131507564,False
729,0.0,65.39999999999999,0.0,False,7.684334714209241,False
730,0.0,65.39999999999999,0.0,False,7.655874215267725,False
731,0.0,65.39999999999999,0.0,False,7.62741371632621,False
732,0.0,65.39999999999999,0.0,False,7.598953217384694,False
733,0.0,65.39999999999999,0.0,False,7.5704927184431785,False
734,0.0,65.39999999999999,0.0,False,7.542032219501663,False
735,0.0,65.39999999999999,0.0,False,7.513571720560147,False
736,0.0,65.39999999999999,0.0,False,7.485111221618632,False
737,0.0,65.39999999999999,0.0,False,7.456650722677116,False
738,0.0,65.39999999999999,0.0,False,7.428190223735601,False
739,0.0,65.39999999999999,0.0,False,7.399729724794085,False
740,0.0,65.39999999999999,0.0,False,7.371269225852569,False
741,0.0,65.39999999999999,0.0,False,7.342808726911054,False
742,0.0,65.39999999999999,0.0,False,7.314348227969538,False
743,0.0,65.39999999999999,0.0,False,7.285887729028023,False
744,0.0,65.39999999999999,0.0,False,7.257427230086507,False
745,0.0,65.39999999999999,0.0,False,7.228966731144991,False
746,0.0,65.39999999999999,0.0,False,7.200506232203476,False
747,0.0,65.39999999999999,0.0,False,7.17204573326196,False
748,0.0,65.39999999999999,0.0,False,7.143585234320445,False
749,0.0,65.39999999999999,0.0,False,7.115124735378929,False
750,0.0,65.39999999999999,0.0,False,7.0866642364374135,False
751,0.0,65.39999999999999,0.0,False,7.058203737495898,False
752,0.0,65.39999999999999,0.0,False,7.029743238554382,False
753,0.0,65.39999999999999,0.0,False,7.001282739612867,False
754,0.0,65.39999999999999,0.0,False,6.972822240671351,False
755,0.0,65.39999999999999,0.0,False,6.944361741729836,False
756,0.0,65.39999999999999,0.0,False,6.91590124278832,False
757,0.0,65.39999999999999,0.0,False,6.887440743846804,False
758,0.0,65.39999999999999,0.0,False,6.858980244905289,False
759,0.0,65.39999999999999,0.0,False,6.830519745963773,False
760,0.0,65.39999999999999,0.0,False,6.802059247022258,False
761,0.0,65.39999999999999,0.0,False,6.773598748080742,False
762,0.0,65.39999999999999,0.0,False,6.745138249139226,False
763,0.0,65.39999999999999,0.0,False,6.716677750197711,False
764,0.0,65.39999999999999,0.0,False,6.688217251256195,False
765,0.0,65.39999999999999,0.0,False,6.65975675231468,False
766,0.0,65.39999999999999,0.0,False,6.631296253373164,False
767,0.0,65.39999999999999,0.0,False,6.6028357544316485,False
768,0.0,65.39999999999999,0.0,False,6.574375255490133,False
769,0.0,65.39999999999999,0.0,False,6.545914756548617,False
770,0.0,65.39999999999999,0.0,False,6.517454257607102,False
771,0.0,65.39999999999999,0.0,False,6.488993758665586,False
772,0.0,65.39999999999999,0.0,False,6.4605332597240706,False
773,0.0,65.39999999999999,0.0,False,6.432072760782555,False
774,0.0,65.39999999999999,0.0,False,6.403612261841039,False
775,0.0,65.39999999999999,0.0,False,6.375151762899524,False
776,0.0,65.39999999999999,0.0,False,6.346691263958008,False
777,0.0,65.39999999999999,0.0,False,6.318230765016493,False
778,0.0,65.39999999999999,0.0,False,6.289770266074977,False
779,0.0,65.39999999999999,0.0,False,6.261309767133461,False
780,0.0,65.39999999999999,0.0,False,6.232849268191946,False
781,0.0,65.39999999999999,0.0,False,6.20438876925043,False
782,0.0,65.39999999999999,0.0,False,6.175928270308915,False
783,0.0,65.39999999999999,0.0,False,6.147467771367399,False
784,0.0,65.39999999999999,0.0,False,6.1190072724258835,False
785,0.0,65.39999999999999,0.0,False,6.090546773484368,False
786,0.0,65.39999999999999,0.0,False,6.062086274542852,False
787,0.0,65.39999999999999,0.0,False,6.033625775601337,False
788,0.0,65.39999999999999,0.0,False,6.005165276659821,False
789,0.0,65.39999999999999,0.0,False,5.9767047777183056,False
790,0.0,65.39999999999999,0.0,False,5.94824427877679,False
791,0.0,65.39999999999999,0.0,False,5.919783779835274,False
792,0.0,65.39999999999999,0.0,False,5.891323280893759,False
793,0.0,65.39999999999999,0.0,False,5.862862781952243,False
794,0.0,65.39999999999999,0.0,False,5.834402283010728,False
795,0.0,65.39999999999999,0.0,False,5.805941784069212,False
796,0.0,65.39999999999999,0.0,False,5.777481285127696,False
797,0.0,65.39999999999999,0.0,False,5.749020786186181,False
798,0.0,65.39999999999999,0.0,False,5.720560287244665,False
799,0.0,65.39999999999999,0.0,False,5.69209978830315,False
800,0.0,65.39999999999999,0.0,False,5.663639289361634,False
801,0.0,65.39999999999999,0.0,False,5.6351787904201185,False
802,0.0,65.39999999999999,0.0,False,5.606718291478603,False
803,0.0,65.39999999999999,0.0,False,5.578257792537087,False
804,0.0,65.39999999999999,0.0,False,5.549797293595572,False
805,0.0,65.39999999999999,0.0,False,5.521336794654056,False
806,0.0,65.39999999999999,0.0,False,5.4928762957125405,False
807,0.0,65.39999999999999,0.0,False,5.464415796771025,False
808,0.0,65.39999999999999,0.0,False,5.435955297829509,False
809,0.0,65.39999999999999,0.0,False,5.407494798887994,False
810,0.0,65.39999999999999,0.0,False,5.379034299946478,False
811,0.0,65.39999999999999,0.0,False,5.350573801004963,False
812,0.0,65.39999999999999,0.0,False,5.322113302063447,False
813,0.0,65.39999999999999,0.0,False,5.293652803121931,False
814,0.0,65.39999999999999,0.0,False,5.265192304180416,False
815,0.0,65.39999999999999,0.0,False,5.2367318052389,False
816,0.0,65.39999999999999,0.0,False,5.208271306297385,False
817,0.0,65.39999999999999,0.0,False,5.179810807355869,False
818,0.0,65.39999999999999,0.0,False,5.1513503084143535,False
819,0.0,65.39999999999999,0.0,False,5.122889809472838,False
820,0.0,65.39999999999999,0.0,False,5.094429310531322,False
821,0.0,65.39999999999999,0.0,False,5.065968811589807,False
822,0.0,65.39999999999999,0.0,False,5.037508312648291,False
823,0.0,65.39999999999999,0.0,False,5.0090478137067755,False
824,0.0,65.39999999999999,0.0,False,4.98058731476526,False
825,0.0,65.39999999999999,0.0,False,4.952126815823744,False
826,0.0,65.39999999999999,0.0,False,4.923666316882229,False
827,0.0,65.39999999999999,0.0,False,4.895205817940713,False
828,0.0,65.39999999999999,0.0,False,4.866745318999198,False
829,0.0,65.39999999999999,0.0,False,4.838284820057682,False
830,0.0,65.39999999999999,0.0,False,4.809824321116166,False
831,0.0,65.39999999999999,0.0,False,4.781363822174651,False
832,0.0,65.39999999999999,0.0,False,4.752903323233135,False
833,0.0,65.39999999999999,0.0,False,4.72444282429162,False
834,0.0,65.39999999999999,0.0,False,4.695982325350104,False
835,0.0,65.39999999999999,0.0,False,4.6675218264085885,False
836,0.0,65.39999999999999,0.0,False,4.639061327467073,False
837,0.0,65.39999999999999,0.0,False,4.610600828525557,False
838,0.0,65.39999999999999,0.0,False,4.582140329584042,False
839,0.0,65.39999999999999,0.0,False,4.553679830642526,False
840,0.0,65.39999999999999,0.0,False,4.5252193317010105,False
841,0.0,65.39999999999999,0.0,False,4.496758832759495,False
842,0.0,65.39999999999999,0.0,False,4.468298333817979,False
843,0.0,65.39999999999999,0.0,False,4.439837834876464,False
844,0.0,65.39999999999999,0.0,False,4.411377335934948,False
845,0.0,65.39999999999999,0.0,False,4.382916836993433,False
846,0.0,65.39999999999999,0.0,False,4.354456338051917,False
847,0.0,65.39999999999999,0.0,False,4.325995839110401,False
848,0.0,65.39999999999999,0.0,False,4.297535340168886,False
849,0.0,65.39999999999999,0.0,False,4.26907484122737,False
850,0.0,65.39999999999999,0.0,False,4.240614342285855,False
851,0.0,65.39999999999999,0.0,False,4.212153843344339,False
852,0.0,65.39999999999999,0.0,False,4.1836933444028235,False
853,0.0,65.39999999999999,0.0,False,4.155232845461308,False
854,0.0,65.39999999999999,0.0,False,4.126772346519792,False
855,0.0,65.39999999999999,0.0,False,4.098311847578277,False
856,0.0,65.39999999999999,0.0,False,4.069851348636761,False
857,0.0,65.39999999999999,0.0,False,4.0413908496952455,False
858,0.0,65.39999999999999,0.0,False,4.01293035075373,False
859,0.0,65.39999999999999,0.0,False,3.9844698518122144,False
860,0.0,65.39999999999999,0.0,False,3.9560093528706988,False
861,0.0,65.39999999999999,0.0,False,3.927548853929183,False
862,0.0,65.39999999999999,0.0,False,3.8990883549876676,False
863,0.0,65.39999999999999,0.0,False,3.870627856046152,False
864,0.0,65.39999999999999,0.0,False,3.8421673571046364,False
865,0.0,65.39999999999999,0.0,False,3.813706858163121,False
866,0.0,65.39999999999999,0.0,False,3.7852463592216052,False
867,0.0,65.39999999999999,0.0,False,3.7567858602800897,False
868,0.0,65.39999999999999,0.0,False,3.728325361338574,False
869,0.0,65.39999999999999,0.0,False,3.6998648623970585,False
870,0.0,65.39999999999999,0.0,False,3.671404363455543,False
871,0.0,65.39999999999999,0.0,False,3.6429438645140273,False
872,0.0,65.39999999999999,0.0,False,3.6144833655725117,False
873,0.0,65.39999999999999,0.0,False,3.586022866630996,False
874,0.0,65.39999999999999,0.0,False,3.5575623676894805,False
875,0.0,65.39999999999999,0.0,False,3.529101868747965,False
876,0.0,65.39999999999999,0.0,False,3.5006413698064494,False
877,0.0,65.39999999999999,0.0,False,3.4721808708649338,False
878,0.0,65.39999999999999,0.0,False,3.443720371923418,False
879,0.0,65.39999999999999,0.0,False,3.4152598729819026,False
880,0.0,65.39999999999999,0.0,False,3.386799374040387,False
881,0.0,65.39999999999999,0.0,False,3.3583388750988714,False
882,0.0,65.39999999999999,0.0,False,3.329878376157356,False
883,0.0,65.39999999999999,0.0,False,3.3014178772158402,False
884,0.0,65.39999999999999,0.0,False,3.2729573782743246,False
885,0.0,65.39999999999999,0.0,False,3.244496879332809,False
886,0.0,65.39999999999999,0.0,False,3.2160363803912935,False
887,0.0,65.39999999999999,0.0,False,3.187575881449778,False
888,0.0,65.39999999999999,0.0,False,3.1591153825082623,False
889,0.0,65.39999999999999,0.0,False,3.1306548835667467,False
890,0.0,65.39999999999999,0.0,False,3.102194384625231,False
891,0.0,65.39999999999999,0.0,False,3.0737338856837155,False
892,0.0,65.39999999999999,0.0,False,3.0452733867422,False
893,0.0,65.39999999999999,0.0,False,3.0168128878006844,False
894,0.0,65.39999999999999,0.0,False,2.9883523888591688,False
895,0.0,65.39999999999999,0.0,False,2.959891889917653,False
896,0.0,65.39999999999999,0.0,False,2.9314313909761376,False
897,0.0,65.39999999999999,0.0,False,2.902970892034622,False
898,0.0,65.39999999999999,0.0,False,2.8745103930931064,False
899,0.0,65.39999999999999,0.0,False,2.846049894151591,False
900,0.0,65.39999999999999,0.0,False,2.8175893952100752,False
901,0.0,65.39999999999999,0.0,False,2.7891288962685596,False
902,0.0,65.39999999999999,0.0,False,2.760668397327044,False
903,0.0,65.39999999999999,0.0,False,2.7322078983855285,False
904,0.0,65.39999999999999,0.0,False,2.703747399444013,False
905,0.0,65.39999999999999,0.0,False,2.6752869005024973,False
906,0.0,65.39999999999999,0.0,False,2.6468264015609817,False
907,0.0,65.39999999999999,0.0,False,2.618365902619466,False
908,0.0,65.39999999999999,0.0,False,2.5899054036779505,False
909,0.0,65.39999999999999,0.0,False,2.561444904736435,False
910,0.0,65.39999999999999,0.0,False,2.5329844057949193,False
911,0.0,65.39999999999999,0.0,False,2.5045239068534038,False
912,0.0,65.39999999999999,0.0,False,2.476063407911888,False
913,0.0,65.39999999999999,0.0,False,2.4476029089703726,False
914,0.0,65.39999999999999,0.0,False,2.419142410028857,False
915,0.0,65.39999999999999,0.0,False,2.3906819110873414,False
916,0.0,65.39999999999999,0.0,False,2.362221412145826,False
917,0.0,65.39999999999999,0.0,False,2.3337609132043102,False
918,0.0,65.39999999999999,0.0,False,2.3053004142627946,False
919,0.0,65.39999999999999,0.0,False,2.276839915321279,False
920,0.0,65.39999999999999,0.0,False,2.2483794163797635,False
921,0.0,65.39999999999999,0.0,False,2.219918917438248,False
922,0.0,65.39999999999999,0.0,False,2.1914584184967323,False
923,0.0,65.39999999999999,0.0,False,2.1629979195552167,False
924,0.0,65.39999999999999,0.0,False,2.134537420613701,False
925,0.0,65.39999999999999,0.0,False,2.1060769216721855,False
926,0.0,65.39999999999999,0.0,False,2.07761642273067,False
927,0.0,65.39999999999999,0.0,False,2.0491559237891543,False
928,0.0,65.39999999999999,0.0,False,2.0206954248476388,False
929,0.0,65.39999999999999,0.0,False,1.9922349259061234,False
930,0.0,65.39999999999999,0.0,False,1.963774426964608,False
931,0.0,65.39999999999999,0.0,False,1.9353139280230927,False
932,0.0,65.39999999999999,0.0,False,1.9068534290815773,False
933,0.0,65.39999999999999,0.0,False,1.878392930140062,False
934,0.0,65.39999999999999,0.0,False,1.8499324311985466,False
935,0.0,65.39999999999999,0.0,False,1.8214719322570312,False
936,0.0,65.39999999999999,0.0,False,1.7930114333155158,False
937,0.0,65.39999999999999,0.0,False,1.7645509343740005,False
938,0.0,65.39999999999999,0.0,False,1.736090435432485,False
939,0.0,65.39999999999999,0.0,False,1.7076299364909697,False
940,0.0,65.39999999999999,0.0,False,1.6791694375494544,False
941,0.0,65.39999999999999,0.0,False,1.650708938607939,False
942,0.0,65.39999999999999,0.0,False,1.6222484396664236,False
943,0.0,65.39999999999999,0.0,False,1.5937879407249083,False
944,0.0,65.39999999999999,0.0,False,1.565327441783393,False
945,0.0,65.39999999999999,0.0,False,1.5368669428418775,False
946,0.0,65.39999999999999,0.0,False,1.5084064439003622,False
947,0.0,65.39999999999999,0.0,False,1.4799459449588468,False
948,0.0,65.39999999999999,0.0,False,1.4514854460173314,False
949,0.0,65.39999999999999,0.0,False,1.423024947075816,False
950,0.0,65.39999999999999,0.0,False,1.3945644481343007,False
951,0.0,65.39999999999999,0.0,False,1.3661039491927853,False
952,0.0,65.39999999999999,0.0,False,1.33764345025127,False
953,0.0,65.39999999999999,0.0,False,1.3091829513097546,False
954,0.0,65.39999999999999,0.0,False,1.2807224523682392,False
955,0.0,65.39999999999999,0.0,False,1.2522619534267239,False
956,0.0,65.39999999999999,0.0,False,1.2238014544852085,False
957,0.0,65.39999999999999,0.0,False,1.1953409555436931,False
958,0.0,65.39999999999999,0.0,False,1.1668804566021778,False
959,0.0,65.39999999999999,0.0,False,1.1384199576606624,False
960,0.0,65.39999999999999,0.0,False,1.109959458719147,False
961,0.0,65.39999999999999,0.0,False,1.0814989597776317,False
962,0.0,65.39999999999999,0.0,False,1.0530384608361163,False
963,0.0,65.39999999999999,0.0,False,1.024577961894601,False
964,0.0,65.39999999999999,0.0,False,0.9961174629530856,False
965,0.0,65.39999999999999,0.0,False,0.9676569640115702,False
966,0.0,65.39999999999999,0.0,False,0.9391964650700548,False
967,0.0,65.39999999999999,0.0,False,0.9107359661285395,False
968,0.0,65.39999999999999,0.0,False,0.8822754671870241,False
969,0.0,65.39999999999999,0.0,False,0.8538149682455087,False
970,0.0,65.39999999999999,0.0,False,0.8253544693039934,False
971,0.0,65.39999999999999,0.0,False,0.796893970362478,False
972,0.0,65.39999999999999,0.0,False,0.7684334714209626,False
973,0.0,65.39999999999999,0.0,False,0.7399729724794473,False
974,0.0,65.39999999999999,0.0,False,0.7115124735379319,False
975,0.0,65.39999999999999,0.0,False,0.6830519745964165,False
976,0.0,65.39999999999999,0.0,False,0.6545914756549012,False
977,0.0,65.39999999999999,0.0,False,0.6261309767133858,False
978,0.0,65.39999999999999,0.0,False,0.5976704777718704,False
979,0.0,65.39999999999999,0.0,False,0.5692099788303551,False
980,0.0,65.39999999999999,0.0,False,0.5407494798888397,False
981,0.0,65.39999999999999,0.0,False,0.5122889809473243,False
982,0.0,65.39999999999999,0.0,False,0.4838284820058089,False
983,0.0,65.39999999999999,0.0,False,0.4553679830642935,False
984,0.0,65.39999999999999,0.0,False,0.42690748412277807,False
985,0.0,65.39999999999999,0.0,False,0.39844698518126265,False
986,0.0,65.39999999999999,0.0,False,0.3699864862397472,False
987,0.0,65.39999999999999,0.0,False,0.3415259872982318,False
988,0.0,65.39999999999999,0.0,False,0.3130654883567164,False
989,0.0,65.39999999999999,0.0,False,0.28460498941520096,False
990,0.0,65.39999999999999,0.0,False,0.25614449047368554,False
991,0.0,65.39999999999999,0.0,False,0.22768399153217012,False
992,0.0,65.39999999999999,0.0,False,0.1992234925906547,False
993,0.0,65.39999999999999,0.0,False,0.17076299364913927,False
994,0.0,65.39999999999999,0.0,False,0.14230249470762385,False
995,0.0,65.39999999999999,0.0,False,0.11384199576610843,False
996,0.0,65.39999999999999,0.0,False,0.085381496824593,False
997,0.0,65.39999999999999,0.0,False,0.05692099788307759,False
998,0.0,65.39999999999999,0.0,False,0.028460498941562176,False
999,0.0,65.39999999999999,0.0,False,4.676120601843081e-14,False
