round,ucb_reward,pd_reward,ucb_cumulative,pd_cumulative,ucb_produced,pd_produced
0,0.1,0.0,0.1,0.0,True,True
1,0.2,0.1,0.30000000000000004,0.1,True,True
2,0.3,0.4,0.6000000000000001,0.5,True,True
3,0.4,0.2,1.0,0.7,True,True
4,0.0,0.1,1.0,0.7999999999999999,True,True
5,0.0,0.0,1.0,0.7999999999999999,True,True
6,0.0,0.4,1.0,1.2,True,True
7,0.8,0.0,1.8,1.2,True,True
8,0.0,0.3,1.8,1.5,True,True
9,0.0,0.0,1.8,1.5,True,True
10,0.0,0.0,1.8,1.5,True,True
11,0.4,0.0,2.2,1.5,True,True
12,0.3,0.0,2.5,1.5,True,True
13,0.2,0.4,2.7,1.9,True,True
14,0.1,0.4,2.8000000000000003,2.3,True,True
15,0.0,0.0,2.8000000000000003,2.3,True,True
16,0.0,0.0,2.8000000000000003,2.3,True,True
17,0.0,0.0,2.8000000000000003,2.3,True,True
18,0.0,0.0,2.8000000000000003,2.3,True,True
19,0.0,0.0,2.8000000000000003,2.3,True,True
20,0.4,0.0,3.2,2.3,True,True
21,0.0,0.3,3.2,2.5999999999999996,True,True
22,0.0,0.1,3.2,2.6999999999999997,True,True
23,0.2,0.0,3.4000000000000004,2.6999999999999997,True,True
24,0.1,0.6,3.5000000000000004,3.3,True,True
25,0.4,0.0,3.9000000000000004,3.3,True,True
26,0.0,0.2,3.9000000000000004,3.5,True,True
27,0.0,0.0,3.9000000000000004,3.5,True,True
28,0.0,0.3,3.9000000000000004,3.8,True,True
29,0.0,0.2,3.9000000000000004,4.0,True,True
30,0.0,0.2,3.9000000000000004,4.2,True,True
31,0.0,0.0,3.9000000000000004,4.2,True,True
32,0.0,0.0,3.9000000000000004,4.2,True,True
33,0.3,0.0,4.2,4.2,True,True
34,0.4,0.0,4.6000000000000005,4.2,True,True
35,0.1,0.0,4.7,4.2,True,True
36,0.0,0.4,4.7,4.6000000000000005,True,True
37,0.0,0.0,4.7,4.6000000000000005,True,True
38,0.5,0.0,5.2,4.6000000000000005,True,True
39,0.0,0.0,5.2,4.6000000000000005,True,True
40,0.0,0.0,5.2,4.6000000000000005,True,True
41,0.0,0.4,5.2,5.000000000000001,True,True
42,0.0,0.0,5.2,5.000000000000001,True,True
43,0.8,0.0,6.0,5.000000000000001,True,True
44,0.0,0.3,6.0,5.300000000000001,True,True
45,0.2,0.0,6.2,5.300000000000001,True,True
46,0.0,0.5,6.2,5.800000000000001,True,True
47,0.1,0.0,6.3,5.800000000000001,True,True
48,0.4,0.0,6.7,5.800000000000001,True,True
49,0.0,0.0,6.7,5.800000000000001,True,True
50,0.2,0.2,6.9,6.000000000000001,True,True
51,0.0,0.0,6.9,6.000000000000001,True,True
52,0.6,0.0,7.5,6.000000000000001,True,True
53,0.7,0.0,8.2,6.000000000000001,True,True
54,0.0,0.0,8.2,6.000000000000001,True,True
55,0.0,0.0,8.2,6.000000000000001,True,True
56,0.0,0.0,8.2,6.000000000000001,True,True
57,0.0,0.0,8.2,6.000000000000001,True,True
58,0.0,0.0,8.2,6.000000000000001,True,True
59,0.1,0.0,8.299999999999999,6.000000000000001,True,True
60,0.0,0.3,8.299999999999999,6.300000000000001,True,True
61,0.2,0.5,8.499999999999998,6.800000000000001,True,True
62,0.3,0.4,8.799999999999999,7.200000000000001,True,True
63,0.0,0.0,8.799999999999999,7.200000000000001,True,True
64,0.0,0.1,8.799999999999999,7.300000000000001,True,True
65,0.0,0.0,8.799999999999999,7.300000000000001,True,True
66,0.0,0.9,8.799999999999999,8.200000000000001,True,True
67,0.0,0.9,8.799999999999999,9.100000000000001,True,True
68,0.0,0.0,8.799999999999999,9.100000000000001,True,True
69,0.6,0.0,9.399999999999999,9.100000000000001,True,True
70,0.5,0.0,9.899999999999999,9.100000000000001,True,True
71,0.0,0.0,9.899999999999999,9.100000000000001,True,True
72,0.0,0.0,9.899999999999999,9.100000000000001,True,True
73,0.6,0.6,10.499999999999998,9.700000000000001,True,True
74,0.6,0.0,11.099999999999998,9.700000000000001,True,True
75,0.5,0.3,11.599999999999998,10.000000000000002,True,True
76,0.4,0.4,11.999999999999998,10.400000000000002,True,True
77,0.0,0.0,11.999999999999998,10.400000000000002,True,True
78,0.0,0.8,11.999999999999998,11.200000000000003,True,True
79,0.0,0.0,11.999999999999998,11.200000000000003,True,True
80,0.7,0.0,12.699999999999998,11.200000000000003,True,True
81,0.0,0.0,12.699999999999998,11.200000000000003,True,True
82,0.0,0.5,12.699999999999998,11.700000000000003,True,True
83,0.0,0.6,12.699999999999998,12.300000000000002,True,True
84,0.0,0.4,12.699999999999998,12.700000000000003,True,True
85,0.1,0.0,12.799999999999997,12.700000000000003,True,True
86,0.2,0.0,12.999999999999996,12.700000000000003,True,True
87,0.3,0.0,13.299999999999997,12.700000000000003,True,True
88,0.6,0.7,13.899999999999997,13.400000000000002,True,True
89,0.0,0.0,13.899999999999997,13.400000000000002,True,True
90,0.0,0.4,13.899999999999997,13.800000000000002,True,True
91,0.3,0.0,14.199999999999998,13.800000000000002,True,True
92,0.5,0.0,14.699999999999998,13.800000000000002,True,True
93,0.4,0.0,15.099999999999998,13.800000000000002,True,True
94,0.2,0.1,15.299999999999997,13.900000000000002,True,True
95,0.0,0.0,15.299999999999997,13.900000000000002,True,True
96,0.1,0.0,15.399999999999997,13.900000000000002,True,True
97,0.0,0.0,15.399999999999997,13.900000000000002,True,True
98,0.0,0.0,15.399999999999997,13.900000000000002,True,True
99,0.0,0.0,15.399999999999997,13.900000000000002,True,True
100,0.0,0.0,15.399999999999997,13.900000000000002,True,True
101,0.3,0.4,15.699999999999998,14.300000000000002,True,True
102,0.0,0.0,15.699999999999998,14.300000000000002,True,True
103,0.2,0.0,15.899999999999997,14.300000000000002,True,True
104,0.8,0.0,16.699999999999996,14.300000000000002,True,True
105,0.0,0.0,16.699999999999996,14.300000000000002,True,True
106,0.3,0.0,16.999999999999996,14.300000000000002,True,True
107,0.1,0.0,17.099999999999998,14.300000000000002,True,True
108,0.0,0.8,17.099999999999998,15.100000000000003,True,True
109,0.0,0.0,17.099999999999998,15.100000000000003,True,True
110,0.0,0.0,17.099999999999998,15.100000000000003,True,True
111,0.0,0.0,17.099999999999998,15.100000000000003,True,True
112,0.3,0.4,17.4,15.500000000000004,True,True
113,0.8,0.0,18.2,15.500000000000004,True,True
114,0.0,0.0,18.2,15.500000000000004,True,True
115,0.0,0.0,18.2,15.500000000000004,True,True
116,0.0,0.0,18.2,15.500000000000004,True,True
117,0.0,0.0,18.2,15.500000000000004,True,True
118,0.1,0.3,18.3,15.800000000000004,True,True
119,0.3,0.7,18.6,16.500000000000004,True,True
120,0.7,0.0,19.3,16.500000000000004,True,True
121,0.7,0.1,20.0,16.600000000000005,True,True
122,0.0,0.0,20.0,16.600000000000005,True,True
123,0.0,0.0,20.0,16.600000000000005,True,True
124,0.0,0.0,20.0,16.600000000000005,True,True
125,0.0,0.0,20.0,16.600000000000005,True,True
126,0.2,0.0,20.2,16.600000000000005,True,True
127,0.3,0.8,20.5,17.400000000000006,True,True
128,0.0,0.0,20.5,17.400000000000006,True,True
129,0.0,0.0,20.5,17.400000000000006,True,True
130,0.0,0.0,20.5,17.400000000000006,True,True
131,0.0,0.0,20.5,17.400000000000006,True,True
132,0.1,0.5,20.6,17.900000000000006,True,True
133,0.3,0.0,20.900000000000002,17.900000000000006,True,True
134,0.2,0.0,21.1,17.900000000000006,True,True
135,0.0,0.0,21.1,17.900000000000006,True,True
136,0.4,0.0,21.5,17.900000000000006,True,True
137,0.0,0.8,21.5,18.700000000000006,True,True
138,0.0,0.0,21.5,18.700000000000006,True,True
139,0.3,0.0,21.8,18.700000000000006,True,True
140,0.4,0.0,22.2,18.700000000000006,True,True
141,0.1,0.9,22.3,19.600000000000005,True,True
142,0.0,0.0,22.3,19.600000000000005,True,True
143,0.0,0.0,22.3,19.600000000000005,True,True
144,0.2,0.6,22.5,20.200000000000006,True,True
145,0.0,0.9,22.5,21.100000000000005,True,True
146,0.0,0.5,22.5,21.600000000000005,True,True
147,0.3,0.0,22.8,21.600000000000005,True,True
148,0.0,0.0,22.8,21.600000000000005,True,True
149,0.0,0.0,22.8,21.600000000000005,True,True
150,0.3,0.4,23.1,22.000000000000004,True,True
151,0.0,0.0,23.1,22.000000000000004,True,True
152,0.0,0.0,23.1,22.000000000000004,True,True
153,0.1,0.0,23.200000000000003,22.000000000000004,True,True
154,0.4,0.0,23.6,22.000000000000004,True,True
155,0.0,0.0,23.6,22.000000000000004,True,True
156,0.3,0.0,23.900000000000002,22.000000000000004,True,True
157,0.4,0.0,24.3,22.000000000000004,True,True
158,0.0,0.0,24.3,22.000000000000004,True,True
159,0.0,0.0,24.3,22.000000000000004,True,True
160,0.0,0.0,24.3,22.000000000000004,True,True
161,0.5,0.0,24.8,22.000000000000004,True,True
162,0.5,0.0,25.3,22.000000000000004,True,True
163,0.3,0.0,25.6,22.000000000000004,True,True
164,0.0,0.9,25.6,22.900000000000002,True,True
165,0.5,0.0,26.1,22.900000000000002,True,True
166,0.0,0.0,26.1,22.900000000000002,True,True
167,0.0,0.7,26.1,23.6,True,True
168,0.0,0.0,26.1,23.6,True,True
169,0.1,0.0,26.200000000000003,23.6,True,True
170,0.3,0.0,26.500000000000004,23.6,True,True
171,0.0,0.8,26.500000000000004,24.400000000000002,True,True
172,0.0,0.0,26.500000000000004,24.400000000000002,True,True
173,0.0,0.0,26.500000000000004,24.400000000000002,True,True
174,0.4,0.2,26.900000000000002,24.6,True,True
175,0.0,0.7,26.900000000000002,25.3,True,True
176,0.0,0.0,26.900000000000002,25.3,True,True
177,0.0,0.0,26.900000000000002,25.3,True,True
178,0.1,0.2,27.000000000000004,25.5,True,True
179,0.0,0.0,27.000000000000004,25.5,True,True
180,0.0,0.0,27.000000000000004,25.5,True,True
181,0.0,0.0,27.000000000000004,25.5,True,True
182,0.7,0.2,27.700000000000003,25.7,True,True
183,0.7,0.6,28.400000000000002,26.3,True,True
184,0.0,0.0,28.400000000000002,26.3,True,True
185,0.0,0.7,28.400000000000002,27.0,True,True
186,0.3,0.0,28.700000000000003,27.0,True,True
187,0.0,0.0,28.700000000000003,27.0,True,True
188,0.1,0.6,28.800000000000004,27.6,True,True
189,0.0,0.8,28.800000000000004,28.400000000000002,True,True
190,0.0,0.0,28.800000000000004,28.400000000000002,True,True
191,0.5,0.0,29.300000000000004,28.400000000000002,True,True
192,0.3,0.0,29.600000000000005,28.400000000000002,True,True
193,0.0,0.0,29.600000000000005,28.400000000000002,True,True
194,0.0,0.0,29.600000000000005,28.400000000000002,True,True
195,0.0,0.0,29.600000000000005,28.400000000000002,True,True
196,0.2,0.0,29.800000000000004,28.400000000000002,True,True
197,0.3,0.0,30.100000000000005,28.400000000000002,True,True
198,0.8,0.1,30.900000000000006,28.500000000000004,True,True
199,0.0,0.6,30.900000000000006,29.100000000000005,True,True
200,0.0,0.0,30.900000000000006,29.100000000000005,True,True
201,0.0,0.2,30.900000000000006,29.300000000000004,True,True
202,0.0,0.0,30.900000000000006,29.300000000000004,True,True
203,0.4,0.0,31.300000000000004,29.300000000000004,True,True
204,0.3,0.0,31.600000000000005,29.300000000000004,True,True
205,0.0,0.0,31.600000000000005,29.300000000000004,True,True
206,0.0,0.0,31.600000000000005,29.300000000000004,True,True
207,0.0,0.0,31.600000000000005,29.300000000000004,True,True
208,0.0,0.8,31.600000000000005,30.100000000000005,True,True
209,0.0,0.0,31.600000000000005,30.100000000000005,True,True
210,0.0,0.0,31.600000000000005,30.100000000000005,True,True
211,0.3,0.0,31.900000000000006,30.100000000000005,True,True
212,0.0,0.0,31.900000000000006,30.100000000000005,True,True
213,0.0,0.0,31.900000000000006,30.100000000000005,True,True
214,0.2,0.0,32.10000000000001,30.100000000000005,True,True
215,0.1,0.0,32.20000000000001,30.100000000000005,True,True
216,0.0,0.0,32.20000000000001,30.100000000000005,True,True
217,0.6,0.0,32.80000000000001,30.100000000000005,True,True
218,0.6,0.0,33.40000000000001,30.100000000000005,True,True
219,0.6,0.0,34.000000000000014,30.100000000000005,True,True
220,0.6,0.0,34.600000000000016,30.100000000000005,True,True
221,0.0,0.0,34.600000000000016,30.100000000000005,True,True
222,0.0,0.0,34.600000000000016,30.100000000000005,True,True
223,0.0,0.0,34.600000000000016,30.100000000000005,True,True
224,0.0,0.0,34.600000000000016,30.100000000000005,True,True
225,0.2,0.2,34.80000000000002,30.300000000000004,True,True
226,0.9,0.0,35.70000000000002,30.300000000000004,True,True
227,0.0,0.0,35.70000000000002,30.300000000000004,True,True
228,0.0,0.0,35.70000000000002,30.300000000000004,True,True
229,0.0,0.0,35.70000000000002,30.300000000000004,True,True
230,0.3,0.7,36.000000000000014,31.000000000000004,True,True
231,0.0,0.0,36.000000000000014,31.000000000000004,True,True
232,0.1,0.0,36.100000000000016,31.000000000000004,True,True
233,0.4,0.0,36.500000000000014,31.000000000000004,True,True
234,0.0,0.0,36.500000000000014,31.000000000000004,True,True
235,0.5,0.9,37.000000000000014,31.900000000000002,True,True
236,0.0,0.2,37.000000000000014,32.1,True,True
237,0.0,0.0,37.000000000000014,32.1,True,True
238,0.5,0.0,37.500000000000014,32.1,True,True
239,0.0,0.0,37.500000000000014,32.1,True,True
240,0.4,0.9,37.90000000000001,33.0,True,True
241,0.6,0.0,38.500000000000014,33.0,True,True
242,0.6,0.0,39.100000000000016,33.0,True,True
243,0.0,0.0,39.100000000000016,33.0,True,True
244,0.0,0.0,39.100000000000016,33.0,True,True
245,0.9,0.1,40.000000000000014,33.1,True,True
246,0.0,0.0,40.000000000000014,33.1,True,True
247,0.1,0.0,40.100000000000016,33.1,True,True
248,0.9,0.0,41.000000000000014,33.1,True,True
249,0.0,0.0,41.000000000000014,33.1,True,True
250,0.0,0.0,41.000000000000014,33.1,True,True
251,0.0,0.0,41.000000000000014,33.1,True,True
252,0.0,0.0,41.000000000000014,33.1,True,True
253,0.3,0.0,41.30000000000001,33.1,True,True
254,0.0,0.0,41.30000000000001,33.1,True,True
255,0.5,0.0,41.80000000000001,33.1,True,True
256,0.8,0.0,42.60000000000001,33.1,True,True
257,0.0,0.0,42.60000000000001,33.1,True,True
258,0.5,0.0,43.10000000000001,33.1,True,True
259,0.0,0.0,43.10000000000001,33.1,True,True
260,0.2,0.6,43.30000000000001,33.7,True,True
261,0.3,0.0,43.60000000000001,33.7,True,True
262,0.0,0.0,43.60000000000001,33.7,True,True
263,0.0,0.0,43.60000000000001,33.7,True,True
264,0.1,0.0,43.70000000000001,33.7,True,True
265,0.3,0.0,44.00000000000001,33.7,True,True
266,0.0,0.0,44.00000000000001,33.7,True,True
267,0.2,0.0,44.20000000000001,33.7,True,True
268,0.0,0.0,44.20000000000001,33.7,True,True
269,0.0,0.0,44.20000000000001,33.7,True,True
270,0.3,0.0,44.50000000000001,33.7,True,True
271,0.0,0.0,44.50000000000001,33.7,True,True
272,0.5,0.0,45.00000000000001,33.7,True,True
273,0.5,0.0,45.50000000000001,33.7,True,True
274,0.5,0.3,46.00000000000001,34.0,True,True
275,0.5,0.9,46.50000000000001,34.9,True,True
276,0.5,0.0,47.00000000000001,34.9,True,True
277,0.5,0.4,47.50000000000001,35.3,True,True
278,0.5,0.0,48.00000000000001,35.3,True,True
279,0.4,0.0,48.400000000000006,35.3,True,True
280,0.5,0.0,48.900000000000006,35.3,True,True
281,0.0,0.0,48.900000000000006,35.3,True,True
282,0.2,0.0,49.10000000000001,35.3,True,True
283,0.0,0.0,49.10000000000001,35.3,True,True
284,0.1,0.0,49.20000000000001,35.3,True,True
285,0.0,0.0,49.20000000000001,35.3,True,True
286,0.0,0.0,49.20000000000001,35.3,True,True
287,0.0,0.0,49.20000000000001,35.3,True,True
288,0.0,0.0,49.20000000000001,35.3,True,True
289,0.0,0.0,49.20000000000001,35.3,True,True
290,0.0,0.0,49.20000000000001,35.3,True,True
291,0.0,0.0,49.20000000000001,35.3,True,True
292,0.3,0.0,49.50000000000001,35.3,True,True
293,0.0,0.0,49.50000000000001,35.3,True,True
294,0.1,0.0,49.60000000000001,35.3,True,True
295,0.4,0.0,50.00000000000001,35.3,True,True
296,0.0,0.0,50.00000000000001,35.3,True,True
297,0.0,0.0,50.00000000000001,35.3,True,True
298,0.3,0.0,50.300000000000004,35.3,True,True
299,0.0,0.0,50.300000000000004,35.3,True,True
300,0.0,0.0,50.300000000000004,35.3,False,False
301,0.0,0.0,50.300000000000004,35.3,False,False
302,0.0,0.0,50.300000000000004,35.3,False,False
303,0.0,0.0,50.300000000000004,35.3,False,False
304,0.0,0.0,50.300000000000004,35.3,False,False
305,0.0,0.0,50.300000000000004,35.3,False,False
306,0.0,0.0,50.300000000000004,35.3,False,False
307,0.0,0.0,50.300000000000004,35.3,False,False
308,0.0,0.0,50.300000000000004,35.3,False,False
309,0.0,0.0,50.300000000000004,35.3,False,False
310,0.0,0.0,50.300000000000004,35.3,False,False
311,0.0,0.0,50.300000000000004,35.3,False,False
312,0.0,0.0,50.300000000000004,35.3,False,False
313,0.0,0.0,50.300000000000004,35.3,False,False
314,0.0,0.0,50.300000000000004,35.3,False,False
315,0.0,0.0,50.300000000000004,35.3,False,False
316,0.0,0.0,50.300000000000004,35.3,False,False
317,0.0,0.0,50.300000000000004,35.3,False,False
318,0.0,0.0,50.300000000000004,35.3,False,False
319,0.0,0.0,50.300000000000004,35.3,False,False
320,0.0,0.0,50.300000000000004,35.3,False,False
321,0.0,0.0,50.300000000000004,35.3,False,False
322,0.0,0.0,50.300000000000004,35.3,False,False
323,0.0,0.0,50.300000000000004,35.3,False,False
324,0.0,0.0,50.300000000000004,35.3,False,False
325,0.0,0.0,50.300000000000004,35.3,False,False
326,0.0,0.0,50.300000000000004,35.3,False,False
327,0.0,0.0,50.300000000000004,35.3,False,False
328,0.0,0.0,50.300000000000004,35.3,False,False
329,0.0,0.0,50.300000000000004,35.3,False,False
330,0.0,0.0,50.300000000000004,35.3,False,False
331,0.0,0.0,50.300000000000004,35.3,False,False
332,0.0,0.0,50.300000000000004,35.3,False,False
333,0.0,0.0,50.300000000000004,35.3,False,False
334,0.0,0.0,50.300000000000004,35.3,False,False
335,0.0,0.0,50.300000000000004,35.3,False,False
336,0.0,0.0,50.300000000000004,35.3,False,False
337,0.0,0.0,50.300000000000004,35.3,False,False
338,0.0,0.0,50.300000000000004,35.3,False,False
339,0.0,0.0,50.300000000000004,35.3,False,False
340,0.0,0.0,50.300000000000004,35.3,False,False
341,0.0,0.0,50.300000000000004,35.3,False,False
342,0.0,0.0,50.300000000000004,35.3,False,False
343,0.0,0.0,50.300000000000004,35.3,False,False
344,0.0,0.0,50.300000000000004,35.3,False,False
345,0.0,0.0,50.300000000000004,35.3,False,False
346,0.0,0.0,50.300000000000004,35.3,False,False
347,0.0,0.0,50.300000000000004,35.3,False,False
348,0.0,0.0,50.300000000000004,35.3,False,False
349,0.0,0.0,50.300000000000004,35.3,False,False
350,0.0,0.0,50.300000000000004,35.3,False,False
351,0.0,0.0,50.300000000000004,35.3,False,False
352,0.0,0.0,50.300000000000004,35.3,False,False
353,0.0,0.0,50.300000000000004,35.3,False,False
354,0.0,0.0,50.300000000000004,35.3,False,False
355,0.0,0.0,50.300000000000004,35.3,False,False
356,0.0,0.0,50.300000000000004,35.3,False,False
357,0.0,0.0,50.300000000000004,35.3,False,False
358,0.0,0.0,50.300000000000004,35.3,False,False
359,0.0,0.0,50.300000000000004,35.3,False,False
360,0.0,0.0,50.300000000000004,35.3,False,False
361,0.0,0.0,50.300000000000004,35.3,False,False
362,0.0,0.0,50.300000000000004,35.3,False,False
363,0.0,0.0,50.300000000000004,35.3,False,False
364,0.0,0.0,50.300000000000004,35.3,False,False
365,0.0,0.0,50.300000000000004,35.3,False,False
366,0.0,0.0,50.300000000000004,35.3,False,False
367,0.0,0.0,50.300000000000004,35.3,False,False
368,0.0,0.0,50.300000000000004,35.3,False,False
369,0.0,0.0,50.300000000000004,35.3,False,False
370,0.0,0.0,50.300000000000004,35.3,False,False
371,0.0,0.0,50.300000000000004,35.3,False,False
372,0.0,0.0,50.300000000000004,35.3,False,False
373,0.0,0.0,50.300000000000004,35.3,False,False
374,0.0,0.0,50.300000000000004,35.3,False,False
375,0.0,0.0,50.300000000000004,35.3,False,False
376,0.0,0.0,50.300000000000004,35.3,False,False
377,0.0,0.0,50.300000000000004,35.3,False,False
378,0.0,0.0,50.300000000000004,35.3,False,False
379,0.0,0.0,50.300000000000004,35.3,False,False
380,0.0,0.0,50.300000000000004,35.3,False,False
381,0.0,0.0,50.300000000000004,35.3,False,False
382,0.0,0.0,50.300000000000004,35.3,False,False
383,0.0,0.0,50.300000000000004,35.3,False,False
384,0.0,0.0,50.300000000000004,35.3,False,False
385,0.0,0.0,50.300000000000004,35.3,False,False
386,0.0,0.0,50.300000000000004,35.3,False,False
387,0.0,0.0,50.300000000000004,35.3,False,False
388,0.0,0.0,50.300000000000004,35.3,False,False
389,0.0,0.0,50.300000000000004,35.3,False,False
390,0.0,0.0,50.300000000000004,35.3,False,False
391,0.0,0.0,50.300000000000004,35.3,False,False
392,0.0,0.0,50.300000000000004,35.3,False,False
393,0.0,0.0,50.300000000000004,35.3,False,False
394,0.0,0.0,50.300000000000004,35.3,False,False
395,0.0,0.0,50.300000000000004,35.3,False,False
396,0.0,0.0,50.300000000000004,35.3,False,False
397,0.0,0.0,50.300000000000004,35.3,False,False
398,0.0,0.0,50.300000000000004,35.3,False,False
399,0.0,0.0,50.300000000000004,35.3,False,False
400,0.0,0.0,50.300000000000004,35.3,False,False
401,0.0,0.0,50.300000000000004,35.3,False,False
402,0.0,0.0,50.300000000000004,35.3,False,False
403,0.0,0.0,50.300000000000004,35.3,False,False
404,0.0,0.0,50.300000000000004,35.3,False,False
405,0.0,0.0,50.300000000000004,35.3,False,False
406,0.0,0.0,50.300000000000004,35.3,False,False
407,0.0,0.0,50.300000000000004,35.3,False,False
408,0.0,0.0,50.300000000000004,35.3,False,False
409,0.0,0.0,50.300000000000004,35.3,False,False
410,0.0,0.0,50.300000000000004,35.3,False,False
411,0.0,0.0,50.300000000000004,35.3,False,False
412,0.0,0.0,50.300000000000004,35.3,False,False
413,0.0,0.0,50.300000000000004,35.3,False,False
414,0.0,0.0,50.300000000000004,35.3,False,False
415,0.0,0.0,50.300000000000004,35.3,False,False
416,0.0,0.0,50.300000000000004,35.3,False,False
417,0.0,0.0,50.300000000000004,35.3,False,False
418,0.0,0.0,50.300000000000004,35.3,False,False
419,0.0,0.0,50.300000000000004,35.3,False,False
420,0.0,0.0,50.300000000000004,35.3,False,False
421,0.0,0.0,50.300000000000004,35.3,False,False
422,0.0,0.0,50.300000000000004,35.3,False,False
423,0.0,0.0,50.300000000000004,35.3,False,False
424,0.0,0.0,50.300000000000004,35.3,False,False
425,0.0,0.0,50.300000000000004,35.3,False,False
426,0.0,0.0,50.300000000000004,35.3,False,False
427,0.0,0.0,50.300000000000004,35.3,False,False
428,0.0,0.0,50.300000000000004,35.3,False,False
429,0.0,0.0,50.300000000000004,35.3,False,False
430,0.0,0.0,50.300000000000004,35.3,False,False
431,0.0,0.0,50.300000000000004,35.3,False,False
432,0.0,0.0,50.300000000000004,35.3,False,False
433,0.0,0.0,50.300000000000004,35.3,False,False
434,0.0,0.0,50.300000000000004,35.3,False,False
435,0.0,0.0,50.300000000000004,35.3,False,False
436,0.0,0.0,50.300000000000004,35.3,False,False
437,0.0,0.0,50.300000000000004,35.3,False,False
438,0.0,0.0,50.300000000000004,35.3,False,False
439,0.0,0.0,50.300000000000004,35.3,False,False
440,0.0,0.0,50.300000000000004,35.3,False,False
441,0.0,0.0,50.300000000000004,35.3,False,False
442,0.0,0.0,50.300000000000004,35.3,False,False
443,0.0,0.0,50.300000000000004,35.3,False,False
444,0.0,0.0,50.300000000000004,35.3,False,False
445,0.0,0.0,50.300000000000004,35.3,False,False
446,0.0,0.0,50.300000000000004,35.3,False,False
447,0.0,0.0,50.300000000000004,35.3,False,False
448,0.0,0.0,50.300000000000004,35.3,False,False
449,0.0,0.0,50.300000000000004,35.3,False,False
450,0.0,0.0,50.300000000000004,35.3,False,False
451,0.0,0.0,50.300000000000004,35.3,False,False
452,0.0,0.0,50.300000000000004,35.3,False,False
453,0.0,0.0,50.300000000000004,35.3,False,False
454,0.0,0.0,50.300000000000004,35.3,False,False
455,0.0,0.0,50.300000000000004,35.3,False,False
456,0.0,0.0,50.300000000000004,35.3,False,False
457,0.0,0.0,50.300000000000004,35.3,False,False
458,0.0,0.0,50.300000000000004,35.3,False,False
459,0.0,0.0,50.300000000000004,35.3,False,False
460,0.0,0.0,50.300000000000004,35.3,False,False
461,0.0,0.0,50.300000000000004,35.3,False,False
462,0.0,0.0,50.300000000000004,35.3,False,False
463,0.0,0.0,50.300000000000004,35.3,False,False
464,0.0,0.0,50.300000000000004,35.3,False,False
465,0.0,0.0,50.300000000000004,35.3,False,False
466,0.0,0.0,50.300000000000004,35.3,False,False
467,0.0,0.0,50.300000000000004,35.3,False,False
468,0.0,0.0,50.300000000000004,35.3,False,False
469,0.0,0.0,50.300000000000004,35.3,False,False
470,0.0,0.0,50.300000000000004,35.3,False,False
471,0.0,0.0,50.300000000000004,35.3,False,False
472,0.0,0.0,50.300000000000004,35.3,False,False
473,0.0,0.0,50.300000000000004,35.3,False,False
474,0.0,0.0,50.300000000000004,35.3,False,False
475,0.0,0.0,50.300000000000004,35.3,False,False
476,0.0,0.0,50.300000000000004,35.3,False,False
477,0.0,0.0,50.300000000000004,35.3,False,False
478,0.0,0.0,50.300000000000004,35.3,False,False
479,0.0,0.0,50.300000000000004,35.3,False,False
480,0.0,0.0,50.300000000000004,35.3,False,False
481,0.0,0.0,50.300000000000004,35.3,False,False
482,0.0,0.0,50.300000000000004,35.3,False,False
483,0.0,0.0,50.300000000000004,35.3,False,False
484,0.0,0.0,50.300000000000004,35.3,False,False
485,0.0,0.0,50.300000000000004,35.3,False,False
486,0.0,0.0,50.300000000000004,35.3,False,False
487,0.0,0.0,50.300000000000004,35.3,False,False
488,0.0,0.0,50.300000000000004,35.3,False,False
489,0.0,0.0,50.300000000000004,35.3,False,False
490,0.0,0.0,50.300000000000004,35.3,False,False
491,0.0,0.0,50.300000000000004,35.3,False,False
492,0.0,0.0,50.300000000000004,35.3,False,False
493,0.0,0.0,50.300000000000004,35.3,False,False
494,0.0,0.0,50.300000000000004,35.3,False,False
495,0.0,0.0,50.300000000000004,35.3,False,False
496,0.0,0.0,50.300000000000004,35.3,False,False
497,0.0,0.0,50.300000000000004,35.3,False,False
498,0.0,0.0,50.300000000000004,35.3,False,False
499,0.0,0.0,50.300000000000004,35.3,False,False
500,0.0,0.0,50.300000000000004,35.3,False,False
501,0.0,0.0,50.300000000000004,35.3,False,False
502,0.0,0.0,50.300000000000004,35.3,False,False
503,0.0,0.0,50.300000000000004,35.3,False,False
504,0.0,0.0,50.300000000000004,35.3,False,False
505,0.0,0.0,50.300000000000004,35.3,False,False
506,0.0,0.0,50.300000000000004,35.3,False,False
507,0.0,0.0,50.300000000000004,35.3,False,False
508,0.0,0.0,50.300000000000004,35.3,False,False
509,0.0,0.0,50.300000000000004,35.3,False,False
510,0.0,0.0,50.300000000000004,35.3,False,False
511,0.0,0.0,50.300000000000004,35.3,False,False
512,0.0,0.0,50.300000000000004,35.3,False,False
513,0.0,0.0,50.300000000000004,35.3,False,False
514,0.0,0.0,50.300000000000004,35.3,False,False
515,0.0,0.0,50.300000000000004,35.3,False,False
516,0.0,0.0,50.300000000000004,35.3,False,False
517,0.0,0.0,50.300000000000004,35.3,False,False
518,0.0,0.0,50.300000000000004,35.3,False,False
519,0.0,0.0,50.300000000000004,35.3,False,False
520,0.0,0.0,50.300000000000004,35.3,False,False
521,0.0,0.0,50.300000000000004,35.3,False,False
522,0.0,0.0,50.300000000000004,35.3,False,False
523,0.0,0.0,50.300000000000004,35.3,False,False
524,0.0,0.0,50.300000000000004,35.3,False,False
525,0.0,0.0,50.300000000000004,35.3,False,False
526,0.0,0.0,50.300000000000004,35.3,False,False
527,0.0,0.0,50.300000000000004,35.3,False,False
528,0.0,0.0,50.300000000000004,35.3,False,False
529,0.0,0.0,50.300000000000004,35.3,False,False
530,0.0,0.0,50.300000000000004,35.3,False,False
531,0.0,0.0,50.300000000000004,35.3,False,False
532,0.0,0.0,50.300000000000004,35.3,False,False
533,0.0,0.0,50.300000000000004,35.3,False,False
534,0.0,0.0,50.300000000000004,35.3,False,False
535,0.0,0.0,50.300000000000004,35.3,False,False
536,0.0,0.0,50.300000000000004,35.3,False,False
537,0.0,0.0,50.300000000000004,35.3,False,False
538,0.0,0.0,50.300000000000004,35.3,False,False
539,0.0,0.0,50.300000000000004,35.3,False,False
540,0.0,0.0,50.300000000000004,35.3,False,False
541,0.0,0.0,50.300000000000004,35.3,False,False
542,0.0,0.0,50.300000000000004,35.3,False,False
543,0.0,0.0,50.300000000000004,35.3,False,False
544,0.0,0.0,50.300000000000004,35.3,False,False
545,0.0,0.0,50.300000000000004,35.3,False,False
546,0.0,0.0,50.300000000000004,35.3,False,False
547,0.0,0.0,50.300000000000004,35.3,False,False
548,0.0,0.0,50.300000000000004,35.3,False,False
549,0.0,0.0,50.300000000000004,35.3,False,False
550,0.0,0.0,50.300000000000004,35.3,False,False
551,0.0,0.0,50.300000000000004,35.3,False,False
552,0.0,0.0,50.300000000000004,35.3,False,False
553,0.0,0.0,50.300000000000004,35.3,False,False
554,0.0,0.0,50.300000000000004,35.3,False,False
555,0.0,0.0,50.300000000000004,35.3,False,False
556,0.0,0.0,50.300000000000004,35.3,False,False
557,0.0,0.0,50.300000000000004,35.3,False,False
558,0.0,0.0,50.300000000000004,35.3,False,False
559,0.0,0.0,50.300000000000004,35.3,False,False
560,0.0,0.0,50.300000000000004,35.3,False,False
561,0.0,0.0,50.300000000000004,35.3,False,False
562,0.0,0.0,50.300000000000004,35.3,False,False
563,0.0,0.0,50.300000000000004,35.3,False,False
564,0.0,0.0,50.300000000000004,35.3,False,False
565,0.0,0.0,50.300000000000004,35.3,False,False
566,0.0,0.0,50.300000000000004,35.3,False,False
567,0.0,0.0,50.300000000000004,35.3,False,False
568,0.0,0.0,50.300000000000004,35.3,False,False
569,0.0,0.0,50.300000000000004,35.3,False,False
570,0.0,0.0,50.300000000000004,35.3,False,False
571,0.0,0.0,50.300000000000004,35.3,False,False
572,0.0,0.0,50.300000000000004,35.3,False,False
573,0.0,0.0,50.300000000000004,35.3,False,False
574,0.0,0.0,50.300000000000004,35.3,False,False
575,0.0,0.0,50.300000000000004,35.3,False,False
576,0.0,0.0,50.300000000000004,35.3,False,False
577,0.0,0.0,50.300000000000004,35.3,False,False
578,0.0,0.0,50.300000000000004,35.3,False,False
579,0.0,0.0,50.300000000000004,35.3,False,False
580,0.0,0.0,50.300000000000004,35.3,False,False
581,0.0,0.0,50.300000000000004,35.3,False,False
582,0.0,0.0,50.300000000000004,35.3,False,False
583,0.0,0.0,50.300000000000004,35.3,False,False
584,0.0,0.0,50.300000000000004,35.3,False,False
585,0.0,0.0,50.300000000000004,35.3,False,False
586,0.0,0.0,50.300000000000004,35.3,False,False
587,0.0,0.0,50.300000000000004,35.3,False,False
588,0.0,0.0,50.300000000000004,35.3,False,False
589,0.0,0.0,50.300000000000004,35.3,False,False
590,0.0,0.0,50.300000000000004,35.3,False,False
591,0.0,0.0,50.300000000000004,35.3,False,False
592,0.0,0.0,50.300000000000004,35.3,False,False
593,0.0,0.0,50.300000000000004,35.3,False,False
594,0.0,0.0,50.300000000000004,35.3,False,False
595,0.0,0.0,50.300000000000004,35.3,False,False
596,0.0,0.0,50.300000000000004,35.3,False,False
597,0.0,0.0,50.300000000000004,35.3,False,False
598,0.0,0.0,50.300000000000004,35.3,False,False
599,0.0,0.0,50.300000000000004,35.3,False,False
600,0.0,0.0,50.300000000000004,35.3,False,False
601,0.0,0.0,50.300000000000004,35.3,False,False
602,0.0,0.0,50.300000000000004,35.3,False,False
603,0.0,0.0,50.300000000000004,35.3,False,False
604,0.0,0.0,50.300000000000004,35.3,False,False
605,0.0,0.0,50.300000000000004,35.3,False,False
606,0.0,0.0,50.300000000000004,35.3,False,False
607,0.0,0.0,50.300000000000004,35.3,False,False
608,0.0,0.0,50.300000000000004,35.3,False,False
609,0.0,0.0,50.300000000000004,35.3,False,False
610,0.0,0.0,50.300000000000004,35.3,False,False
611,0.0,0.0,50.300000000000004,35.3,False,False
612,0.0,0.0,50.300000000000004,35.3,False,False
613,0.0,0.0,50.300000000000004,35.3,False,False
614,0.0,0.0,50.300000000000004,35.3,False,False
615,0.0,0.0,50.300000000000004,35.3,False,False
616,0.0,0.0,50.300000000000004,35.3,False,False
617,0.0,0.0,50.300000000000004,35.3,False,False
618,0.0,0.0,50.300000000000004,35.3,False,False
619,0.0,0.0,50.300000000000004,35.3,False,False
620,0.0,0.0,50.300000000000004,35.3,False,False
621,0.0,0.0,50.300000000000004,35.3,False,False
622,0.0,0.0,50.300000000000004,35.3,False,False
623,0.0,0.0,50.300000000000004,35.3,False,False
624,0.0,0.0,50.300000000000004,35.3,False,False
625,0.0,0.0,50.300000000000004,35.3,False,False
626,0.0,0.0,50.300000000000004,35.3,False,False
627,0.0,0.0,50.300000000000004,35.3,False,False
628,0.0,0.0,50.300000000000004,35.3,False,False
629,0.0,0.0,50.300000000000004,35.3,False,False
630,0.0,0.0,50.300000000000004,35.3,False,False
631,0.0,0.0,50.300000000000004,35.3,False,False
632,0.0,0.0,50.300000000000004,35.3,False,False
633,0.0,0.0,50.300000000000004,35.3,False,False
634,0.0,0.0,50.300000000000004,35.3,False,False
635,0.0,0.0,50.300000000000004,35.3,False,False
636,0.0,0.0,50.300000000000004,35.3,False,False
637,0.0,0.0,50.300000000000004,35.3,False,False
638,0.0,0.0,50.300000000000004,35.3,False,False
639,0.0,0.0,50.300000000000004,35.3,False,False
640,0.0,0.0,50.300000000000004,35.3,False,False
641,0.0,0.0,50.300000000000004,35.3,False,False
642,0.0,0.0,50.300000000000004,35.3,False,False
643,0.0,0.0,50.300000000000004,35.3,False,False
644,0.0,0.0,50.300000000000004,35.3,False,False
645,0.0,0.0,50.300000000000004,35.3,False,False
646,0.0,0.0,50.300000000000004,35.3,False,False
647,0.0,0.0,50.300000000000004,35.3,False,False
648,0.0,0.0,50.300000000000004,35.3,False,False
649,0.0,0.0,50.300000000000004,35.3,False,False
650,0.0,0.0,50.300000000000004,35.3,False,False
651,0.0,0.0,50.300000000000004,35.3,False,False
652,0.0,0.0,50.300000000000004,35.3,False,False
653,0.0,0.0,50.300000000000004,35.3,False,False
654,0.0,0.0,50.300000000000004,35.3,False,False
655,0.0,0.0,50.300000000000004,35.3,False,False
656,0.0,0.0,50.300000000000004,35.3,False,False
657,0.0,0.0,50.300000000000004,35.3,False,False
658,0.0,0.0,50.300000000000004,35.3,False,False
659,0.0,0.0,50.300000000000004,35.3,False,False
660,0.0,0.0,50.300000000000004,35.3,False,False
661,0.0,0.0,50.300000000000004,35.3,False,False
662,0.0,0.0,50.300000000000004,35.3,False,False
663,0.0,0.0,50.300000000000004,35.3,False,False
664,0.0,0.0,50.300000000000004,35.3,False,False
665,0.0,0.0,50.300000000000004,35.3,False,False
666,0.0,0.0,50.300000000000004,35.3,False,False
667,0.0,0.0,50.300000000000004,35.3,False,False
668,0.0,0.0,50.300000000000004,35.3,False,False
669,0.0,0.0,50.300000000000004,35.3,False,False
670,0.0,0.0,50.300000000000004,35.3,False,False
671,0.0,0.0,50.300000000000004,35.3,False,False
672,0.0,0.0,50.300000000000004,35.3,False,False
673,0.0,0.0,50.300000000000004,35.3,False,False
674,0.0,0.0,50.300000000000004,35.3,False,False
675,0.0,0.0,50.300000000000004,35.3,False,False
676,0.0,0.0,50.300000000000004,35.3,False,False
677,0.0,0.0,50.300000000000004,35.3,False,False
678,0.0,0.0,50.300000000000004,35.3,False,False
679,0.0,0.0,50.300000000000004,35.3,False,False
680,0.0,0.0,50.300000000000004,35.3,False,False
681,0.0,0.0,50.300000000000004,35.3,False,False
682,0.0,0.0,50.300000000000004,35.3,False,False
683,0.0,0.0,50.300000000000004,35.3,False,False
684,0.0,0.0,50.300000000000004,35.3,False,False
685,0.0,0.0,50.300000000000004,35.3,False,False
686,0.0,0.0,50.300000000000004,35.3,False,False
687,0.0,0.0,50.300000000000004,35.3,False,False
688,0.0,0.0,50.300000000000004,35.3,False,False
689,0.0,0.0,50.300000000000004,35.3,False,False
690,0.0,0.0,50.300000000000004,35.3,False,False
691,0.0,0.0,50.300000000000004,35.3,False,False
692,0.0,0.0,50.300000000000004,35.3,False,False
693,0.0,0.0,50.300000000000004,35.3,False,False
694,0.0,0.0,50.300000000000004,35.3,False,False
695,0.0,0.0,50.300000000000004,35.3,False,False
696,0.0,0.0,50.300000000000004,35.3,False,False
697,0.0,0.0,50.300000000000004,35.3,False,False
698,0.0,0.0,50.300000000000004,35.3,False,False
699,0.0,0.0,50.300000000000004,35.3,False,False
700,0.0,0.0,50.300000000000004,35.3,False,False
701,0.0,0.0,50.300000000000004,35.3,False,False
702,0.0,0.0,50.300000000000004,35.3,False,False
703,0.0,0.0,50.300000000000004,35.3,False,False
704,0.0,0.0,50.300000000000004,35.3,False,False
705,0.0,0.0,50.300000000000004,35.3,False,False
706,0.0,0.0,50.300000000000004,35.3,False,False
707,0.0,0.0,50.300000000000004,35.3,False,False
708,0.0,0.0,50.300000000000004,35.3,False,False
709,0.0,0.0,50.300000000000004,35.3,False,False
710,0.0,0.0,50.300000000000004,35.3,False,False
711,0.0,0.0,50.300000000000004,35.3,False,False
712,0.0,0.0,50.300000000000004,35.3,False,False
713,0.0,0.0,50.300000000000004,35.3,False,False
714,0.0,0.0,50.300000000000004,35.3,False,False
715,0.0,0.0,50.300000000000004,35.3,False,False
716,0.0,0.0,50.300000000000004,35.3,False,False
717,0.0,0.0,50.300000000000004,35.3,False,False
718,0.0,0.0,50.300000000000004,35.3,False,False
719,0.0,0.0,50.300000000000004,35.3,False,False
720,0.0,0.0,50.300000000000004,35.3,False,False
721,0.0,0.0,50.300000000000004,35.3,False,False
722,0.0,0.0,50.300000000000004,35.3,False,False
723,0.0,0.0,50.300000000000004,35.3,False,False
724,0.0,0.0,50.300000000000004,35.3,False,False
725,0.0,0.0,50.300000000000004,35.3,False,False
726,0.0,0.0,50.300000000000004,35.3,False,False
727,0.0,0.0,50.300000000000004,35.3,False,False
728,0.0,0.0,50.300000000000004,35.3,False,False
729,0.0,0.0,50.300000000000004,35.3,False,False
730,0.0,0.0,50.300000000000004,35.3,False,False
731,0.0,0.0,50.300000000000004,35.3,False,False
732,0.0,0.0,50.300000000000004,35.3,False,False
733,0.0,0.0,50.300000000000004,35.3,False,False
734,0.0,0.0,50.300000000000004,35.3,False,False
735,0.0,0.0,50.300000000000004,35.3,False,False
736,0.0,0.0,50.300000000000004,35.3,False,False
737,0.0,0.0,50.300000000000004,35.3,False,False
738,0.0,0.0,50.300000000000004,35.3,False,False
739,0.0,0.0,50.300000000000004,35.3,False,False
740,0.0,0.0,50.300000000000004,35.3,False,False
741,0.0,0.0,50.300000000000004,35.3,False,False
742,0.0,0.0,50.300000000000004,35.3,False,False
743,0.0,0.0,50.300000000000004,35.3,False,False
744,0.0,0.0,50.300000000000004,35.3,False,False
745,0.0,0.0,50.300000000000004,35.3,False,False
746,0.0,0.0,50.300000000000004,35.3,False,False
747,0.0,0.0,50.300000000000004,35.3,False,False
748,0.0,0.0,50.300000000000004,35.3,False,False
749,0.0,0.0,50.300000000000004,35.3,False,False
750,0.0,0.0,50.300000000000004,35.3,False,False
751,0.0,0.0,50.300000000000004,35.3,False,False
752,0.0,0.0,50.300000000000004,35.3,False,False
753,0.0,0.0,50.300000000000004,35.3,False,False
754,0.0,0.0,50.300000000000004,35.3,False,False
755,0.0,0.0,50.300000000000004,35.3,False,False
756,0.0,0.0,50.300000000000004,35.3,False,False
757,0.0,0.0,50.300000000000004,35.3,False,False
758,0.0,0.0,50.300000000000004,35.3,False,False
759,0.0,0.0,50.300000000000004,35.3,False,False
760,0.0,0.0,50.300000000000004,35.3,False,False
761,0.0,0.0,50.300000000000004,35.3,False,False
762,0.0,0.0,50.300000000000004,35.3,False,False
763,0.0,0.0,50.300000000000004,35.3,False,False
764,0.0,0.0,50.300000000000004,35.3,False,False
765,0.0,0.0,50.300000000000004,35.3,False,False
766,0.0,0.0,50.300000000000004,35.3,False,False
767,0.0,0.0,50.300000000000004,35.3,False,False
768,0.0,0.0,50.300000000000004,35.3,False,False
769,0.0,0.0,50.300000000000004,35.3,False,False
770,0.0,0.0,50.300000000000004,35.3,False,False
771,0.0,0.0,50.300000000000004,35.3,False,False
772,0.0,0.0,50.300000000000004,35.3,False,False
773,0.0,0.0,50.300000000000004,35.3,False,False
774,0.0,0.0,50.300000000000004,35.3,False,False
775,0.0,0.0,50.300000000000004,35.3,False,False
776,0.0,0.0,50.300000000000004,35.3,False,False
777,0.0,0.0,50.300000000000004,35.3,False,False
778,0.0,0.0,50.300000000000004,35.3,False,False
779,0.0,0.0,50.300000000000004,35.3,False,False
780,0.0,0.0,50.300000000000004,35.3,False,False
781,0.0,0.0,50.300000000000004,35.3,False,False
782,0.0,0.0,50.300000000000004,35.3,False,False
783,0.0,0.0,50.300000000000004,35.3,False,False
784,0.0,0.0,50.300000000000004,35.3,False,False
785,0.0,0.0,50.300000000000004,35.3,False,False
786,0.0,0.0,50.300000000000004,35.3,False,False
787,0.0,0.0,50.300000000000004,35.3,False,False
788,0.0,0.0,50.300000000000004,35.3,False,False
789,0.0,0.0,50.300000000000004,35.3,False,False
790,0.0,0.0,50.300000000000004,35.3,False,False
791,0.0,0.0,50.300000000000004,35.3,False,False
792,0.0,0.0,50.300000000000004,35.3,False,False
793,0.0,0.0,50.300000000000004,35.3,False,False
794,0.0,0.0,50.300000000000004,35.3,False,False
795,0.0,0.0,50.300000000000004,35.3,False,False
796,0.0,0.0,50.300000000000004,35.3,False,False
797,0.0,0.0,50.300000000000004,35.3,False,False
798,0.0,0.0,50.300000000000004,35.3,False,False
799,0.0,0.0,50.300000000000004,35.3,False,False
800,0.0,0.0,50.300000000000004,35.3,False,False
801,0.0,0.0,50.300000000000004,35.3,False,False
802,0.0,0.0,50.300000000000004,35.3,False,False
803,0.0,0.0,50.300000000000004,35.3,False,False
804,0.0,0.0,50.300000000000004,35.3,False,False
805,0.0,0.0,50.300000000000004,35.3,False,False
806,0.0,0.0,50.300000000000004,35.3,False,False
807,0.0,0.0,50.300000000000004,35.3,False,False
808,0.0,0.0,50.300000000000004,35.3,False,False
809,0.0,0.0,50.300000000000004,35.3,False,False
810,0.0,0.0,50.300000000000004,35.3,False,False
811,0.0,0.0,50.300000000000004,35.3,False,False
812,0.0,0.0,50.300000000000004,35.3,False,False
813,0.0,0.0,50.300000000000004,35.3,False,False
814,0.0,0.0,50.300000000000004,35.3,False,False
815,0.0,0.0,50.300000000000004,35.3,False,False
816,0.0,0.0,50.300000000000004,35.3,False,False
817,0.0,0.0,50.300000000000004,35.3,False,False
818,0.0,0.0,50.300000000000004,35.3,False,False
819,0.0,0.0,50.300000000000004,35.3,False,False
820,0.0,0.0,50.300000000000004,35.3,False,False
821,0.0,0.0,50.300000000000004,35.3,False,False
822,0.0,0.0,50.300000000000004,35.3,False,False
823,0.0,0.0,50.300000000000004,35.3,False,False
824,0.0,0.0,50.300000000000004,35.3,False,False
825,0.0,0.0,50.300000000000004,35.3,False,False
826,0.0,0.0,50.300000000000004,35.3,False,False
827,0.0,0.0,50.300000000000004,35.3,False,False
828,0.0,0.0,50.300000000000004,35.3,False,False
829,0.0,0.0,50.300000000000004,35.3,False,False
830,0.0,0.0,50.300000000000004,35.3,False,False
831,0.0,0.0,50.300000000000004,35.3,False,False
832,0.0,0.0,50.300000000000004,35.3,False,False
833,0.0,0.0,50.300000000000004,35.3,False,False
834,0.0,0.0,50.300000000000004,35.3,False,False
835,0.0,0.0,50.300000000000004,35.3,False,False
836,0.0,0.0,50.300000000000004,35.3,False,False
837,0.0,0.0,50.300000000000004,35.3,False,False
838,0.0,0.0,50.300000000000004,35.3,False,False
839,0.0,0.0,50.300000000000004,35.3,False,False
840,0.0,0.0,50.300000000000004,35.3,False,False
841,0.0,0.0,50.300000000000004,35.3,False,False
842,0.0,0.0,50.300000000000004,35.3,False,False
843,0.0,0.0,50.300000000000004,35.3,False,False
844,0.0,0.0,50.300000000000004,35.3,False,False
845,0.0,0.0,50.300000000000004,35.3,False,False
846,0.0,0.0,50.300000000000004,35.3,False,False
847,0.0,0.0,50.300000000000004,35.3,False,False
848,0.0,0.0,50.300000000000004,35.3,False,False
849,0.0,0.0,50.300000000000004,35.3,False,False
850,0.0,0.0,50.300000000000004,35.3,False,False
851,0.0,0.0,50.300000000000004,35.3,False,False
852,0.0,0.0,50.300000000000004,35.3,False,False
853,0.0,0.0,50.300000000000004,35.3,False,False
854,0.0,0.0,50.300000000000004,35.3,False,False
855,0.0,0.0,50.300000000000004,35.3,False,False
856,0.0,0.0,50.300000000000004,35.3,False,False
857,0.0,0.0,50.300000000000004,35.3,False,False
858,0.0,0.0,50.300000000000004,35.3,False,False
859,0.0,0.0,50.300000000000004,35.3,False,False
860,0.0,0.0,50.300000000000004,35.3,False,False
861,0.0,0.0,50.300000000000004,35.3,False,False
862,0.0,0.0,50.300000000000004,35.3,False,False
863,0.0,0.0,50.300000000000004,35.3,False,False
864,0.0,0.0,50.300000000000004,35.3,False,False
865,0.0,0.0,50.300000000000004,35.3,False,False
866,0.0,0.0,50.300000000000004,35.3,False,False
867,0.0,0.0,50.300000000000004,35.3,False,False
868,0.0,0.0,50.300000000000004,35.3,False,False
869,0.0,0.0,50.300000000000004,35.3,False,False
870,0.0,0.0,50.300000000000004,35.3,False,False
871,0.0,0.0,50.300000000000004,35.3,False,False
872,0.0,0.0,50.300000000000004,35.3,False,False
873,0.0,0.0,50.300000000000004,35.3,False,False
874,0.0,0.0,50.300000000000004,35.3,False,False
875,0.0,0.0,50.300000000000004,35.3,False,False
876,0.0,0.0,50.300000000000004,35.3,False,False
877,0.0,0.0,50.300000000000004,35.3,False,False
878,0.0,0.0,50.300000000000004,35.3,False,False
879,0.0,0.0,50.300000000000004,35.3,False,False
880,0.0,0.0,50.300000000000004,35.3,False,False
881,0.0,0.0,50.300000000000004,35.3,False,False
882,0.0,0.0,50.300000000000004,35.3,False,False
883,0.0,0.0,50.300000000000004,35.3,False,False
884,0.0,0.0,50.300000000000004,35.3,False,False
885,0.0,0.0,50.300000000000004,35.3,False,False
886,0.0,0.0,50.300000000000004,35.3,False,False
887,0.0,0.0,50.300000000000004,35.3,False,False
888,0.0,0.0,50.300000000000004,35.3,False,False
889,0.0,0.0,50.300000000000004,35.3,False,False
890,0.0,0.0,50.300000000000004,35.3,False,False
891,0.0,0.0,50.300000000000004,35.3,False,False
892,0.0,0.0,50.300000000000004,35.3,False,False
893,0.0,0.0,50.300000000000004,35.3,False,False
894,0.0,0.0,50.300000000000004,35.3,False,False
895,0.0,0.0,50.300000000000004,35.3,False,False
896,0.0,0.0,50.300000000000004,35.3,False,False
897,0.0,0.0,50.300000000000004,35.3,False,False
898,0.0,0.0,50.300000000000004,35.3,False,False
899,0.0,0.0,50.300000000000004,35.3,False,False
900,0.0,0.0,50.300000000000004,35.3,False,False
901,0.0,0.0,50.300000000000004,35.3,False,False
902,0.0,0.0,50.300000000000004,35.3,False,False
903,0.0,0.0,50.300000000000004,35.3,False,False
904,0.0,0.0,50.300000000000004,35.3,False,False
905,0.0,0.0,50.300000000000004,35.3,False,False
906,0.0,0.0,50.300000000000004,35.3,False,False
907,0.0,0.0,50.300000000000004,35.3,False,False
908,0.0,0.0,50.300000000000004,35.3,False,False
909,0.0,0.0,50.300000000000004,35.3,False,False
910,0.0,0.0,50.300000000000004,35.3,False,False
911,0.0,0.0,50.300000000000004,35.3,False,False
912,0.0,0.0,50.300000000000004,35.3,False,False
913,0.0,0.0,50.300000000000004,35.3,False,False
914,0.0,0.0,50.300000000000004,35.3,False,False
915,0.0,0.0,50.300000000000004,35.3,False,False
916,0.0,0.0,50.300000000000004,35.3,False,False
917,0.0,0.0,50.300000000000004,35.3,False,False
918,0.0,0.0,50.300000000000004,35.3,False,False
919,0.0,0.0,50.300000000000004,35.3,False,False
920,0.0,0.0,50.300000000000004,35.3,False,False
921,0.0,0.0,50.300000000000004,35.3,False,False
922,0.0,0.0,50.300000000000004,35.3,False,False
923,0.0,0.0,50.300000000000004,35.3,False,False
924,0.0,0.0,50.300000000000004,35.3,False,False
925,0.0,0.0,50.300000000000004,35.3,False,False
926,0.0,0.0,50.300000000000004,35.3,False,False
927,0.0,0.0,50.300000000000004,35.3,False,False
928,0.0,0.0,50.300000000000004,35.3,False,False
929,0.0,0.0,50.300000000000004,35.3,False,False
930,0.0,0.0,50.300000000000004,35.3,False,False
931,0.0,0.0,50.300000000000004,35.3,False,False
932,0.0,0.0,50.300000000000004,35.3,False,False
933,0.0,0.0,50.300000000000004,35.3,False,False
934,0.0,0.0,50.300000000000004,35.3,False,False
935,0.0,0.0,50.300000000000004,35.3,False,False
936,0.0,0.0,50.300000000000004,35.3,False,False
937,0.0,0.0,50.300000000000004,35.3,False,False
938,0.0,0.0,50.300000000000004,35.3,False,False
939,0.0,0.0,50.300000000000004,35.3,False,False
940,0.0,0.0,50.300000000000004,35.3,False,False
941,0.0,0.0,50.300000000000004,35.3,False,False
942,0.0,0.0,50.300000000000004,35.3,False,False
943,0.0,0.0,50.300000000000004,35.3,False,False
944,0.0,0.0,50.300000000000004,35.3,False,False
945,0.0,0.0,50.300000000000004,35.3,False,False
946,0.0,0.0,50.300000000000004,35.3,False,False
947,0.0,0.0,50.300000000000004,35.3,False,False
948,0.0,0.0,50.300000000000004,35.3,False,False
949,0.0,0.0,50.300000000000004,35.3,False,False
950,0.0,0.0,50.300000000000004,35.3,False,False
951,0.0,0.0,50.300000000000004,35.3,False,False
952,0.0,0.0,50.300000000000004,35.3,False,False
953,0.0,0.0,50.300000000000004,35.3,False,False
954,0.0,0.0,50.300000000000004,35.3,False,False
955,0.0,0.0,50.300000000000004,35.3,False,False
956,0.0,0.0,50.300000000000004,35.3,False,False
957,0.0,0.0,50.300000000000004,35.3,False,False
958,0.0,0.0,50.300000000000004,35.3,False,False
959,0.0,0.0,50.300000000000004,35.3,False,False
960,0.0,0.0,50.300000000000004,35.3,False,False
961,0.0,0.0,50.300000000000004,35.3,False,False
962,0.0,0.0,50.300000000000004,35.3,False,False
963,0.0,0.0,50.300000000000004,35.3,False,False
964,0.0,0.0,50.300000000000004,35.3,False,False
965,0.0,0.0,50.300000000000004,35.3,False,False
966,0.0,0.0,50.300000000000004,35.3,False,False
967,0.0,0.0,50.300000000000004,35.3,False,False
968,0.0,0.0,50.300000000000004,35.3,False,False
969,0.0,0.0,50.300000000000004,35.3,False,False
970,0.0,0.0,50.300000000000004,35.3,False,False
971,0.0,0.0,50.300000000000004,35.3,False,False
972,0.0,0.0,50.300000000000004,35.3,False,False
973,0.0,0.0,50.300000000000004,35.3,False,False
974,0.0,0.0,50.300000000000004,35.3,False,False
975,0.0,0.0,50.300000000000004,35.3,False,False
976,0.0,0.0,50.300000000000004,35.3,False,False
977,0.0,0.0,50.300000000000004,35.3,False,False
978,0.0,0.0,50.300000000000004,35.3,False,False
979,0.0,0.0,50.300000000000004,35.3,False,False
980,0.0,0.0,50.300000000000004,35.3,False,False
981,0.0,0.0,50.300000000000004,35.3,False,False
982,0.0,0.0,50.300000000000004,35.3,False,False
983,0.0,0.0,50.300000000000004,35.3,False,False
984,0.0,0.0,50.300000000000004,35.3,False,False
985,0.0,0.0,50.300000000000004,35.3,False,False
986,0.0,0.0,50.300000000000004,35.3,False,False
987,0.0,0.0,50.300000000000004,35.3,False,False
988,0.0,0.0,50.300000000000004,35.3,False,False
989,0.0,0.0,50.300000000000004,35.3,False,False
990,0.0,0.0,50.300000000000004,35.3,False,False
991,0.0,0.0,50.300000000000004,35.3,False,False
992,0.0,0.0,50.300000000000004,35.3,False,False
993,0.0,0.0,50.300000000000004,35.3,False,False
994,0.0,0.0,50.300000000000004,35.3,False,False
995,0.0,0.0,50.300000000000004,35.3,False,False
996,0.0,0.0,50.300000000000004,35.3,False,False
997,0.0,0.0,50.300000000000004,35.3,False,False
998,0.0,0.0,50.300000000000004,35.3,False,False
999,0.0,0.0,50.300000000000004,35.3,False,False
